nombre,codigo,descripcion,url
Eau de Toilette Masculino Kaiak Aero 100 ml,NATCHL-111174,"• fragancia moderna | • una explosión refrescante de notas tónicas | • combinadas con el poder de notas verdes, como enebro y ruibarbo | • familia olfativa: aromática | • ocasión: uso diario, para salir",https://www.natura.cl/p/kaiak-aero-eau-de-toilette-masculino/NATCHL-111174
Protector térmico Finalizador Lumina 150ml,NATCHL-148459,"• nuevo envase y mucha más tecnología | • perfecto para quienes usan secador, plancha u otras fuentes de calor | • fórmula que protege hasta 230°C | • mantiene el peinado durante todo el día | • 85% más definición | • hidratación inmediata | • 5 veces menos frizz* | • cabello 2 veces más suave | • 2 veces más brillo | • protege la fibra capilar contra la pérdida de humedad natural* | • nueva fragancia | • fórmula con BioProteína de triple acción + complejo | • con chía y linaza | • producto vegano",https://www.natura.cl/p/protector-termico-150-ml/NATCHL-148459
Desodorante Antitranspirante Roll-on Erva Doce,NATCHL-189412,protege las axilas y perfuma con la icónica fragancia de Natura Erva Doce.• alta protección por hasta 72 horas • cuida la piel con activos naturales • tecnología invisible que no mancha ropa clara ni oscura • bioinnovación: combina lo mejor de la ciencia y la naturaleza • fragancia fresca y natural.,https://www.natura.cl/p/desodorante-antitranspirante-roll-on-erva-doce-70-ml/NATCHL-189412
Body Splash Tododia Cereza Negra y Praliné 200 ml,NATCHL-174618,"transborda tu sensualidad con la fragancia marcante de Cereza Negra y Praliné.• body splash que promueve sensación de frescura y ligereza • posee acción desodorante para el cuerpo • perfumación ligera que mantiene la hidratación de la piel a lo largo del día • fragancia frutal dulce • notas jugosas de cereza negra marcan la salida y revelan el cuerpo floral envolvente de rosa y jazmín. el fondo trae la intensidad de las notas amaderadas de sándalo, envuelto por la dulzura del acorde de praliné.",https://www.natura.cl/p/body-splash-tododia-cereza-negra-y-praline-200-ml/NATCHL-174618
Body Splash Tododia cereza y avellana,NATCHL-95841,"• combinación de notas sorprendentes, traducidas en fragancias irresistibles | • sensación de frescura y ligereza | • hidrata la piel durante todo el día | • 95% de ingredientes naturales | • fragancia dulce y afrutada que atrae y deja huella | • notas de cereza, mora y granada combinadas con flor de ciruelo y avellana | • fondo envolvente que aporta acordes de castaña, almendras y vainilla | • familia olfativa: dulce | • cruelty free | • vegano | • tipo de piel: todo tipo de piel | • subfamilia: afrutada",https://www.natura.cl/p/body-splash-tododia-cereza-y-avellana-200-ml/NATCHL-95841
Crema Hidratante para Manos Ekos Castaña,NATCHL-70983,"48 horas de hidratación para las manos y uñas con el poder antirresequedad de la castaña.• crema de manos hecha con aceite bruto de castaña, rico en omegas 6 y 9 • promueve nutrición intensa • combate los signos de resequedad • hidrata inmediatamente • ayuda a potenciar el brillo de las uñas • textura cremosa de rápida absorción • nuevo empaque 100% aluminio reciclado • la línea Ekos Castaña contribuye a la regeneración de la Amazonía y ayuda a fortalecer el ingreso de 689 familias guardianas de la selva vinculadas a la cosecha sustentable• 97% de origen natural.",https://www.natura.cl/p/crema-hidratante-para-manos-ekos-castana-75-g/NATCHL-70983
Eau de Parfum Masculino Homem Identidad 100 ml,NATCHL-200122,una invitación para expresar la fuerza de tu identidad•una fragancia intensa y sofisticada para celebrar la fuerza de la identidad masculina •aporta la intensidad de notas licorosas de frutos negros combinada con una mezcla exclusiva de maderas latinoamericanas •una opción distintiva con toques que evocan aromas nocturnos como la mora negra •tiene un diseño moderno e imponente en un empaque totalmente negro con letras holográficas que resaltan,https://www.natura.cl/p/perfume-natura-homem-identidad-100-ml/NATCHL-200122
Repuesto Crema nutritiva para cuerpo Tododia cereza y avellana,NATCHL-100605,"• contiene activos: manteca de cacao, prebiótico y aceite de linaza | • combinación equilibrada de ingredientes naturales | • nutrición probiótica que se adapta a tu piel | • 94% de origen natural | • crea una barrera de protección | • deja la piel fuerte y protegida de los daños externos | • estimula la producción de elastina | • combate la resequedad | • acelera la renovación celular | • piel más saludable e iluminada | • fragancia atractiva e intensa | • testado dermatológicamente | • cruelty free | • vegano | • tipo de piel: todo tipo de piel",https://www.natura.cl/p/repuesto-crema-nutritiva-para-cuerpo-tododia-cereza-y-avellana-400-ml/NATCHL-100605
Desodorante Antitranspirante Roll-on Tododia Algodón,NATCHL-189401,"protege las axilas y perfuma con la icónica fragancia de algodón. • alta protección por hasta 72 horas • cuida la piel con activos naturales • tecnología invisible que no mancha la ropa clara y oscura • bioinnovación: combina lo mejor de la ciencia y la naturaleza • fragancia suave y confortable, con notas florales inspiradas en leche de algodón.",https://www.natura.cl/p/desodorante-antitranspirante-roll-on-tododia-algodon-70-ml/NATCHL-189401
Eau de Toilette Femenino Kaiak Aero 100 ml,NATCHL-111178,"la frescura del mar en una fragancia única• el encuentro del viento con el agua del mar cobra vida en Kaiak Aero Femenino • esta fragancia combina el inédito acorde tónico con la lavanda y la peonía, resultando en una explosión de frescura y feminidad • perfecta para mujeres que buscan una experiencia única, refrescante y envolvente • vidrio reciclado: con nuestros envases de vidrio reciclado de alta calidad evitamos el descarte equivalente a 1.6 millones de botellas de perfume al año",https://www.natura.cl/p/eau-de-toilette-kaiak-aero-femenino-100-ml/NATCHL-111178
Eau de Parfum Masculino Homem Potence 100ml,NATCHL-81950,• ingredientes naturales de la biodiversidad brasileña | • notas de cumarú con un toque amaderado intenso | • toque apimentado | • fragancia osada para el hombre que sabe lo que quiere,https://www.natura.cl/p/homem-potence-edp-masculino-homem-100ml/NATCHL-81950
Desodorante Antitranspirante Roll-on Tododia Avellana y Cassis,NATCHL-189408,"protege las axilas y perfuma con la icónica fragancia de avellana y casis. • alta protección por hasta 72 horas • cuida la piel con activos naturales • tecnología invisible que no mancha la ropa clara y oscura • bioinnovación: combina lo mejor de la ciencia y de la naturaleza • fragancia floral ligera, combina la cremosidad de la avellana con el lado llamativo y sensual de las notas de cassis.",https://www.natura.cl/p/desodorante-antitranspirante-roll-on-tododia-avellana-y-cassis-70-ml/NATCHL-189408
Eau de Toilette Femenino Kaiak Clásico 100ml,NATCHL-111176,• frescura icónica | • un clásico de la perfumería brasileña | • explosión cítrica de bergamota y naranja | • notas acuosas y femeninas de jazmín | • revigoriza las energías | • concentración: Eau de Toilette | • familia olfativa: Cítrica | • cruelty free | • vegano,https://www.natura.cl/p/kaiak-clasico-eau-de-toilette-100ml/NATCHL-111176
Crema para el cuerpo Tododia Cereza negra y praliné,NATCHL-174924,"tecnología inteligente, piel profundamente nutrida• crema corporal que acelera la renovación celular • deja la piel saludable e iluminada • con prebióticos que nutren y ayudan a equilibrar la microbiota de la piel • hecho con manteca de cacao que hidrata hasta las capas más profundas y aceite de linaza que ayuda a proteger y fortalecer la piel cuando la piel siente, todo el cuerpo reacciona. la piel nos reconecta con el presente y, al nutrirla, también alimentamos nuestro sentir. Tododia ofrece una línea de cremas nutritivas corporales con fragancias envolventes y texturas cremosas. también cu",https://www.natura.cl/p/crema-para-el-cuerpo-tododia-cereza-negra-y-praline-400-ml/NATCHL-174924
Crema Nutritiva Tododia Cereza y Avellana 400 ml,NATCHL-99183,"hidratación profunda para una piel firme, suave y luminosa• contiene activos: manteca de cacao, prebiótico y aceite de linaza • combinación equilibrada de ingredientes naturales • nutrición prebiótica que se adapta a tu piel y crea una barrera de protección • estimula la producción de elastina • combate la sequedad y deja la piel profundamente nutrida • acelera la renovación celular, dejando la piel saludable y luminosa • fragancia atractiva y duradera • disponible con recarga (refill)",https://www.natura.cl/p/crema-nutritiva-tododia-cereza-y-avellana-400-ml/NATCHL-99183
Desodorante antitranspirante roll-on Homem Clásico,NATCHL-150225,• fragancia atemporal | • combina notas amaderadas y especias | • fórmula suave | • tecnología Dermotech | • oferece protección antitranspirante eficaz sin comprometer la piel | • no mancha la ropa | • sensación de frescor y bienestar durante todo el día | • diseñado para el hombre confiado y elegante | • probado dermatológicamente | • cruelty free | • vegano | • tipo de piel: todo tipo de piel,https://www.natura.cl/p/desodorante-antitranspirante-roll-on-homem-clasico-75-ml/NATCHL-150225
Desodorante Antitranspirante Roll-on Tododia Sin Perfume,NATCHL-189413,protege las axilas hasta por 72 horas.• alta protección por hasta 72 horas • cuida la piel con activos naturales • tecnología invisible que no mancha la ropa clara y oscura • bioinnovación: combina lo mejor de la ciencia y la naturaleza • sin fragancia.,https://www.natura.cl/p/desodorante-antitranspirante-roll-on-tododia-sin-perfume-70-ml/NATCHL-189413
Desodorante Antitranspirante Roll-on Tododia Piel Uniforme,NATCHL-190850,"protege, hidrata y acoge todos los tonos de piel.• alta protección por hasta 72 horas • piel más uniforme*, aclara la piel de las axilas • complejo hidratante con vitamina E y extracto de caléndula que ayudan en la recuperación de la piel • hasta 3 veces más protección contra la resequedad • hasta 5 veces más protección contra la irritación después de la depilación • acción prebiótica que fortalece la microbiota y controla las bacterias causantes del mal olor • tecnología invisible que no mancha la ropa clara y oscura • fragancia exitosa que ya conoces: delicada y armoniosa con notas florales.",https://www.natura.cl/p/desodorante-antitranspirante-roll-on-tododia-piel-uniforme-70-ml/NATCHL-190850
Tónico Anticaída Patauá Ekos 30ml,NATCHL-112776,acelera hasta 3 veces más el crecimiento del cabello con la potencia anticaída del patauá.*• fortalece la raíz desde la formación del cabello y evita la caída transitoria • cabellos más fuertes y anclados al cuero cabelludo • fibra capilar con mayor grosor desde la raíz • el uso continuo del producto potencia los resultados en hasta 40% • hecho con aceite de patauá • la línea Ekos Patauá contribuye a la regeneración de la Amazonía y ayuda a fortalecer los ingresos de 606 familias guardianas de la selva vinculadas a la cosecha sustentable *resultados comprobados en pruebas instrumentales versus,https://www.natura.cl/p/tonico-nocturno-de-crecimiento-ekos-pataua-30-ml/NATCHL-112776
Desodorante antitranspirante en crema Invisible,NATCHL-2179,"• protección invisible: protección prolongada que evita manchas blancas en ropa oscura | • nueva fórmula: tecnología que da 48 horas de protección con complejo hidratante | • cuidado de la piel: exclusivo complejo hidratante con vitamina E, protege, cuidayhidrata",https://www.natura.cl/p/desodorante-antitranspirante-en-crema-invisible-erva-doce-80g/NATCHL-2179
Eau de Toilette Masculino Kaiak Urbe 100ml,NATCHL-111172,"• fragancia masculino con 100ml | • intensidad: moderado | • ingredientes de la biodiversidad brasileña | • fragancia energizante y revitalizante | • salida: menta, notas verdes | • corazón: geranio, albahaca, lavanda | • fondo: ámbar, sándalo, copaíba",https://www.natura.cl/p/kaiak-urbe-eau-de-toilette-masculino-100-ml/NATCHL-111172
Eau de Parfum Femenino Beijo de Humor 75ml,NATCHL-1897,"• concentración: deo colonia | • familia olfativa: frutal | • notas de salida: pera, mandarina, jengibre, cardamomo, canela, priprioca* | • notas de corazón: jazmín, acorde lactónico, ciruela | • notas de fondo: sándalo, cashmeran, musgo, vainilla, etil maltol, acorde calienta el beso”, cacao, cumarú | • cruelty free | • vegano | • ocasión: uso diario, para salir | • subfamilia: dulce",https://www.natura.cl/p/humor-beijos-edt-femenino-75ml/NATCHL-1897
Crema Hidratante para las Manos Ekos Cupuaçu,NATCHL-203476,"crema para manos que promueve 48 horas de hidratación reafirmante• crema hidratante que combate la resequedad de las manos • deja la piel hidratada, suave y protegida • crema con toque seco y rápida absorción • no deja la piel grasa ni pegajosa • no deja residuo blanco en las manos • mejora la firmeza y elasticidad de la piel después de 15 y 30 días de uso • 100% más firmeza y elasticidad* • perfuma la piel con fragancia frutal cítrica dulce • la línea Ekos Cupuaçu contribuye a la regeneración de la Amazonía y ayuda a fortalecer los ingresos de más de 1000 familias guardianas de la selva ligad",https://www.natura.cl/p/crema-hidratante-para-manos-ekos-cupuacu-75-g/NATCHL-203476
Eau de Toilette Femenino Kriska Shock 100ml,NATCHL-83323,"• concentración: deo colonia | • familia olfativa: dulce | • notas de salida: frutos rojos, manzana, frambuesa, pimienta rosa | • notas de corazón: jazmín, peonía rosa, orquídea-vainilla | • notas de fondo: almizcle (musk), vainilla, ámbar, notas gourmand, maltol, caramelo | • cruelty free | • vegana | • ocasión: uso diario, para salir | • subfamilia: frutal",https://www.natura.cl/p/kriska-shock-eau-de-toilette-femenino/NATCHL-83323
Desodorante Antitranspirante Roll-on Tododia Mora y Flor de Durazno,NATCHL-181134,protege por 72 horas y perfuma las axilas con la nueva fragancia de verano de Tododia.• cuidado e hidratación: la fórmula posee un complejo hidratante con vitamina E para tus axilas • formato diferenciado para un mejor aprovechamiento: envase de 70 ml que rinde un 40% más que los desodorantes que se encuentran comúnmente en el mercado • 72 horas de protección desodorante y acción antitranspirante • acción prebiótica: esta tecnología controla las bacterias que causan el mal olor • protección invisible: no mancha la ropa clara ni la oscura • Mora y Flor de Durazno es una fragancia para hacer tu ,https://www.natura.cl/p/desodorante-antitranspirante-roll-on-tododia-mora-y-flor-de-durazno-70-ml/NATCHL-181134
Repuesto Shampoo Hidratación Mora y Óleo de coco Tododia,NATCHL-173585,• versión recarga más sostenible y económica | • cuida tu cabello con Tecnología Prebiótica | • fórmula con aceite de coco | • limpieza justa y equilibrada | • sin sulfatos y con fórmula hidratante | • evita la formación de nuevos nudos | • posee una fragancia deliciosa con notas florales y de mora | • tipo de cabello: rizado y crespo | • cruelty free | • vegano,https://www.natura.cl/p/tododia-shampoo-rizos-300-ml/NATCHL-173585
Repuesto Eau de Parfum Femenino Essencial Exclusivo 100ml,NATCHL-110251,"• concentración: eau de parfum | • familia olfativa: floral | • notas de salida: mandarina, naranja, manzana, frambuesa, frutos rojos, cassis | • notas de cuerpo: rosa natural, magnolia, pétalos de jazmín, fresia, lirio | • notas de fondo: madera preciosa, ámbar, almizcle, sándalo, durazno aterciopelado y vetiver | • fragancia que resalta tu esencia | • cruelty free | • vegano | • ocasión: para salir, ocasiones especiales | • subfamilia: cítrica | • envase sostenible",https://www.natura.cl/p/repuesto-essencial-exclusivo-femenino-100ml/NATCHL-110251
Repuesto Acondicionador Hidratación Mora y Óleo de coco,NATCHL-173589,• versión recarga más sostenible y económica | • cuida tu cabello con tecnología prebiótica | • fórmula con aceite de coco | • textura que facilita el desenredado durante el baño | • deja el cabello más suave | • posee una fragancia deliciosa con notas florales y de mora | • tipo de cabello: rizado y crespo | • cruelty free | • vegano,https://www.natura.cl/p/tododia-acondicionador-rizos-280-ml/NATCHL-173589
Crema Nutritiva Para Manos Tododia Cereza y Avellana 50 ml,NATCHL-95937,"• contiene activos: manteca de cacao, prebiótico y aceite de linaza | • hidrata hasta las capas más profundas y reduce el crecimiento de cutículas | • acción prebiótica que alimenta la flora de tu piel | • manos suaves y secas | • textura ligera y cremosa de rápida absorción | • 92% de ingredientes naturales | • fragancia atractiva y duradera con notas frutales dulces | • mantiene el brillo del esmalte por mucho más tiempo | • cruelty free | • vegano | • tipo de piel: todo tipo de piel",https://www.natura.cl/p/crema-nutritiva-para-manos-tododia-cereza-y-avellana-50-ml/NATCHL-95937
Body Splash Tododia Fresa y Vainilla Dorada,NATCHL-205937,"un suspiro indulgente que evoca recuerdos dulces• sensación de frescura y ligereza que le da el toque final al cuidado de cada día • hidratación ligera de la piel: mantiene la hidratación de la piel a lo largo del día • una experiencia sensorial deliciosa e irresistible, con la fragancia dulce floral que envuelve y encanta • las notas suculentas de fresa, combinadas con la ciruela, revelan una salida alegre. estas se equilibran con un cuerpo floral que encanta con notas de rosa y jazmín. el fondo es indulgente y envuelve con el calor gourmand de la vainilla dorada y el sándalo",https://www.natura.cl/p/body-splash-tododia-fresa-y-vainilla-dorada-200-ml/NATCHL-205937
Óleo bifásico corporal Tododia Cereza negra y praliné,NATCHL-174926,"Óleo bifásico corporal Tododia Cereza negra y praliné Sorprendente fragancia con notas dulces.Piel suaveyhidratada: realza la luminosidad natural de la piel.Cuidado y protección: protege la piel contra los signos de sequedad.Modo de usoAplique tanta cantidad como desee. Para una hidratación suave, enjuague. Para combatir los signos intensos de resequedad, aplicar sobre la piel húmeda sin enjuagar. No usar en el rostro.Contenido120 mlSobre la línea TododiaCuando la piel siente, todo el cuerpo reacciona, la piel nos reconecta con el presente y al nutrirla, alimentamos también nuestro sentir. Tod",https://www.natura.cl/p/oleo-bifasico-corporal-tododia-cereza-negra-y-praline-120-ml/NATCHL-174926
Eau de Toilette Masculino Kaiak Oceano 100ml,NATCHL-111175,"• experiencia: una fragancia que te invita a experimentar la emoción única de explorar la inmensidad azul del océano | • ingredientes Clave: Combina notas frescas de algas marinas con las notas saladas de la pataqueira, un ingrediente de la biodiversidad brasileña | • fondo Intenso: Esta frescura se une a la densidad del ámbar marino y de las maderas oscuras | • resultado: Un aroma que equilibra una intensa frescura marina con un fondo amaderado y profundo | • familia olfativa: aromático | • notas de salida: pimienta negra, algas atlánticas, pataqueira | • notas de corazón: Salvia, lavanda, co",https://www.natura.cl/p/kaiak-oceano-eau-de-toilette-masculino-100ml/NATCHL-111175
Desodorante Antitranspirante Roll-on Tododia Hierba Limón y Menta,NATCHL-189415,"protege las axilas y perfuma con la icónica fragancia de hierba limón y menta.• alta protección por hasta 72 horas • cuida la piel con activos naturales • tecnología invisible que no mancha la ropa clara y oscura • bioinnovación: combina lo mejor de la ciencia y la naturaleza • fragancia revitalizante y radiante, con notas cítricas inspiradas en hierba limón y menta.",https://www.natura.cl/p/desodorante-antitranspirante-roll-on-tododia-hierba-limon-y-menta-70-ml/NATCHL-189415
Eau de Parfum Femenino Essencial Exclusivo Floral 100ml,NATCHL-93620,"• creación impactante y, al mismo tiempo, misteriosa | • combina especias frescas con la intensidad de las maderas | • jazmín, osmanthus, ylang-ylang | • ingredientes naturales brasileños inéditos | • perfume que hace único cada momento",https://www.natura.cl/p/essencial-exclusivo-floral--edp-femenina-100-ml/NATCHL-93620
Kit repuestos jabón líquido Tododia avellana y casis,NATCHL-164999,tipo de piel: todo tipo de piel,https://www.natura.cl/p/kit-repuestos-jabon-liquido-tododia-avellana-y-casis/NATCHL-164999
Pulpa Hidratante para manos Ekos Cacao,NATCHL-162222,• contiene bioactivo: manteca bruta de cacao | • perfuma con una fragancia cítrica y dulce | • combate la resequedad | • hidrata por hasta 72 horas | • estimula hasta 2 veces más la producción de colágeno | • dermatológicamente probado | • libre de crueldad animal | • vegano | • para todo tipo de piel | • edición limitada,https://www.natura.cl/p/pulpa-hidratante-para-manos-ekos-cacao-75-g/NATCHL-162222
Protector térmico Fuerza y Reparación Molecular Lumina 150ml,NATCHL-164518,"blinda el cabello para un 80% menos de frizzProtector Térmico Fuerza y reparación molecular LuminaAcción antihumedad que blinda al cabello para reducir el frizz en un 80%. Brillo intenso. Alta proteccióntérmica (hasta 250C).Contenido150 mlSobre la línea Lumina:Tratamiento capilar de alta tecnología para revelar la belleza única que hay en toda mujer y en todo cabello. Natura Lumina. Tu cabello, tu verdad.Cabello regenerado en la medida exacta de cada daño. Reducción de hasta un 70% en la porosidad de los cabellos. Cabellos saludables desde la primera aplicación.",https://www.natura.cl/p/protector-termico-lumina-fuerza-y-reparacion-molecular-150-ml/NATCHL-164518
Eau de Parfum Masculino Kaiak K 100ml,NATCHL-69062,"• contenido: 100 ml | • camino olfativo inédito en el mercado | • aroma intenso | • fragancias intensas y duraderas | • frescura revitalizante e intensa | • salida: menta, bergamota, nuez moscada, pimienta negra, lavanda | • corazón: violeta, enebro, geranio | • fondo: patchouli, ámbar, camuru, cedro",https://www.natura.cl/p/kaiak-k--edp-masculino-100ml/NATCHL-69062
Bálsamo Labial Tododia Cereza,NATCHL-174922,"hidratación profunda para labios cada día más saludables.• fórmula con emolientes de origen natural • hidrata profundamente • deja los labios cada día más saludables • posee cobertura ligera en color cereza, resaltando la belleza natural de los labios • textura cremosa que facilita el deslizamiento • ideal para llevar en el bolso.",https://www.natura.cl/p/balsamo-labial-tododia-cereza-27-g/NATCHL-174922
Repuesto Frescor Castaña Eau de Toilette Ekos 150ml,NATCHL-118996,"• salida: bergamota, naranja, limón, lavanda, mandarina, verdes naturales | • corazón: jazmín, ylang ylang, muguet | • fondo: almizcle, cedro, sándalo, musgo de roble, almendra | • concentración: deo colonia | • familia olfativa: dulce | • fragancia: frutal ligera, con notas dulces y almendradas de la castaña* | • cruelty free | vegano | • ocasión: día a día, post ducha | • subfamilia: floral | • contenido: 150 ml",https://www.natura.cl/p/frescor-eau-de-toilette-ekos-castana-150-ml/NATCHL-118996
Jabón Líquido en Gel Tododia Cereza y Avellana,NATCHL-95843,"perfuma y limpia sin agredir, respetando el pH natural de la piel.• fórmula con una cuidadosa combinación de ingredientes de origen natural, que limpian sin agredir la microbiota de la piel • mantiene la piel hidratada, perfumada y protegida • limpieza suave que no agrede, no reseca y respeta tu piel • espuma cremosa y abundante • textura en gel y fragancia atractiva para un baño aún más placentero • fragancia atractiva y distintiva con notas dulces frutales • rinde para muchos baños, para más momentos de autocuidado • 94% de ingredientes naturales.",https://www.natura.cl/p/jabon-liquido-en-gel-tododia-cereza-y-avellana-300-ml/NATCHL-95843
Eau de Toilette Masculino Kaiak Clásico 100ml,NATCHL-111171,"• concentración: deo colonia | • familia olfativa: aromática | • notas de salida: bergamota, mandarina, agujas de pino | • notas de corazón: dihidromircenol, muguete, maderas transparentes | • notas de fondo: musk, musgo de roble, sándalo | • cruelty free | • vegano | • ocasión: día a día, para salir | • subfamilia: acuosa",https://www.natura.cl/p/kaiak-clasico-eau-de-toilette-masculino-100-ml/NATCHL-111171
Jabones en Barra Puro Vegetal Tododia Cereza Negra y Praliné,NATCHL-174494,"jabón cremoso para una limpieza suave que deja la piel perfumada.• cuidado diario que mantiene la hidratación de tu piel • jabón con activo hidratante que limpia sin resecar la piel • rutina de baño para una piel hidratada, protegida y fragante • textura cremosa, toque suave y deliciosas nubes de espuma perfumada • baño revitalizante que promueve sensación de frescura y suavidad en la piel • fragancia sensual y sofisticada con el dulce frutal de Cereza Negra y Praliné • jabón en barra con 94% de ingredientes naturales. contiene 1 caja con 5 jabones en barra de 90 gramos cada uno.",https://www.natura.cl/p/jabones-en-barra-puro-vegetal-tododia-cereza-negra-y-praline-1-caja-con-5-unidades-de-90-g-cada-uno/NATCHL-174494
Eau de Parfum Femenino Essencial Exclusivo 100ml,NATCHL-93618,"• fragancia floral cítrica | • salida: mandarina, naranja, manzana, frambuesa, frutos rojos, cassis | • cuerpo: rosa natural, magnolia, pétalos de jazmín, fresia, lirio | • fondo: maderas nobles, ámbar, almizcle, sándalo, durazno aterciopelado, vetiver | • para quienes aman reinventarse",https://www.natura.cl/p/essencial-exclusivo-edp-femenino-100ml/NATCHL-93618
Jabón en barra puro vegetal Tododia cereza y avellana,NATCHL-95840,• perfuma y limpia manteniendo la hidratación natural de la piel | • testado dermatológicamente | • cuidadosa combinación de ingredientes de origen natural que mantienen la hidratación de tu piel | • piel perfumada y protegida | • limpia profundamente sin resecar | • textura cremosa | • fragancia atractiva e intensa con notas dulces y frutales | • 94% de ingredientes naturales | • cruelty free | • vegano | • tipo de piel: todo tipo de piel,https://www.natura.cl/p/jabon-en-barra-puro-vegetal-tododia-cereza-y-avellana-caja-con-5-unidades-de-90-g-cu/NATCHL-95840
Kit Antiseñales +60 Chronos,NATCHL-206789,"No lncluye bolsaKit Antiseñales +60 ChronosBiociencia Chonos, ciencia de la vitalidad celular.Unión de potentes bioactivos (ingredientes de la biodiversidad brasilera) y dermoactivos (ingredientes dermatológicos)Dos veces más Ácido Hialurónico para tu piel.+ 93%relleno y volumen del rostro.*+ 80% mejora del contorno facia.l**.Suaviza los impactos causados en la piel por la post menopausia:Activa la vitalidad celular.***Reduce arrugas profundas.Rellena, restaurando el volumen.Revitaliza la piel.*resultados de estímulo en la piel en 30 días.**porcentaje de mujeres con resultados de pruebas clíni",https://www.natura.cl/p/kit-antisenales-60-chronos/NATCHL-206789
Kit Antiseñales +45 Chronos,NATCHL-206788,"No lncluye bolsaKit Antiseñales +45 ChronosBiociencia Chonos, ciencia de la vitalidad celular.Unión de potentes bioactivos (ingredientes de la biodiversidad brasilera) y dermoactivos (ingredientes dermatológicos)Más colágeno y elastina para la piel.+ 96% firmeza y elasticidad. *Activa la vitalidad celular. **Reduce arrugas.Reafirma la piel.Uniformiza la textura y el tono.Ilumina inmediatamente.*resultados de estímulo en la piel en 30 días.**porcentaje de mujeres con resultados de pruebas clínicas e instrumentales.***resultado obtenido mediante tecnología exclusiva de Biociência Chronos.Conteni",https://www.natura.cl/p/kit-antisenales-45-chronos/NATCHL-206788
Primer Blur Una,NATCHL-59313,"• luce una piel suave y natural con su fórmula de partículas difusoras que disimula los poros y las líneas de expresión, mientras prolonga la duración del maquillaje | • efecto matte | • producto sin color | • para todos los tipos de piel",https://www.natura.cl/p/blur-instantaneo-formula-gel-una-30ml/NATCHL-59313
Eau de Parfum Femenino Natura Aura Alba 75 ml,NATCHL-178907,"nuevo perfume femenino con el exclusivo aceite natural de la Rosa Alba de Konare, en Bulgaria.• el más puro aceite natural de la Rosa Alba de Konare, exclusivo terroir en Bulgaria, por primera vez en perfume • fragancia elegante, moderna y potente • una nueva interpretación del clásico camino floral • con la cremosidad de la flor de miel, las notas jugosas del lichi y el confort del sándalo y del pachulí • perfume con alta fijación y larga duración.",https://www.natura.cl/p/perfume-natura-aura-alba-75-ml/NATCHL-178907
Óleo finalizador Anticaída Patauá Ekos 60ml,NATCHL-122499,"cabellos más fuertes y 2 veces más iluminados con la potencia anticaída del patauá.*• fortalece hasta 4 veces más la fibra capilar contra la rotura** • cabellos leves, fuertes y hasta 2 veces más iluminados** • cabello más resistente y con cuerpo • hecho con aceite de patauá • la línea Ekos Patauá contribuye a la regeneración de la Amazonía y ayuda a fortalecer los ingresos de 606 familias guardianas de la selva vinculadas a la cosecha sustentable• 97% de origen natural. *resultados comprobados de reducción de caída por rotura *resultados comprobados en pruebas instrumentales versus shampoo ba",https://www.natura.cl/p/aceite-fortalecedor-finalizador-ekos-pataua-60-ml/NATCHL-122499
Eau de Parfum Femenino Essencial Oud 100ml,NATCHL-93641,"• aroma amaderadoyintenso | • con exquisita madera de oud, combinada con el calor de la copaiba y toques florales que realzan su carácter único | • ideal para ocasiones especiales",https://www.natura.cl/p/essencial-oud--edp-femenina-essencial-100-ml/NATCHL-93641
Aceite trifásico corporal Ekos Maracuyá Repuesto,NATCHL-112783,"• cuidamos del planeta siendo más económicos para tu bolsillo | • antiestrés cutáneo | • sensación de relajación y bienestar | • uso con o sin enjuague | • hidrata, realza el tono de la piel y forma una película protectora sobre el cuerpo | • nuevas fórmulas más potentes | • hidratación durante todo el día | • envases ecoeficientes: fabricados con plástico reciclado | • fórmulas biocompatibles con la piel y altamente biodegradables en el medio ambiente | • con bioactivos en estado bruto de la amazonía, para conservar al máximo su potencia | • libres de aceites minerales, parabenos y siliconas ",https://www.natura.cl/p/aceite-trifasico-corporal-ekos-maracuya-repuesto-200-ml/NATCHL-112783
Kit Completo Ekos Patauá,NATCHL-241012,ritual de cuidados para cabellos más resistentes con la potencia anticaída del patauá.• shampoo que fortalece la fibra capilar • prepara el cabello para el ritual de tratamiento capilar biocosmético anticaída¹ • cabello más fuerte y resistente • acondicionador que deja el cabello 9 veces más resistente² • desenreda el cabello y fortalece la fibra capilar • deja el cabello hasta 2 veces más resistente a la rotura³ • cabello más fuerte y con cuerpo sin perder movimiento • mascarilla que acelera el fortalecimiento y resistencia de la fibra capilar • recupera el cabello debilitado • tónico nocturn,https://www.natura.cl/p/kit-completo-ekos-pataua/NATCHL-241012
Regalo Padres EDP Homem Coragio + Jabón + Shampoo,NATCHL-247081,"celebra la valentía y la autenticidad• siente el estremecimiento en la piel de las notas metálicas de especias frías y el calor de la madera copaíba y del cumarú, ingredientes naturales de la biodiversidad brasileña • fragancia que exhala coraje y autenticidad • perfume de intensidad y duración prolongadas • el jabón en barra 2 en 1 es perfecto para el hombre que valora la practicidad en la rutina de cuidados • su fórmula puede usarse para limpiar y proteger la piel de todo el cuerpo y también para facilitar el deslizamiento de la hoja al afeitarse • hecho con Tecnología DermoTech que cuida y ",https://www.natura.cl/p/regalo-padres-natura-hombre-coragio-jabon-y-shampoo/NATCHL-247081
Repuesto Shampoo Hidratación Manzana verde y Aloe Vera,NATCHL-154868,"• hidrata hasta las puntas sin apelmazar | • deja el cabello con más movimiento | • fórmula con Tecnología Prebiótica | • cuida el cabello desde la raíz hasta las puntas | • ideal para uso diario | • equilibra el cabello | • fórmula ultraligera | • purifica la raíz | • cabello suelto por mucho más tiempo | • fragancia fresca y delicada, con notas de manzana verde | • para todo tipo de curvaturas",https://www.natura.cl/p/shampoo-hidratante-tododia-manzana-verde-y-aloe-vera-300-ml/NATCHL-154868
Crema Hidratante para las Manos Ekos Castaña,NATCHL-95133,"48 horas de hidratación para las manos y uñas con el poder antirresequedad de la castaña.• crema de manos hecha con aceite bruto de castaña, rico en omegas 6 y 9 • promueve nutrición intensa • combate los signos de resequedad • hidrata inmediatamente • ayuda a potenciar el brillo de las uñas • textura cremosa de rápida absorción • nuevo empaque 100% aluminio reciclado • la línea Ekos Castaña contribuye a la regeneración de la Amazonía y ayuda a fortalecer el ingreso de 689 familias guardianas de la selva vinculadas a la cosecha sustentable• 97% de origen natural.",https://www.natura.cl/p/crema-hidratante-para-manos-ekos-castana-40-g/NATCHL-95133
Eau de Toilette Femenino Kaiak Aventura 100ml,NATCHL-111177,"• concentración: eau de toilette | • gota olfativa: floral | • notas de salida: notas ozónicas, notas verdes, mandarina | • notas de corazón: peonía, muguet, jazmín | • notas de fondo: musk, cedro, sándalo | • cruelty free | • vegano | • ocasión: día a día, para salir | • subfamilia: acuosa",https://www.natura.cl/p/kaiak-aventura-eau-de-toilette-femenina-100ml/NATCHL-111177
Repuesto Crema para peinar Mora y Óleo de coco Tododia 280ml,NATCHL-173586,• versión recarga más sostenible y económica | • cuida tu cabello con tecnología prebiótica | • fórmula con aceite de coco | • fortalece y evita la rotura al peinar | • rizos definidos con brillo y movimiento natural | • posee una fragancia deliciosa con notas florales y de mora | • tipo de cabello: rizado | • cruelty free | • vegano,https://www.natura.cl/p/tododia-crema-para-peinar-rizos-280-ml/NATCHL-173586
Kit Jabón Líquido Exfoliante Corporal Ekos Tukuma con Repuesto,NATCHL-219102,"piel renovada y más uniforme con la potencia antiseñales del tukuma.• jabón líquido que limpia suavemente y exfolia la piel • elimina las células muertas durante el baño • jabón vegano que mantiene el pH natural de la piel • deja tu piel renovada y más uniforme • hecho con aceite bruto de tukumá, un potente antiedad • la línea Ekos tukumá contribuye a la regeneración de la Amazonía y fortalece los ingresos de 702 familias guardianas del bosque vinculadas a la cosecha sostenible. contiene 1 jabón exfoliante 185 ml 1 repuesto",https://www.natura.cl/p/kit-jabon-liquido-exfoliante-corporal-ekos-tukuma-con-repuesto/NATCHL-219102
Shampoo Anticaída Homem,NATCHL-160216,"fortalece el cabello y promueve una reducción intensiva de la caída. • 5 veces menos caída por quiebre* • evita el adelgazamiento del cabello • nutre y estimula el cuero cabelludo • restaura la vitalidad del cuero cabelludo • sensación de limpieza con espuma cremosa • hecho con óleo de babaçu, que contribuye en el refuerzo de la barrera cutánea y del mecanismo de defensa de la piel • con exclusiva tecnología DermoTech®, desarrollada especialmente para la piel masculina, que protege contra las agresiones de la rutina • fragancia que combina con todas las perfumerías de Natura Homem. *resultado ",https://www.natura.cl/p/shampoo-anticaida-homem-300-ml/NATCHL-160216
Eau de Parfum Masculino Homem Essence 100ml,NATCHL-59848,"• contenido: 100 ml | • celebra la sofisticación y la elegancia masculina | • notas amaderadas y ambaradas | • fragancia que exhala personalidad | • ideal para el hombre que busca una presencia marcada | • salida: bergamota, jengibre, pomelo y limón | • cuerpo: pimienta negra, violeta, cardamomo, canela y coriandro | • fondo: pachulí, ámbar, madera guayaco, cashmeran y cedro",https://www.natura.cl/p/homem-essence-edp-masculino-homem-100ml/NATCHL-59848
Bolsa Mediana Natura,NATCHL-204120,es Natura. es para regalar.• transforma cualquier producto en un regalo con los embalajes de regalos Natura • medidas: 22 cm x 9 cm x 25 cm.,https://www.natura.cl/p/bolsa-mediana-natura-1-unidad/NATCHL-204120
Repuesto Shampoo Matización y Restauración Lumina 300ml,NATCHL-148157,• efecto anti-desvanecimiento | • efecto anti-amarillamiento | • prolonga el efecto de la progresiva y de la coloración | • cabello más fuerte y resistente | • limpieza con matización progresiva | • reparación de la estructura interna del cabello | • tipo de cabello: rubios y canosos | • cruelty free | • vegano | • envase reciclado | • tipo de tratamiento: matización y restauración,https://www.natura.cl/p/shampoo-matizador-300-ml/NATCHL-148157
Eau de Parfum Masculino Homem Cor.Agio 100ml,NATCHL-186,"• fragancia que celebra el coraje y la autenticidad | • notas amaderadas y frescas | • ideal para el hombre seguro de sí mismo y determinado | • aroma intenso y duradero | • salida: bergamota, pimienta negra, manzana, pomelo, canela, menta, nuez moscada y pimienta rosa | • corazón: lavandín, muguet, rosa, angélica y cuero | • fondo: cedro, cistus ládano, cumarú, ámbar y copaíba",https://www.natura.cl/p/homem-coragio-edp-masculino-100ml/NATCHL-186
Ekos Frescor Cupuaçu 150 ml,NATCHL-199394,"un tesoro de la Amazonia en forma de fragancia• desodorante colonia frutal cítrico dulce • fragancia frutal irresistible • hecho con extracto 100% natural de cupuaçu, ingrediente de la biodiversidad amazónica • perfumación leve inspirada en el acidez y dulzor de la fruta de cupuaçu • aporta una frescura única en las notas confortables de copaíba y cítricas de mandarina • la línea Ekos Cupuaçu contribuye a la regeneración de la Amazonia y ayuda a fortalecer el ingreso de más de 1000 familias guardianas de la selva ligadas a la cosecha sustentable",https://www.natura.cl/p/desodorante-colonia-ekos-frescor-cupuacu-150-ml/NATCHL-199394
Repuesto Frescor Pitanga Preta Eau de Toilette Ekos 150ml,NATCHL-119001,"• notas de pitanga negra con flores de colores | • empaque con menos plástico | • floral. Leve, pitanga preta, hojas de pitanga, rosa | • notas frutales y un cuerpo floral femenino y elegante",https://www.natura.cl/p/frescor-eau-de-toilette-ekos-pitanga-preta-150-ml/NATCHL-119001
Aceite Bifásico Corporal Tododia Fresa y Vainilla Dorada,NATCHL-206231,"suavidad e hidratación con toque luminoso para tu piel• contiene aceite de linaza, enriquecido con omegas 3 y 6, que estimula la reestructuración de la piel por medio de una hidratación intensa • la combinación de las dos fases del producto revela una textura sorprendente y envolvente • deja la piel suave, hidratada y realza su luminosidad natural • hidrata y protege tu piel contra los signos de resequedad • fácil de extender • da el toque final para tu momento de autocuidado y conexión con tu cuerpo en el baño • fragancia dulce floral con notas suculentas de fresa, que se mezclan con el gourm",https://www.natura.cl/p/aceite-bifasico-corporal-tododia-fresa-y-vainilla-dorada-120-ml/NATCHL-206231
Eau de Parfum Femenino Ilía Clásico 50ml,NATCHL-44171,"• fragancia que combina la delicadeza y la fuerza de la mujer | • perfumación intensa y duradera | • combinación de notas florales y amaderadas | • ideal para ocasiones especiales y uso diario | • camino olfativo: frutal, sensual, pera | •¿para quién está dirigido?: para la mujer independiente, activa y libre.",https://www.natura.cl/p/ilia-clasico--edp-femenino-ilia-50ml/NATCHL-44171
Regalo Padres Eau de Parfum Homem Coragio 100ml,NATCHL-247101,"una fragancia que celebra el coraje y la autenticidad• siente el estremecimiento en la piel de las notas metálicas de especias frías y el calor de la madera copaíba y del cumarú, ingredientes naturales de la biodiversidad brasileña • fragancia que exhala coraje y autenticidad • perfume de intensidad y duración prolongadas • ideal para ocasiones especiales contiene 1 Eau de Parfum 100 ml 1 bolsa de regalo",https://www.natura.cl/p/regalo-padres-natura-hombre-coragio/NATCHL-247101
Repuesto Crema Nutritiva para el Cuerpo Tododia Frambuesa y Pimienta Rosa,NATCHL-2819,"• acelera la renovación celular | • fragancia frutal ligera con una combinación inusual de frambuesa y pimienta rosa, sobre un fondo cremoso de vainilla | • piel más firme y ultrasuave todos los días | • tecnología con nutrición prebiótica que se adapta a tu piel | • textura cremosa, fácil de aplicar y de rápida absorción | • nutrición profunda: piel saludable en todas las capas | • 94% de ingredientes de origen natural: mayor afinidad con tu piel",https://www.natura.cl/p/repuesto-crema-nutritiva-para-cuerpo-frambuesa-y-pimienta-rosa-400ml/NATCHL-2819
Eau de Parfum Masculino Essencial Exclusivo 100ml,NATCHL-93617,"• notas amaderadas | • fragancia sofisticada y marcada | • perfumación prolongada | • ideal para ocasiones especiales y uso diario | • salida: pimienta negra, limón siciliano | • cuerpo: cedro, pachulí | • fondo: ámbar, almizcle, sándalo",https://www.natura.cl/p/essencial-exclusivo-edp-masculino-100ml/NATCHL-93617
Repuesto Shampoo Reparación Flor de cereza y Palta Tododia,NATCHL-154865,"• recupera el cabello dañado por procesos químicos | • fórmula con Tecnología Prebiótica que cuida los cabellos de la raíz a las puntas | • reparación capilar | • fragancia femenina y envolvente, con notas de flor de cereza | • cabello más fuerte y resistente | • fórmula con aceite de aguacate | • evita la resequedad | • no daña los cabellos | • para todo tipo de rizos y ondas",https://www.natura.cl/p/shampoo-reparador-tododia-flor-de-cereza-y-aguacate-300-ml/NATCHL-154865
Jabones en barra surtidos Tododia,NATCHL-114464,"• limpieza suave: no agrede ni reseca, mantiene la hidratación natural de la piel | • 100% ingredientes vegetales: mayor afinidad con tu piel | • mantiene tu barrera natural de protección | • espuma cremosa y envolvente: baño revitalizante con una deliciosa sensación de suavidad en la piel | • explosión de fragancia: transforma el baño en un momento especial de tu día | • caja con 5 unidades (1 Flor de Lis, 1 Romero y Salvia, 1 Frambuesa y Pimienta Rosa, 1 Macadamia y 1 Frutas Rojas) de 90 g cada una",https://www.natura.cl/p/jabones-en-barra-surtidos-tododia--5u-de-90gr/NATCHL-114464
Super Sérum para Ojos Reductor de Arrugas y Flacidez Chronos Derma,NATCHL-169258,la máxima potencia en reducción de arrugas en los ojos y de la flacidez en los párpados• menos 58% de los 3 tipos de arrugas de los ojos¹ • más 60% de firmeza de los párpados² • acción intensiva en los 10 signos de envejecimiento de los ojos • activa la vitalidad celular para una piel saludable³ • resultados reales comprobados por dermatólogos. ¹resultado de evaluación clínica e instrumental después de 60 días de uso ²resultado comprobado de eficacia clínica después de 60 días de uso ³resultado obtenido por la tecnología exclusiva Biociencia Chronos.,https://www.natura.cl/p/super-serum-para-ojos-reductor-de-arrugas-y-flacidez-chronos-derma-15-ml/NATCHL-169258
Eau de Parfum Masculino Essencial Oud 100ml,NATCHL-93619,"• concentración: Deo parfum | • fragancia intensa | • revela la elegancia del hombre contemporáneo | • familia olfativa: Amaderada | • notas de salida: Bergamota, cardamomo, elemi, azafrán | • notas de corazón: Geranio, cipriol, canela de Madagascar, praliné, bálsamo de gurjum | • notas de fondo: Ámbar, cedro, sándalo, almizcle, ambrocenida, pachulí, cashmeran, aceite de oud, bálsamo de abeto, copaiba | • tiene repuesto | • cruelty free | • vegano | • ocasión: salidas, ocasiones especiales | • subfamilia: especiada",https://www.natura.cl/p/essencial-oud--edp-masculino-100-ml/NATCHL-93619
Shampoo Hidratación Mora y Óleo de coco Tododia,NATCHL-173588,• tipo de cabello: rizado y crespo | • tecnología prebiótica | • sin sulfatos | • limpieza profunda | • evita la formación de nudos | • fragancia con notas florales y de mora | • disponible en repuesto | • cruelty free | • vegano,https://www.natura.cl/p/shampoo-cabello-rizado-rizos/NATCHL-173588
Aceite Bifásico Corporal Tododia Cereza y Avellana,NATCHL-21307,"piel suaveyhidratada, con fórmula que realza su luminosidad natural.• contiene aceite de linaza, enriquecido con omegas 3 y 6, que estimula la reestructuración de la piel por medio de una hidratación intensa • la combinación de las dos fases del producto revela una textura sorprendente y envolvente • deja la piel perfumada, bien cuidada y radiante • hidrata y protege tu piel contra los signos de resequedad • fragancia atractiva y distintiva con notas dulces frutales • fácil de esparcir • da el toque final para tu momento de autocuidado y conexión con tu cuerpo en el baño.",https://www.natura.cl/p/aceite-bifasico-corporal-tododia-cereza-y-avellana-120-ml/NATCHL-21307
Repuesto Crema para el Cuerpo Tododia Cereza Negra y Praliné 400 ml,NATCHL-174595,"refil de la crema de hidratación intensa para una piel suave, firme y perfumada.• envase versión recarga más económica y sostenible • crema nutritiva con una combinación balanceada de ingredientes naturales • nutrición prebiótica que se adapta a lo que tu piel necesita cada día • hidratante para el cuerpo con manteca de cacao, prebiótico y aceite de linaza • crema con toque aterciopelado que crea una barrera de protección, dejando tu piel fuerte y protegida de los daños externos • estimula la producción de elastina para una piel con más elasticidad • activa mecanismos de hidratación, combatien",https://www.natura.cl/p/repuesto-crema-para-el-cuerpo-tododia-cereza-negra-y-praline-400-ml/NATCHL-174595
Jabón en Barra Puro Vegetal Cremoso y Exfoliante Refrescante Ekos,NATCHL-129799,"piel limpia y protegida con la potencia de los activos amazónicos.• jabón cremoso que limpia sin resecar • jabón exfoliante que ayuda a renovar la piel • 4 fragancias deliciosas para perfumar el cuerpo • jabones veganos que mantienen la hidratación natural de la piel • hechos con aceites de la biodiversidad brasileña • la línea Ekos contribuye a la regeneración de la selva y ayuda a fortalecer los ingresos de las familias guardianas de la Amazonía • 97% de origen natural. contiene caja con 4 jabones en barra de 100 gramos cada uno, siendo 1 castaña, 1 maracuyá, 1 buriti y 1 pitanga",https://www.natura.cl/p/jabon-en-barra-puro-vegetal-cremoso-y-exfoliante-refrescante-ekos-4-un-de-100-g/NATCHL-129799
Eau de Parfum Femenino Luna Atitude 50ml,NATCHL-107011,"• Chipre. intenso, flor de metamorfosis, pachuli, priprioca, casis y mora | • fragancia sensual y elegante | • aceites esenciales de la biodiversidad brasileña | • contiene hasta 30% de vidrio reciclado | • 100% alcohol orgánico",https://www.natura.cl/p/luna-attitude--edp-femenina/NATCHL-107011
Sérum de Prevención Antiseñales Regenerador Capilar Lumina,NATCHL-176050,"previene y posterga la aparición de canas, manteniendo la pigmentación natural del cabello.• previene y revierte la aparición de canas • protege y estimula la producción de melanina, manteniendo la pigmentación natural del cabello • tratamiento progresivo con resultados científicamente comprobados, con el uso diario del sérum durante 90 días.",https://www.natura.cl/p/serum-de-prevencion-antisenales-regenerador-capilar-lumina-100-ml/NATCHL-176050
Repuesto Acondicionador Hidratación Manzana verde y Aloe Vera,NATCHL-154860,"• promueve una hidratación profunda | • textura cremosa que se desliza entre los cabellos | • dejando los mechones sueltos, brillantes y con movimiento | • fórmula con Tecnología Prebiótica | • cuida el cabello de la raíz a las puntas | • ideal para uso diario | • recupera los cabellos del desgaste diario | • fórmula ultraligera | • hidrata sin apelmazar | • fragancia fresca y delicada, con notas de manzana verde | • 97% de ingredientes de origen natural | • para todo tipo de rizos y texturas de cabello",https://www.natura.cl/p/acondicionador-hidratante-tododia-manzana-verde-y-aloe-vera-280-ml/NATCHL-154860
Spray Hidratación Manzana verde y Aloe Vera Tododia 200ml,NATCHL-156235,"• textura fluida que no pesa y que deja el cabello suelto y radiante | • cabellos más suaves, sedosos y sin frizz por más tiempo | • recupera el cabello de los desgastes del día a día y da brillo | • protege el cabello del calor del secador o plancha | • cuidado desde la raíz hasta las puntas | • con notas frescas y de manzana verde | • brillo radiante | • fórmula con 95% de ingredientes de origen natural | • spray con extracto de aloe vera",https://www.natura.cl/p/spray-hidratante-manzana-verde-y-aloe-vera-tododia-200-ml/NATCHL-156235
Jabón Líquido Íntimo Tododia Cereza y Avellana,NATCHL-174493,"limpia delicadamente y protege la zona íntima.• limpia sin agredir • fórmula dermatológicamente y ginecológicamente probada • mantiene el pH equilibrado • gentil con la microbiota, mantiene las defensas naturales y protege la zona íntima • fragancia suave y confortable, inspirada en Cereza y Avellana.",https://www.natura.cl/p/jabon-liquido-intimo-tododia-cereza-y-avellana-200-ml/NATCHL-174493
Desodorante antitranspirante roll on Tododia cereza y avellana,NATCHL-123127,"• no mancha la ropa, ni clara ni oscura | • recupera la piel y no la reseca | • secado rápido | • axilas secas al tacto durante todo el día | • deliciosayinconfundible fragancia dulce | • contiene activos: vitamina E | • producto no testado en animales | • vegano | • apto para todo tipo de piel",https://www.natura.cl/p/desodorante-antitranspirante-roll-on-tododia-cereza-y-avellana-70-ml/NATCHL-123127
Eau de Parfum Femenino mi primer Humor 75ml,NATCHL-64746,"• notas cítricas y un vibrante cóctel de frutas | • un toque irresistible de frozen de pera | • fragancia de la alegría, irreverente y audaz | • salida: pera, cassis, bergamota, naranja | • corazón: jazmín, lirio del valle, flor de macadamia | • fondo: almizcle, ámbar, sándalo",https://www.natura.cl/p/mi-primer-humor-eau-de-toilette-femenina/NATCHL-64746
Acondicionador Tododia Cabello Rizado,NATCHL-173587,• tipo de cabello: rizado y crespo | • tecnología prebiótica | • textura que facilita el desenredado durante el baño | • cabello más suave | • fragancia con notas florales y de mora | • disponible en repuesto | • cruelty free | • vegano,https://www.natura.cl/p/acondicionador-cabello-rizado-rizos/NATCHL-173587
Repuesto Acondicionador Reparación Flor de cereza y Palta,NATCHL-154861,"• reparación capilar | • fórmula con aceite de aguacate | • para cabellos químicamente dañados | • fórmula con Tecnología Prebiótica | • cuida el cabello de la raíz a las puntas | • cabello más resistente | • reduce las puntas abiertas | • fragancia femenina y envolvente, con notas de flor de cereza | • 94% de ingredientes de origen natural | • para todo tipo de rizos y curvaturas",https://www.natura.cl/p/acondicionador-reparador-tododia-flor-de-cereza-y-aguacate-280-ml/NATCHL-154861
Repuesto Shampoo Infantil Mamá y Bebé 200ml,NATCHL-92791,• testado dermatológicamente | • edad sugerida: de 0 a 3 años | • promueve una limpieza suave y delicada | • formulado para minimizar la aparición de alergias | • tipo de cabello: todo tipo de cabello | • hipoalergénico | • cruelty free | • vegano,https://www.natura.cl/p/repuesto-shampoo-mama-y-bebe-200ml/NATCHL-92791
Desodorante Antitranspirante Roll-on Kaiak Masculino,NATCHL-189390,protege las axilas y perfuma con la icónica fragancia de Kaiak.• alta protección por hasta 72 horas • cuida la piel con activos naturales • tecnología invisible que no mancha la ropa clara y oscura • bioinnovación: combina lo mejor de la ciencia y la naturaleza • fragancia con la potencia y la frescura de Kaiak.,https://www.natura.cl/p/desodorante-antitranspirante-roll-on-kaiak-masculino-75-ml/NATCHL-189390
Repuesto Eau de Parfum Femenino Essencial Oud 100ml,NATCHL-121944,"• aroma amaderado e intenso | • con exquisita madera de oud, combinada con el calor de la copaiba y toques florales que realzan su carácter único | • ideal para ocasiones especiales",https://www.natura.cl/p/repuesto-perfume-essencial-oud-femenina-edp-100-ml/NATCHL-121944
Desodorante Antitranspirante Roll-on Tododia Hojas de Limón y Guanábana,NATCHL-191905,"protege las axilas y perfuma con la icónica fragancia de hojas de limón y guanábana. • alta protección por hasta 72 horas • cuida la piel con activos naturales • tecnología invisible que no mancha la ropa clara y oscura • bioinnovación: combina lo mejor de la ciencia y de la naturaleza • fragancia refrescante, con notas cítricas inspiradas en hojas de limón y guanábana.",https://www.natura.cl/p/desodorante-antitranspirante-roll-on-tododia-hojas-de-limon-y-guanabana-70-ml/NATCHL-191905
Eau de Parfum Femenino Una Clásico 50ml,NATCHL-2771,"• fragancia envolvente y sofisticada | • inspirada en paletas de maquillaje | • perfume de larga duración | • notas dulces de praliné, ganache y matices florales, enriquecidas con poleo | • ingredientes naturales de la biodiversidad brasileña y paramela | • ideal para ocasiones especiales y uso diario",https://www.natura.cl/p/una-clasico-edp-femenina-50ml/NATCHL-2771
Shampoo Matización y Restauración Lumina 300ml,NATCHL-148158,• nueva fórmula con sistema de matización y restauración progresiva | • efecto antiamarillamiento | • efecto anti-desvanecimiento | • cabello más fuerte y resistente | • 7 veces más resistencia* | • nueva fragancia y nuevo envase | • fórmula con BioProteína Triple Acción + activo matizador | • cabello reconstruido y saludable desde la 1ª aplicación | • producto vegano,https://www.natura.cl/p/shampoo-matizador-300-ml/NATCHL-148158
Triple exfoliante peeling antiseñales Chronos,NATCHL-135057,"• uniformiza la textura y reduce las líneas finas de inmediato | • suaviza la apariencia de la piel cansada | • reduce las líneas finas | • devuelve el brillo natural y la vitalidad | • 95% de piel más uniforme, renovada y suave | • el uso prolongado potencia los resultados | • máxima potencia en la renovación celular",https://www.natura.cl/p/triple-exfoliante-peeling-antisenales-chronos-50-g/NATCHL-135057
Eau de Parfum Masculino Homem Tato 100ml,NATCHL-109164,"• concentración: eau de parfum | • familia olfativa: amaderada | • revela tu poder | • ingredientes de la biodiversidad brasileña | • notas de salida: pimienta negra, cardamomo, azafrán, pataqueira* | • notas de corazón: iris, sándalo, cashmeran, pachuli | • notas de fondo: cumarú*, almizcle, ámbar, cuero | • firma olfativa marcada y acogedora | • cruelty free | • vegano | • ocasión: para salir, ocasiones especiales | • subfamilia: especiada",https://www.natura.cl/p/homem-tato-edp-masculino-100ml/NATCHL-109164
Repuesto Frescor Maracuyá Eau de Toilette Ekos 150ml,NATCHL-118997,"• fragancia ligera y refrescante con notas de maracuyá | • encantadora y relajante, como el vaivén de una hamaca | • la acidez dulce del maracuyá combinada con el confort del musk | • ingredientes naturales de la biodiversidad brasileña | • ideal para el uso diario | • repuesto práctica y sostenible | • rellena cuando lo desees | • sensación de frescura prolongada | • contenido: 150 ml",https://www.natura.cl/p/frescor-eau-de-toilette-ekos-maracuya-150-ml/NATCHL-118997
Kit Ekos Patauá Shampoo y Acondicionador,NATCHL-215036,"No incluye bolsa• fórmulas potentes y radicalmente naturales con aceite crudo de patauá • el shampoo refuerza los cabellos desde la raíz y combate el debilitamiento capilar. promueve una limpieza suave, sin agredir los cabellos, mientras prepara el cabello para el ritual de tratamiento biocosmético anticaída • el acondicionador desenreda los cabellos y refuerza la fibra capilar. deja los cabellos 2 veces* más resistentes contra la rotura contiene 1 shampoo 300 ml 1 acondicionador 300 ml",https://www.natura.cl/p/kit-ekos-pataua-shampoo-y-acondicionador/NATCHL-215036
Repuesto Máscara Hidratación Manzana verde y Aloe Vera,NATCHL-154862,"• hidrata profundamente, devuelve brillo y movimiento al cabello | • contiene pantenol y extracto de aloe vera | • retiene el agua en los mechones | • fórmula con Tecnología Prebiótica | • cuida el cabello desde la raíz hasta las puntas | • para todo tipo de rizos | • recarga más económica y sostenible | • fragancia fresca y delicada con notas de manzana verde | • cuidado intenso desde el primer uso | • cabello más suave y suelto | • devuelve brillo y movimiento a los mechones | • hidrata sin apelmazar | • recupera el cabello del desgaste diario | • 98% de ingredientes de origen natural",https://www.natura.cl/p/mascara-concentrada-hidratante-tododia-manzana-verde-y-aloe-vera-250-ml/NATCHL-154862
Kaiak Océano Masculino Miniatura 25 ml,NATCHL-170513,"siente la emoción de una inmersión refrescante. • experimenta la emoción única de explorar la inmensidad azul con Kaiak Oceano masculino • notas frescas de las algas marinas y saladas de la pataqueira, ingrediente de la biodiversidad brasileña, se unen a la densidad del ámbar marino y de las maderas oscuras • envase hecho con más de 50% de plástico reciclado retirado de ciudades costeras *% de referencia media anual de plástico utilizado en los embalajes de perfumería de la marca, variando entre 50% y 70%.",https://www.natura.cl/p/kaiak-oceano-eau-de-toilette-masculino-miniatura-25-ml/NATCHL-170513
Crema Desodorante Hidratante para el Cuerpo Ekos Cupuaçu,NATCHL-203478,crema corporal que promueve mejora visible de la firmeza y las estrías en dos semanas*• 3 veces más hidratación reafirmante para la piel* • mejora visible de la celulitis en 30 días** • 91% afirman que deja la piel más firme y tonificada*** • crema hidratante que combate la resequedad profunda • 86% de mejora en el aspecto de piel de naranja**** • mejora la firmeza y elasticidad de la piel después de 15 y 30 días de uso • 100% más firmeza y elasticidad* • 72 horas de hidratación reafirmante • resultados clínicamente comprobados • crema con toque seco y rápida absorción • no deja la piel oleosa,https://www.natura.cl/p/crema-desodorante-hidratante-para-el-cuerpo-ekos-cupuacu-400-ml/NATCHL-203478
Regalo Padres Gel para Afeitar + Bálsamo Homem Barba,NATCHL-224237,"precisión, protección y cuidado diario• afeitado suave, preciso y sin irritaciones • fórmula transparente • fácil aplicación • permite una visión clara de las áreas a afeitar • facilita el contorno y garantiza un resultado impecable • enriquecido con ingredientes hidratantes • suaviza el vello • reduce la fricción de la hoja • previene cortes e irritaciones • ideal para todo tipo de piel • deja la piel suave, fresca y ligeramente perfumada • fragancia masculina sofisticada • perfecto para hombres que buscan practicidad y eficacia en su rutina diaria de afeitado • contiene bioactivo: coco babaç",https://www.natura.cl/p/regalo-padres-homem-barba-2/NATCHL-224237
Jabon líquido de manos Romero y Salvia,NATCHL-110281,• mantiene la hidratación y el pH ideal para tu piel | • espuma deliciosamente perfumada | • limpia sin agredir | • textura en gel | • fragancia fresca y auténtica que sorprende con notas aromáticas,https://www.natura.cl/p/jabon-liquido-de-manos-romero-y-salvia-390-g/NATCHL-110281
Kit Lumina Restauración y Liso Prolongado,NATCHL-215043,"No incluye bolsa• shampoo que limpia y elimina los residuos de la descamación después del alisado • acondicionador que alisa las cutículas, deja el cabello 3 veces más suave y controla el frizz por 24 horas • mascarilla que promueve restauración inmediata, 3 veces más fuerza y resultado de salón en casa por hasta 4 semanas con efecto antitijera • spray con fórmula que repone aminoácidos y crea una barrera antihumedad para efecto antifrizz por hasta 4 días*, además de promover protección térmica hasta 230oC y hasta 97% menos frizz. contiene 1 shampoo restaurador 300 ml 1 acondicionador restaura",https://www.natura.cl/p/kit-lumina-restauracion-y-liso-prolongado/NATCHL-215043
Aceite Trifásico Corporal Ekos Castaña,NATCHL-174338,"piel perfumada y 100% más hidratada* con la potencia antirresequedad de la castaña.• combate los signos de resequedad de la piel • hecho con aceite bruto de castaña, rico en omegas 6 y 9 • deja la piel perfumada, protegida e iluminada • usar con o sin enjague • la línea Ekos Castaña apoya la regeneración de la Amazonía y ayuda a fortalecer el ingreso de 689 familias guardianas de la selva vinculadas a la cosecha sustentable • 97% de origen natural. *porcentaje de participantes con resultados positivos en la evaluación del atributo mencionado",https://www.natura.cl/p/aceite-trifasico-corporal-ekos-castana-200-ml/NATCHL-174338
Repuesto Shampoo Reconstrucción de Daños Extremos Lumina,NATCHL-148177,• limpieza y reparación | • reequilibrio de la fibra capilar | • cabello más fuerte y resistente desde la primera aplicación | • nueva fragancia y nuevo envase | • fórmula con BioProteína Triple Acción + Activo Reconstrucción | • promueve la reconstrucción de hasta el 89% de los daños extremos y la prevención de hasta 2.9 veces los daños futuros* | • producto vegano | • tipo de cabello: todo tipo de cabello | • cruelty free | • tipo de tratamiento: reconstrucción de daños extremos,https://www.natura.cl/p/shampoo-reestructurante-lumina-quimicamente-danados-300-ml/NATCHL-148177
Eau de Toilette unisex  Humor Transforma 75ml,NATCHL-122948,"• concentración: agua de colonia | • inspirada en las diferentes formas de existir y en el coraje de ser auténtico | • familia olfativa: amaderada | • contraste de priprioca con la calidez del cumarú | • notas de salida: pimienta timut, cardamomo, pomelo, bergamota, piña, pera, limón, nota acuosa y priprioca* | • notas de corazón: geranio, salvia, lavanda y violeta | • notas de fondo: ámbar, almizcle, cedro, pachulí, praliné y musgo | • cruelty free",https://www.natura.cl/p/perfume-humor-transforma-edt-75-ml/NATCHL-122948
Repuesto Shampoo Nutrición Durazno y Almendras Tododia 300ml,NATCHL-154867,"• limpia sin resecar, dejando el cabello más suave, nutrido y sedoso | • fórmula con Tecnología Prebiótica cuida el cabello de la raíz a las puntas | • ideal para quienes usan secador o plancha | • fórmula con aceite de almendra | • recupera los cabellos expuestos al calor | • nutre y aporta brillo | • cabello más suave | • fragancia alegre y cremosa, con notas de durazno | • para todo tipo de rizos",https://www.natura.cl/p/shampoo-nutritivo-tododia-durazno-y-almendras-300-ml/NATCHL-154867
Body splash Frambuesa y Pimienta Rosa Tododia 200ml,NATCHL-76383,"• perfume frutal ligero | • inspirado en la combinación de notas sorprendentes | • hidrata la piel todos los días | • combina el dulce y ácido de la frambuesa con el toque especial de la pimienta rosa | • en el fondo, notas de vainilla y maderas cálidas",https://www.natura.cl/p/body-splash-frambuesa-y-pimienta-rosa-tododia-200ml/NATCHL-76383
Repuesto jabón líquido corporal Frambuesa y Pimienta Rosa,NATCHL-5871,"• limpieza suave | • respeta tu piel, sin agredirla ni resecarla | • mantiene la hidratación natural | • espuma cremosa y abundante | • ideal para quienes desean una piel limpia, hidratada y delicadamente perfumada | • textura en gel y una fragancia atractiva, inspirada en frambuesa y pimienta rosa | • convierte tu baño en una experiencia aún más placentera",https://www.natura.cl/p/repuesto-jabon-liquido-corporal-frambuesa-y-pimienta-rosa-tododia-300ml/NATCHL-5871
Miniatura Eau de Toilette Masculino Kaiak Clásico 25ml,NATCHL-181897,"Kaiak Clásico eau de toilette masculino Siente el poder de la frescura.Una combinación icónica de notas aromáticas, cítricas y acuaticas, que aportan una potente frescura.Ideal para llevar siempre contigo.Camino olfativoAromático herbal.Notas acuosas, albahaca, bergamota.Contenido25 mlSobre la marca Kaiak:El movimiento es el oxígeno de la vida. Y es en el movimiento que el hombre se encuentra, se fortalece, se transforma y evoluciona.Perfumes marcados por la sensación de frescura, que incita al movimiento al aire libre.",https://www.natura.cl/p/kaiak-clasico-eau-de-toilette-masculino-25-ml/NATCHL-181897
Eau de Toilette Femenino Humor Próprio 75ml,NATCHL-64749,"• concentración: eau de cologne | • familia olfativa: floral | • fragancia irreverente y dulce | • notas de salida: manzana, fresa, cereza | • notas de corazón: rosa, jazmín, muguete | • notas de fondo: almizcle, vainilla, cedro | • cruelty free | • vegano | • ocasión: uso diario, para salir | • subfamilia: frutal | • contiene priprioca*, ingrediente natural de la biodiversidad brasileña",https://www.natura.cl/p/humor-proprio-edt-femenino-humor-75ml/NATCHL-64749
Kit Repuesto Shampoo y Acondicionador Lumina Restauración y Liso Prolongado,NATCHL-211836,"No incluye bolsa• shampoo que limpia y elimina los residuos de la descamación después del alisado • acondicionador que restaura al cabello y controla el frizz por 24 horas • cabello más suave y resistente • recarga de nutrientes • 4 veces más efecto liso en el cabello y protección contra la humedad por hasta 4 días* • fragancia moderna y original. combina la frescura de la mandarina con la manzana verde, un ramo floral y la sofisticación del musk y maderas. contiene 2 repuestos shampoo Lumina Restauración y Liso Prolongado 300 ml y 2 repuestos acondicionador Lumina Restauración y Liso Prolonga",https://www.natura.cl/p/kit-repuesto-shampoo-y-acondicionador-lumina-restauracion-y-liso-prolongado/NATCHL-211836
Jabón en Barra Puro Vegetal Tododia Fresa y Vainilla Dorada,NATCHL-205939,"perfuma y limpia sin resecar, manteniendo la hidratación natural de la piel• fórmula suave con una combinación de ingredientes de origen natural • piel hidratada, perfumada y protegida • activo hidratante para una limpieza profunda sin resecar • textura cremosa y deliciosas nubes de espuma perfumada • rinde para muchos baños, para más momentos de autocuidado • 98% de ingredientes naturales • fragancia dulce floral con notas suculentas de fresa, que se mezclan con el gourmand cálido de la vainilla dorada",https://www.natura.cl/p/jabon-en-barra-puro-vegetal-tododia-fresa-y-vainilla-dorada-5-unidades-de-90-g/NATCHL-205939
Crema Hidratante para Manos Ekos Açaí,NATCHL-97269,"48 horas de hidratación para las manos y uñas con la potencia antioxidante del açaí.• crema de manos hecha con extracto y aceite bruto de açaí, que ayuda en el proceso antioxidante de la piel • combate los signos de resequedad • hidrata inmediatamente • deja la piel iluminada y fortalece las uñas • textura ligera de rápida absorción • nuevo empaque 100% aluminio reciclado • la línea Ekos Açaí contribuye a la regeneración de la selva y ayuda a fortalecer los ingresos de 368 familias guardianas de la Amazonía• 97% de origen natural.",https://www.natura.cl/p/crema-hidratante-para-manos-ekos-acai-75-g/NATCHL-97269
Eau de Toilette Femenino Kaiak Sonar 100ml,NATCHL-156229,"• proporciona frescura y bienestar | • innovadora tecnología VibraScent, que traduce sonidos y colores en aromas | • más del 50% del envase está hecho con plástico reciclado | • contiene hasta un 30% de vidrio reciclado | • fragancia con activo desodorante, ideal para el uso diario | • gota olfativa floral frutal moderado",https://www.natura.cl/p/eau-de-toilette-femenino-kaiak-sonar-100-ml/NATCHL-156229
Repuesto Jabón Líquido en Gel Tododia Cereza y Avellana,NATCHL-18978,"perfuma y limpia sin agredir, respetando el pH natural de la piel.• repuesto de tu jabón líquido favorito, una opción más económica y sostenible • fórmula con una cuidadosa combinación de ingredientes de origen natural, que limpian sin agredir la microbiota de la piel • mantiene la piel hidratada, perfumada y protegida • limpieza suave que no agrede, no reseca y respeta tu piel • espuma cremosa y abundante • textura en gel y fragancia atractiva para un baño aún más placentero • fragancia atractiva y distintiva con notas dulces frutales • rinde para muchos baños, para más momentos de autocuidad",https://www.natura.cl/p/repuesto-jabon-liquido-en-gel-tododia-cereza-y-avellana-300-ml/NATCHL-18978
Ekos Acaí Kit Entrada,NATCHL-250270,"renovación e hidratación de la piel con la fuerza del açaí• Jabón líquido que limpia suavemente y exfolia la piel • elimina las células muertas durante el baño • mantiene el pH natural de la piel • baño perfumado con fragancia frutal y notas vibrantes • 97% de origen natural • crema para manos con extracto y aceite puro de açaí, que ayuda a la acción antioxidante de la piel • combate la resequedad • hidrata de inmediato • deja la piel iluminada y fortalece las uñas • textura ligera y de rápida absorción • nuevo envase con 100% aluminio reciclado • la línea Ekos Açaí contribuye a la regeneració",https://www.natura.cl/p/ekos-acai-kit-entrada/NATCHL-250270
Aceite Trifásico Corporal Ekos Açaí,NATCHL-110650,"piel iluminada y 100% hidratada con la potencia antioxidante del açaí.*• deja la piel perfumada, protegida y reduce la opacidad • ilumina y realza el tono natural de la piel • hecho con aceite bruto de açaí, un potente antioxidante • la línea Ekos Açaí contribuye a la regeneración de la selva y fortalece los ingresos de 368 familias guardianas de la Amazonía • 97% de origen natural. *porcentaje de participantes con resultados positivos en la evaluación del atributo mencionado",https://www.natura.cl/p/aceite-trifasico-corporal-ekos-acai-200-ml/NATCHL-110650
Kaiak Urbe Masculino Miniatura,NATCHL-170505,"siente la frescura que atraviesa el calor de la ciudad• Kaiak Urbe presenta el contraste inusitado entre el frescor acuoso y el calor de la copaíba, ingrediente de la biodiversidad brasileña • esta fragancia es ideal para impulsar a aquellos que viven en la agitación de las calles, proporcionando una sensación revigorizante y energizante.",https://www.natura.cl/p/kaiak-urbe-masculino-eau-de-toilette-miniatura-25-ml/NATCHL-170505
Crema Aterciopelada Corporal Tododia Cereza Negra y Praliné 250 g,NATCHL-189571,"crema corporal perfumada que deja tu piel suave como terciopelo.• desodorante hidratante con textura DUO, que combina texturas para una experiencia sensorial sorprendente • hidratación intensa y profunda para tu piel • fórmula con una poderosa combinación de aceite de linaza, prebiótico y betaína • estimula la producción de colágeno, dando más firmeza a tu piel • crema con toque aterciopelado, fácil de aplicar y que no deja la piel pegajosa • cuidado diario para una piel suave, firmeyintensamente perfumada • perfumación duradera con dos veces más fragancia • fragancia sensual y sofisticada con",https://www.natura.cl/p/crema-aterciopelada-corporal-tododia-cereza-negra-y-praline-250-g/NATCHL-189571
Máscara de Pestañas Extrema Multibeneficios Una,NATCHL-192103,"tu mirada con volumen impactante y curvatura extrema*.• máscara de pestañas con pigmentos extremadamente negros que cubren completamente las pestañas • fórmula de larga duración • promueve 90% más volumen para las pestañas** • 69% curvatura extrema para las pestañas* • permite la construcción de capas, sin formar grumos •máscara para pestañas recomendada para quienes tienen pestañas escasas y rectas. * 69% de percepción de curvatura extrema en prueba sensorial de consumidor con 120 mujeres. ** prueba instrumental in vitro.",https://www.natura.cl/p/mascara-de-pestanas-extreme-multibeneficios-una-8-ml/NATCHL-192103
Kit Lumina Reconstrucción Intenso,NATCHL-199025,"No lncluye bolsaKit Lumina Reconstrucción Intenso Sistema de tratamiento reconstrucción de daños extremos.Inspirada en la naturaleza, Natura Lumina entrega tratamiento inteligente desde el cuero cabelludo hasta las puntas, para regeneración y cabellos 2 veces más fuertes desde la primera aplicación. Con exclusiva biotecnología pró-teia, una proteína vegana que se adapta al nivel de daño y regenera la fibra capilar de adentro hacia afuera.•Productos veganos•Con repuestos •Contra pruebas en animales •Envases ecológicos (plástico 100% verde reciclable)Contenido1 Shampoo reestructurante para Cabel",https://www.natura.cl/p/kit-lumina-reconstruccion-intenso/NATCHL-199025
Eau de Toilette Masculino Kaiak Aventura 100ml,NATCHL-111173,"• concentración: eau de cologne | • familia olfativa: aromática | • combinación perfecta entre agua, sol y bosque | • fragancia energizante | • notas de salida: mandarina, bergamota, artemisia | • notas de corazón: dihidro mircenol, muguete, pimienta negra | • notas de fondo: sándalo, almizcle, ámbar | • cruelty free | • vegano | • ocasión: uso diario, para salir | • subfamilia: cítrico",https://www.natura.cl/p/kaiak-aventura-eau-de-toilette-masculino-100-ml/NATCHL-111173
Shampoo de tratamiento Antiseñales Regenerador Capilar Lumina,NATCHL-174206,"acción antienvejecimiento con protección antioxidante para el cuero cabelludo y los cabellos.• neutraliza el efecto de los radicales libres y desacelera los signos del tiempo • fórmula con Tecnología Bioproteína Triple Acción + Activo ProMelanina: protege la melanina y estimula la formación del color natural del cabello • nueva fragancia con bergamota, fresia y sándalo. beneficios con el uso de la línea completa: • previene y revierte la aparición de canas • protege y estimula la producción de melanina, manteniendo la pigmentación natural del cabello • tratamiento progresivo con resultados cie",https://www.natura.cl/p/shampoo-de-tratamiento-antisenales-regenerador-capilar-lumina-300-ml/NATCHL-174206
Kit Antiseñales +70 Chronos,NATCHL-206790,"No lncluye bolsaKit Antiseñales +70 ChronosBiociencia Chonos, ciencia de la vitalidad celular.Unión de potentes bioactivos (ingredientes de la biodiversidad brasilera) y dermoactivos (ingredientes dermatológicos)Restauración intensiva para la suavidad de la piel.+ 93% aumento del espesor y resistencia de la piel*100% piel hidratada*Activa la vitalidad celular. **Reduce arrugas profundas.Restaura el espesor de la piel.Cuida la piel.Hidrata intensamente. *porcentaje de mujeres con resultados de pruebas clínicas e instrumentales.**resultado obtenido mediante tecnología exclusiva de Biociência Chr",https://www.natura.cl/p/kit-antisenales-70-chronos/NATCHL-206790
Kit Antiseñales +30 Chronos,NATCHL-206787,"No lncluye bolsaKit Antiseñales +30 ChronosBiociencia Chonos, ciencia de la vitalidad celular.Unión de potentes bioactivos (ingredientes de la biodiversidad brasilera) y dermoactivos (ingredientes dermatológicos).Reducción de las primeras arrugas en 2 semanas. 93% reducción de arrugas*El uso combinado día + noche aporta 4 veces más colágeno para tu piel.Activa la vitalidad celular. **Reduce primeras arrugas.Renueva la piel.Suaviza la apariencia de piel cansada.Previene señales de envejecimiento.*porcentaje de mujeres con arrugas reducidas en pruebas clínicas e instrumentales en 30+ dia. **resu",https://www.natura.cl/p/kit-antisenales-30-chronos/NATCHL-206787
Repuesto Crema Hidratante para el Cuerpo Ekos Castaña,NATCHL-203381,"piel 100% más nutrida con la potencia antirresequedad de la castaña.*• piel ultra hidratada por hasta 72 horas • hecho con aceite bruto de castaña, rico en omegas 6 y 9 • hidratante corporal que combate los signos intensos de resequedad • reduce inmediatamente el aspecto resquebradizo • mejora la textura de la piel desde la primera aplicación • la línea Ekos Castaña contribuye a la regeneración de la Amazonía y ayuda a fortalecer los ingresos de 689 familias guardianas de la selva vinculadas a la cosecha sustentable • 97% de origen natural. *porcentaje de participantes con resultados positivos",https://www.natura.cl/p/repuesto-crema-hidratante-para-el-cuerpo-ekos-castana-400-ml/NATCHL-203381
Protector Solar Facial Piel Mixta a Oleosa FPS 50 Natura Solar,NATCHL-176909,"protección contra los daños del sol y cuidado para piel mixta a grasa • promueve control de la oleosidad por hasta 12 horas • textura fluida ultraligera, efecto mate instantáneo y acabado invisible • alta protección solar con FPS UVB 50 y FPUVA 20 • con tecnología de bioprotección de triple acción que ayuda en la protección, prevención y cuidado • con partículas que absorben la oleosidad de forma inmediata • fórmula no comedogénica, que no obstruye ni bloquea los poros • resistencia al agua y al sudor, siendo ideal desde el uso diario hasta la alta exposición solar • fragancia refrescante: con",https://www.natura.cl/p/protector-solar-facial-piel-mixta-a-oleosa-fps-50-natura-solar-50-ml/NATCHL-176909
Repuesto Shampoo Antioleosidad Lumina 300ml,NATCHL-147442,"• no agrede el cuero cabelludo y no reseca el cabello | • evita el efecto rebote, con eficacia en el síntoma y la causa de la grasa | • cuero cabelludo equilibrado y cabello limpio por más tiempo | • promueve el control de la grasa sin efecto rebote* | • fórmula con BioProteína Triple Acción + Activo Dermorregulador | • nuevo envase | • producto vegano | • tipo de cabello: todos los tipos de cabello | • cruelty free | • tipo de tratamiento: antigrasa",https://www.natura.cl/p/repuesto-shampoo-equilibrante-300-ml/NATCHL-147442
Eau de Parfum Masculino Homem Elo 100ml,NATCHL-135068,"• concentración: eau de parfum | • gota olfativa: amaderada | • inspirada en la pluralidad masculina | • notas de salida: lavanda blanca, estoraque, pimienta negra, bergamota, toronja, lavandín, salvia sclarea, hojas de cidra, cardamomo, pimienta rosa, pataqueira* | • notas de corazón: vetiver, ciprés, cedro, cipriol, pachulí, sándalo | • notas de fondo: benjuí, tonka, praliné, ámbar, musgo, almizcle | • perfumación duradera e intensa | • cruelty free (libre de crueldad animal) | • vegano | • ocasión: para salir, ocasiones especiales | • subfamilia: aromático",https://www.natura.cl/p/eau-de-parfum-masculino-homem-elo-100-ml/NATCHL-135068
Miniatura Eau de Toilette Masculino Kaiak Aventura 25ml,NATCHL-170507,"siente la emoción de los rápidos con Kaiak Aventura.• siente la agitación de los rápidos, con una combinación sorprendente entre agua, sol y selva• notas cítricas y vibrantes de la bergamota, combinadas con musk y maderas cremosas, como el sándalo• una fragancia cargada con la energía de un frescor revitalizante para acompañarte en tu mejor aventura.",https://www.natura.cl/p/kaiak-aventura-eau-de-toilette-masculino-miniatura-25-ml/NATCHL-170507
Perfume para Cabello Luna Divina,NATCHL-187605,perfuma tus cabellos con el chipre irresistible de Luna Divina.• promueve brillo inmediato • neutraliza olores • no reseca el cabello • ayuda a reducir el frizz • fragancia chipre floral inspirada en el eau de toilette de la línea.,https://www.natura.cl/p/perfume-para-cabello-luna-divina-30-ml/NATCHL-187605
Crema Hidratante para Manos Ekos Maracuyá,NATCHL-80967,"48 horas de hidratación para las manos con la potencia antiestrés del maracuyá.• crema de manos hecha con aceite bruto de maracuyá, rico en ácidos grasos esenciales • promueve hidratación prolongada • textura ligera de rápida absorción • hidratante que ayuda a calmar la piel • forma una película protectora sobre las manos • nuevo empaque 100% aluminio reciclado • la línea Ekos Maracuyá fortalece los ingresos de 876 familias guardianas de la Amazonía",https://www.natura.cl/p/crema-hidratante-para-las-manos-ekos-maracuya-75-g/NATCHL-80967
Regalo Padres EDP Essencial Exclusivo 100ml + Crema de afeitar,NATCHL-247099,deja tu huella con elegancia y sofisticación• Eau de Parfum con fragancia que combina sofisticaciónyintensidad • perfecto para el hombre que busca una presencia marcada y distinta • ideal para ocasiones especiales y para el día a día • perfume de larga duración • crema multifuncional para un afeitado suave y confortable • piel suaveyhidratada • fórmula que facilita el deslizamiento de la hoja y garantiza precisión en el afeitado • fragancia sofisticada que combina frescurayintensidad contiene 1 Eau de Parfum personalizable 100 ml 1 crema para barba multifuncional 75 ml Incluye un lápiz para qu,https://www.natura.cl/p/regalo-padres-natura-essencial-exclusivo/NATCHL-247099
Repuesto Acondicionador Reconstrucción de Daños Extremos,NATCHL-148399,"• recuperación profunda e inmediata del daño | • promueve la reconstrucción de hasta el 89% de los daños extremos y prevención de hasta 2,9 veces los daños futuros* | • 2 veces más reparación interna del cabello | • cabello reparado y brillante desde la primera aplicación | • cabello 2 veces más fácil de peinar | • nueva fragancia y nuevo envase | • fórmula con BioProteína Triple Acción + Activo Reconstrucción | • producto vegano",https://www.natura.cl/p/repuesto-acondicionador-provitalidad-300-ml/NATCHL-148399
Repuesto jabón líquido corporal Avellana y Casis,NATCHL-86337,"• limpia delicadamente | • mantiene tu hidratación natural | • textura en gel con fragancia envolvente | • inspirada en tu favorito de avellana y cassis | • respeta tu piel, sin agredirla ni resecarla | • espuma cremosa y abundante",https://www.natura.cl/p/repuesto-jabon-liquido-corporal-avellana-y-casis-tododia-300ml/NATCHL-86337
Base sérum nude me,NATCHL-00078,"• tecnología de partículas minerales | • protege la piel de los daños causados por la luz azul | • la piel respira naturalmente gracias al complejo oxygen | • proporciona un acabado en polvo y alta deslizamiento, para un relleno natural de las cejas | • fácil de aplicar | • cepillo de cerdas firmes para peinar y difuminar, suavizando los trazos | • efecto de cejas naturalmente definidas y rellenadas | • textura ultraligera con cobertura personalizable | • duración de 24 horas | • resistente al agua | • apto para todo tipo de piel | • cobertura: alta | • dermatológicamente probado | • cruelty f",https://www.natura.cl/p/base-serum-nude-me/NATCHL-00078
Eau de Parfum Masculino Essencial único 90ml,NATCHL-118463,• fragancia intensa y sofisticada | • combina notas amaderadas con un toque de especias | • perfumación prolongada | • ideal para ocasiones especiales y uso diario,https://www.natura.cl/p/eau-de-parfum-masculino-essencial-unico-90-ml/NATCHL-118463
Perfume para cabello Flor de ciruela Tododia 60ml,NATCHL-174032,"deja tu cabello perfumado, suave, brillante y con menos frizz.• perfumación prolongada • lleva contigo para tener tu cabello siempre oloroso • fórmula que proporciona brillo inmediato y efecto antifrizz • neutraliza olores indeseados • fragancia con notas frutales y envolventes de ciruela.",https://www.natura.cl/p/esencia-para-el-cabello-tododia-flor-de-ciruela-60-ml/NATCHL-174032
Repuesto Shampoo Anticaída Patauá Ekos 300ml,NATCHL-112779,"• acción anticaída | • fortalece el cabello desde la raíz | • cabello más fuerte, resistente y con más cuerpo | • refuerza la fibra capilar y prepara el cabello para el ritual del tratamiento biocosmético anticaída | • limpia el cabello sin agredir el cuero cabelludo | • formulado con aceite crudo de Patauá, que combate el debilitamiento capilar | • espuma cremosa y abundante | • cabello perfumado | • fragancia que equilibra notas verdes y cítricas con matices amaderados | • fórmula con un 93% de ingredientes de origen natural, sin sulfatos ni siliconas | • producto vegano y libre de crueldad ",https://www.natura.cl/p/shampoo-repuesto-ekos-pataua-300-ml/NATCHL-112779
Repuesto Crema Nutritiva para el Cuerpo Tododia Fresa y Vainilla Dorada,NATCHL-206230,"hidratación profunda con nueva fragancia envolvente• versión de repuesto más económica y sostenible • combinación equilibrada de ingredientes naturales • nutrición prebiótica que se adapta a lo que tu piel necesita cada día • crea una barrera de protección: piel fuerte y protegida de los daños externos • estimula la producción de elastina: piel con más elasticidad • activa mecanismos de hidratación: combate la resequedad de la piel, dejándola profundamente nutrida • acelera la renovación celular: piel saludable e iluminada • textura cremosa que se esparce fácilmente y se absorbe rapidito • fra",https://www.natura.cl/p/repuesto-crema-nutritiva-para-el-cuerpo-tododia-fresa-y-vainilla-dorada-400-ml/NATCHL-206230
Repuesto Gel crema antiseñales​ firmeza y luminosidad Chronos 45+ día,NATCHL-134585,"• contiene el bioactivo Jatobá, que estimula el colágeno natural de la piel | • trata los signos del envejecimiento | • +72% de elastina1 | • +82% de colágeno1 | • +96% de firmeza y elasticidad2 | • atenúa los efectos de la menopausia en la piel | • reduce las arrugas | • activa la vitalidad celular3 | • testado dermatológicamente | • protección solar: FPS 30 y FPUVA 10 | • edad sugerida: 45+ | • cruelty free | • vegano | • ocasión: tratamiento antiedad | • tipo de piel: todo tipo de piel",https://www.natura.cl/p/repuesto-gel-crema-antisenales-firmeza-y-luminosidad-chronos-45-dia-40-g/NATCHL-134585
Eau de Parfum Femenino Ilía Secreto 50ml,NATCHL-83322,• fragancia envolvente y misteriosa | • combinación de notas florales y amaderadas | • perfecta para mujeres que abrazan su lado enigmático | • ideal para ocasiones especiales y uso diario,https://www.natura.cl/p/secreto--edp-femenino/NATCHL-83322
Regalo Natura Ekos Cupuaçu (4 jabones),NATCHL-199393,"jabón cremoso que cuida la piel con la potencia antiflacidez de Ekos Cupuaçu.• edición especial con caja ilustrada y barras con forma de cupuaçu • promueve una limpieza suave • fórmula que no reseca la piel • deja la piel limpia, suave y con toque aterciopelado • jabón en barra con espuma cremosa • perfuma la piel con fragancia frutal cítrica dulce • la línea Ekos Cupuaçu contribuye a la regeneración de la Amazonia y ayuda a fortalecer los ingresos de más de 1000 familias guardianas de la selva vinculadas a la cosecha sostenible. contiene 1 caja con 4 jabones en barra de 100 gramos cada uno.",https://www.natura.cl/p/regalo-natura-ekos-cupuacu-4-jabones/NATCHL-199393
Eau de Toilette Masculino Homem Clásico 100ml,NATCHL-57351,"• Combinación de hierbas aromáticas con jengibre y nuez moscada | • Equilibrada con un toque de maderas cálidas, que despierta y renueva | • Fragancia fresca y sofisticada | • Te acompaña en todos los momentos de tu día | • Aroma de larga duración | • para todos los momentos del día | • vegano",https://www.natura.cl/p/natura-homem-classico-edt-100ml-arg-mlf/NATCHL-57351
Óleo para barba Homem,NATCHL-152331,"• perfecto para el hombre que le gusta mantener la barba saludable, suave y bien alineada | • fórmula con Tecnología DermoTech | • cuida y fortalece la piel mientras nutre los vellos, dejándolos suaves y perfumado | • fragancia que armoniza con todas las colonias de Natura Homem | • barba suave y nutrida | • la tecnología DermoTech cuida y fortalece la piel | • desarrollado con base en el conocimiento tradicional de las Comunidades Quebradoras de Coco de Babasú | • producto vegano",https://www.natura.cl/p/oleo-para-barba-homem-30-ml/NATCHL-152331
Bruma facial hidratante fijadora UNA,NATCHL-153720,"• 18h de fijación en el maquillaje | • tecnología de protección 3D: compuesto por prebiótico, hidratación 24h y capa protectora contra agresiones externas | • sensación ultraligera, sin dejar la piel pegajosa | • acabado radiante, no cambia el color del maquillaje, con fórmula a base de agua | • probado dermatológica y oftalmológicamente | • candeia: activo de la biodiversidad brasileña que ayuda a calmar la piel | • betaína: que gestiona la cantidad de agua en las células, previniendo la deshidratación celular para una piel hidratada y más luminosa | • vitamina e: con acción antioxidante, que",https://www.natura.cl/p/bruma-facial-hidratante-fijadora-una---100-ml/NATCHL-153720
Kit Lumina matizador,NATCHL-208079,• acelera el tiempo de secado | • antidaños | • con bio proteína triple acción y activo matizador | • restauración que promueve matización progresiva y 7 veces más resistencia al cabello | • producto vegano | • protege contra el calor de hasta 230ºC | • acelera el tiempo de secado | • mantiene el peinado durante todo el día | • para todo tipo de cabello | • cruelty free,https://www.natura.cl/p/kit-lumina-matizador/NATCHL-208079
Labial mate intransferible de larga duración Faces,NATCHL-00088,"el color que acompaña tu ritmoLabial mate intransferible de larga duración Faces Violeta Digital Un labial que dura por hasta 12 horas, no transfiere, puedes utilizarlo para boca y mejillas como también protege de la luz de las pantallas del celular y computador.Contenido5,5 mlSobre la línea Faces:Faces es una marca de belleza urbana para cuidarse, inventarse y reinventarse. Da color y valentía, para expresar tu belleza del espejo hacia adentro y de la puerta hacia afuera. Y salir a la calle con actitudes positivas, que se reflejan en el próximo y en el alrededor. Faces se trata de una belleza",https://www.natura.cl/p/labial-mate-intransferible-de-larga-duracion-faces/NATCHL-00088
Regalo Padres EDT + Deo Spray Kaiak Sonar 100ml,NATCHL-247070,"una fragancia impactante en un ritual completo de perfumación• colonia y deo spray refrescantes y vibrantes para energizar la rutina • una combinación entre notas acuáticas, especias frescas y maderas como sándalo y cedro • fragancia levemente aromática, una excelente opción para días calurosos contiene 1 Eau de toilette masculino 100 ml 1 Kaiak Sonar deo spray 100 ml 1 bolsa de regalo",https://www.natura.cl/p/regalo-padres-natura-kaiak-sonar/NATCHL-247070
Aceite Trifásico Corporal Ekos Maracuyá,NATCHL-97428,"100% más hidratación para la piel con la potencia antiestrés del maracuyá.*• calma y reequilibra la piel • textura sorprendente • deja la piel perfumada, protegida e iluminada • usar con o sin enjague • hecho con aceite bruto de maracuyá, rico en ácidos grasos esenciales • la línea Ekos Maracuyá fortalece los ingresos de 876 familias guardianas de la Amazonía • 97% de origen natural. *porcentaje de participantes con resultados positivos en la evaluación del atributo mencionado",https://www.natura.cl/p/aceite-trifasico-corporal-ekos-maracuya-200-ml/NATCHL-97428
Bálsamo para después de afeitar Homem,NATCHL-151022,• perfecto para el hombre que valora la practicidad en su rutina de cuidado | • fórmula 2 en 1 | • puede usarse para calmar la piel después del afeitado o como hidratante diario | • producido con Tecnología DermoTech que cuida y fortalece la piel | • testeado dermatológicamente | • cruelty free | • vegano | • para todo tipo de piel | • textura: bálsamo | • zona de aplicación: rostro y cuello,https://www.natura.cl/p/balsamo-para-despues-de-afeitar-homem-75-ml/NATCHL-151022
Repuesto Acondicionador Nutrición Durazno y Almendras,NATCHL-154859,• cabello más sedoso y con menos frizz | • fórmula con Tecnología Prebiótica | • cuida el cabello de la raíz a las puntas | • para todo tipo de rizos | • fórmula enriquecida con aceite de almendra | • textura cremosa que suaviza el cabello | • fragancia alegre y cremosa con notas de durazno | • 96% de ingredientes de origen natural,https://www.natura.cl/p/acondicionador-nutritivo-tododia-durazno-y-almendras-280-ml/NATCHL-154859
Labial Cc Hidratante Fps 25 Una,NATCHL-00018,"• ingredientes naturales: sésamo, cacao y ceramidas de maracuyá | • combate el envejecimiento | • contribuye a la firmeza* | • más volumen* | • nutre los labios* | • cobertura: alta | • dermatológicamente probado | • protección solar: FPS 25 | • libre de crueldad animal (cruelty free) | • textura: cremosa y confortable | • zona de aplicación: labios",https://www.natura.cl/p/labial-cc-hidratante-fps-25-una-38g/NATCHL-00018
Repuesto jabón líquido exfoliante maracuyá,NATCHL-70392,"• exfoliación delicada | • preserva el pH de la piel | • piel suave, perfumada y regenerada | • sensación relajante con fragancia dulce | • producto vegano: con ingredientes de origen natural y vegetal | • fórmulas altamente biodegradables y libres de sulfatos | • limpia sin agredir la piel | • puede hacer menos espuma | • con bioactivos de la amazonía | • jabón que elimina virus, bacterias y suciedad en general",https://www.natura.cl/p/repuesto-jabon-liquido-exfoliante-maracuya-ekos-185ml/NATCHL-70392
Frescor Eau de Toilette Ekos Cacao,NATCHL-162209,"• perfume ligero y envolvente | • para sentir la cremosidad en la piel | • con extracto aromático de cacao de la Amazonía | • aporta sofisticación a tu día a día | • edición limitada | • concentración: colonia | • familia olfativa: cítrica dulce ligera | • cruelty free | • vegano | • ocasión: uso diario, después del baño | • subfamilia: dulce",https://www.natura.cl/p/frescor-eau-de-toilette-ekos-cacao-150-ml/NATCHL-162209
Humor Liberta EDT 75 ml,NATCHL-20834,"• inspirado en la felicidad | • notas frutales descontracturan la fragancia y la copaíba garantiza un amaderado único | • una forma ligera y fluida de perfumarse | • concentración: eau de toilette | • gota olfativa: amaderada | • notas de salida: pimienta negra, bergamota, notas aldehídicas | • notas de corazón: violeta, geranio, jazmín | • notas de fondo: almizcle, vetiver, ámbar | • libre de crueldad animal | • vegano | • ocasión: uso diario, para salir | • subfamilia: frutal",https://www.natura.cl/p/humor-liberta-eau-de-toilette-75-ml/NATCHL-20834
Máscara Fantástica Incolora Natura Faces,NATCHL-67647,• probado dermatológicamente | • realza la mirada de forma natural y discreta | • fórmula ligera e incolora | • ideal para fijar y moldear las pestañas y cejas | • versátil y práctica | • puede usarse sola o como complemento de maquillaje | • cobertura uniforme sin sensación de peso | • mantiene el look alineado y elegante | • edad recomendada: a partir de los 18 años | • libre de crueldad animal | • zona de aplicación: ojos y cejas | • incolora | • dale volumen a las cejas | • para todes | • fácil de aplicar,https://www.natura.cl/p/mascara-para-pestanas-incolora-7ml/NATCHL-67647
Repuesto Máscara Nutrición Durazno y Almendras Tododia 250ml,NATCHL-154863,"• deja el cabello suave y con más brillo | • con aceite de coco y aceite de almendra | • revitaliza el cabello y repone los nutrientes que necesita para estar saludable | • fórmula con Tecnología Prebiótica | • cuida el cabello desde la raíz hasta las puntas | • combate el frizz | • revitaliza el cabello | • para cabello seco y con frizz | • nutre profundamente | • fragancia alegre y encantadora, con notas de durazno | • 95% de ingredientes de origen natural | • recarga más económica y sostenible | • hecho con 86% menos plástico que el envase regular | • para todo tipo de rizos | • cuidado int",https://www.natura.cl/p/mascara-concentrada-nutritivo-tododia-durazno-y-almendras-250-ml/NATCHL-154863
Repuesto Eau de Parfum Masculino Essencial Oud 100ml,NATCHL-121945,"• concentración: deo parfum | • familia olfativa: amaderada | • toque exótico de especias | • fragancia que incita y conquista | • notas de salida: bergamota, cardamomo, elimi, azafrán | • notas de corazón: geranio, cipriol, canela de Madagascar, praliné, bálsamo de gurjum | • notas de fondo: ámbar, cedro, sándalo, almizcle, ambrocenida, pachulí, cashmeran, aceite de oud, bálsamo de abeto, copaiba | • cruelty free | • vegano | • ocasión: para salir, ocasiones especiales | • subfamilia: dulce | • empaque sostenible",https://www.natura.cl/p/repuesto-perfume-essencial-oud-masculino-edp-100-ml/NATCHL-121945
Kit Repuestos Ekos Patauá,NATCHL-234919,"ritual de tratamiento capilar biocosmético anticaída.• fórmulas potentes y radicalmente naturales con aceite crudo de patauá • el shampoo refuerza los cabellos desde la raíz y combate el debilitamiento capilar. promueve una limpieza suave, sin agredir los cabellos, mientras prepara el cabello para el ritual de tratamiento biocosmético anticaída • el acondicionador desenreda los cabellos y refuerza la fibra capilar. deja los cabellos 2 veces* más resistentes contra la rotura contiene 2 repuestos shampoo 300 ml c/u 2 repuestos acondicionadores 300 ml c/u",https://www.natura.cl/p/kit-repuestos-ekos-pataua/NATCHL-234919
Kit Lumina Fuerza y Reparación Molecular,NATCHL-211840,"sistema de tratamiento fuerza y reparación molecular para cabellos frágiles y quebradizos.• shampoo: limpia suavemente, mantiene la salud del cuero cabelludo y promueve dos veces más suavidad • acondicionador: deja el cabello más fuerte y 9 veces más fácil de peinar, evitando la rotura • mascarilla: no pesa en el cabello, repara y protege las conexiones internas a nivel molecular para más elasticidad y fuerza • sérum: potencia el tratamiento, revierte 3 meses de daño en 1 uso y también puede ser usado como pre-shampoo y finalizador. contiene shampoo 300 ml acondicionador 300 ml mascarilla 250 ",https://www.natura.cl/p/kit-lumina-fuerza-y-reparacion-molecular/NATCHL-211840
Desodorante antitranspirante en crema Tododia cereza y avellana,NATCHL-148001,"• tecnología invisible | • protege la ropa clara y oscura de manchas | • complejo hidratante y vitamina B5 | • combinación que hidrata y cuida la piel de las axilas | • 48 horas de protección contra el mal olor | • calma la piel y no reseca | • desodorante que se seca rápidamente | • toque seco todo el día | • fragancia atractiva y marcante con notas dulces | • envase práctico, que facilita la aplicación directamente en la axila | • familia olfativa: dulce | • cruelty free | • vegano | • para todo tipo de piel",https://www.natura.cl/p/desodorante-antitranspirante-en-crema-tododia-cereza-y-avellana-80-g/NATCHL-148001
Desodorante Antitranspirante en Crema Tododia Leche de Algodón,NATCHL-96519,"• 48 horas de protección | • protección invisible: protección prolongada que evita manchas blancas en ropa oscura | • nueva fórmula: tecnología que da 48 horas de protección con complejo hidratante | • cuidado de la piel: exclusivo complejo hidratante con vitamina E. protege, cuida e hidrata",https://www.natura.cl/p/desodorante-antitranspirante-en-crema-tododia-leche-de-algodon-80gr/NATCHL-96519
Jabón en Barra Puro Vegetal Cremoso Ekos Cupuaçu (4 unidades),NATCHL-206217,"jabón cremoso que cuida la piel con la potencia antiflacidez de Ekos Cupuaçu• promueve una limpieza suave • fórmula que no reseca la piel • deja la piel limpia, suave y con toque aterciopelado • jabón en barra con espuma cremosa • perfuma la piel con fragancia frutal cítrica dulce • la línea Ekos Cupuaçu contribuye a la regeneración de la Amazonía y ayuda a fortalecer los ingresos de más de 1000 familias guardianas de la selva ligadas a la cosecha sostenible. contiene 1 caja con 4 jabones en barra de 100 gramos cada uno",https://www.natura.cl/p/jabon-en-barra-puro-vegetal-cremoso-ekos-cupuacu/NATCHL-206217
Kit Completo Lumina Nutrición y Reparación Profunda,NATCHL-211867,"No incluye bolsa• shampoo: limpia y promueve 2,5 veces más suavidad e hidratación • acondicionador: recupera la salud y el brillo del cabello, dejándolo 6 veces más fácil de peinar • mascarilla: promueve 3 veces menos frizz, además de 2 veces menos volumen y puntas abiertas • crema para peinar: 2 veces menos volumen y 4 veces menos frizz. • fórmulas con BioProteína Triple Acción y Activo Nutrirrevitalización • sistema que promueve 2 veces más nutrición con reparación y sellado de las hebras*. contiene 1 shampoo 300 ml 1 acondicionador 300 ml 1 mascarilla 250 ml 1 crema para peinar 250 ml *resu",https://www.natura.cl/p/kit-completo-lumina-nutricion-y-reparacion-profunda/NATCHL-211867
Repuesto Crema antiseñales​ relleno y revitalización Chronos 60 + día,NATCHL-134700,"• hidrata profundamente hasta por 24 horas | • recupera la vitalidad y luminosidad natural en hasta 15 días | • estimula el colágeno, la elastina y el ácido hialurónico al doble* en 30 días | • reduce arrugas profundas en rostro y cuello | • en hasta 60 días rellena y recupera la estructura de la piel | • restaura el volumen y contorno facial | • contiene bioactivo: Casearia, que estimula el ácido hialurónico natural de la piel | • dermatológicamente probadas | • protección solar: FPS 30 y FPUVA 10 | • edad sugerida: 60+ | • cruelty free | • vegano | • ocasión: antiedad | • tipo de piel: todo ",https://www.natura.cl/p/repuesto-crema-antisenales-relleno-y-revitalizacion-chronos-60--dia-40-g/NATCHL-134700
Desodorante antitranspirante roll-on Homem,NATCHL-150223,• sin perfume | • no mancha la ropa | • tecnología Dermotech que protege y cuida la piel de las axilas | • testado dermatológicamente | • cruelty free | • vegano | • tipo de piel: todo tipo de piel,https://www.natura.cl/p/desodorante-antitranspirante-roll-on-homem-75-ml/NATCHL-150223
Repuesto Frescor Pitanga Eau de Toilette Ekos 150ml,NATCHL-119000,"• camino olfativo: frutal | • fragancias frescas y vibrantes para tu día | • regeneración para la Amazonía. repuestos que regeneran la naturaleza | • ingredientes principales: Hojas de pitanga, mandarina, naranja | • intensidad: suave",https://www.natura.cl/p/frescor-eau-de-toilette-ekos-pitanga-150-ml/NATCHL-119000
Desodorante Antitranspirante en Crema Tododia Sin Perfume,NATCHL-96515,"• 48 horas de protección | • Protección invisible: Protección prolongada que evita manchas blancas en ropa oscura | • Nueva fórmula: Tecnología que da 48 horas de protección con complejo hidratante | • Cuidado de la piel: Exclusivo complejo hidratante con vitamina E: Protege, cuida e hidrata",https://www.natura.cl/p/desodorante-antitranspirante-en-crema-tododia-sin-perfume-80gr/NATCHL-96515
Repuesto jabón líquido para manos maracuyá Ekos,NATCHL-70388,"• enriquecido con aceite de maracuyá | • limpieza y protección para tus manos | • regeneración para el amazonas | • sin sulfatos, siliconas ni parabenos | • rico en ácidos grasos esenciales | • eficaz en la eliminación de virus, bacterias e impurezas | • una explosión de fragancia relajante | • 97% natural | • 87% vegetal | • producto vegano | • amazonía viva | • recarga",https://www.natura.cl/p/repuesto-jabon-liquido-para-manos-maracuya-ekos-250ml/NATCHL-70388
Essencial Eau de Parfum Oud Feminino,NATCHL-140021,"el poder del oud, el oro de la perfumería árabe• deo parfum femenino: intensidad sofisticada para destacar tu presencia en cualquier ocasión • oud & copaíba: encuentro entre la tradición árabe y la riqueza de la biodiversidad brasileña • fragancia femenina marcada, creada para mujeres de personalidad fuerte y elegante • la madera noble del oud aporta profundidad aromática con un toque envolvente y lujoso • la copaíba brasileña añade calidez y sensualidad a la composición perfumada • perfume intenso que combina elegancia contemporánea con una firma sofisticada • aroma envolvente que acompaña la",https://www.natura.cl/p/essencial-eau-de-parfum-oud-feminino-25ml-ltm/NATCHL-140021
Miniatura Eau de Toilette Femenino Kaiak Clásico 25ml,NATCHL-181898,"Kaiak Clásico eau de toilette femenino Siente el poder de la frescura.Deslumbrante explosión cítrica de bergamota y naranja, con notas femeninas de jazmín.Ideal para llevar siempre contigo.Camino olfativoCítrico floral.Bergamota, mandarina, jazmín.Contenido25 mlSobre la marca Kaiak:El movimiento es el oxígeno de la vida. Y es en el movimiento que el hombre se encuentra, se fortalece, se transforma y evoluciona.Perfumes marcados por la sensación de frescura, que incita al movimiento al aire libre.",https://www.natura.cl/p/kaiak-clasico-eau-de-toilette-femenino-25-ml/NATCHL-181898
Eau de Toilette Femenino Luna Absoluta 75ml,NATCHL-116583,"• innovación olfativa | • sensual por naturaleza | • notas amaderadas que cobran fuerza con la presencia del cedro y el vetiver | • un corazón floral, ultra femenino | • un toque de pimienta rosa | • una fragancia sensual y elegante | • atrae miradas y despierta sentimientos",https://www.natura.cl/p/luna-clasico-femenino-edt-75-ml/NATCHL-116583
Essencial Mirra masculino EDP,NATCHL-108218,"• desde Oriente llega la admirada mirra, un regalo digno de reyes | • de la Amazonía, traemos una resina rara e inédita, tan preciosa que es conocida como la “mirra brasileña” | • así nace Essencial Mirra | • una fragancia amaderada e intensa que despierta tu poder interior | • familia olfativa: amaderada | • subfamilia: dulce | • ocasión: para salir o en momentos especiales | • zona de aplicación: cuerpo",https://www.natura.cl/p/essencial-mirra-masculino-edp-100ml/NATCHL-108218
Máscara Reparación Flor de cereza y Palta Tododia 250ml,NATCHL-154875,"• repara los daños causados por procedimientos químicos | • recupera el cabello debilitado y dañado | • devuelve el aspecto saludable al cabello | • enriquecida con arginina y aceite de Palta, que restauran la fibra capilar | • fragancia envolvente con notas de flor de cerezo | • fórmula con un 95% de ingredientes de origen natural",https://www.natura.cl/p/mascara-concentrada-reparadora-tododia-flor-de-cereza-y-palta-250-ml/NATCHL-154875
Sérum nocturno Anticaída y Crecimiento Lumina 100ml,NATCHL-147427,"• combate la caída debido al quiebre en 8 semanas* | • acelera el crecimiento hasta 3 veces* | • mejora el anclaje del cabello en la raíz | • cuero cabelludo nutrido y fortalecido | • combate el adelgazamiento, dejando el cabello más grueso | • cabello más fuerte desde la raíz | • 30 días: estimula y activa la nutrición del cuero cabelludo acelerando la velocidad de crecimiento hasta 3 veces | • 60 días: combate el adelgazamiento, dejando el cabello más grueso y fortalecido | • 90 días: reducción intensiva de la caída y equilibrio del cuero cabelludo. Cabello más denso, voluminoso y saludable",https://www.natura.cl/p/serum-nocturno-anticaida-100-ml/NATCHL-147427
Repuesto desmaquillante bifásico Chronos,NATCHL-135058,"• contiene bioactivo: candeia, que calma la piel | • testado dermatológicamente | • elimina hasta el 99% del maquillaje a prueba de agua | • apto para la zona de los ojos | • no deja residuos | • limpia sin agredir | • hidrata hasta por 24 horas | • cruelty free | • vegano | • ocasión: limpieza | • tipo de piel: todo tipo de piel",https://www.natura.cl/p/repuesto-desmaquillante-bifasico-chronos--150-ml/NATCHL-135058
Corrector Cushion Nude Me 12G,NATCHL-00008,• resistente al agua y al sudor | • duración de 24 horas | • controla el brillo de la piel | • puede usarse en todo el rostro | • probado dermatológicamente | • cruelty free | • textura: ligera | • subtono: neutro | • zona de aplicación: rostro,https://www.natura.cl/p/corrector-cushion-nude-me-12g/NATCHL-00008
Repuesto Shampoo Infantil Lisos y Ondulados Naturé 250ml,NATCHL-102396,"• shampoo para cabello liso y ondulado | • espuma cremosa que deja el cabello suelto, brillante y fuerte | • limpia suavemente el cabello del niño sin resecarlo | • deliciosa fragancia frutal y aroma a niñez feliz | • mantiene y fortalece la microbiota del cuero cabelludo | • no irrita los ojos | • 96% de ingredientes de origen natural | • 95% de biodegradabilidad | • libre de colorantes artificiales, siliconas y sulfatos | • ideal para cabellos con curvas de 1A a 2C | • probado dermatológicamente | • edad sugerida: 4 a 8 años | • tipo de cabello: liso y ondulado | • cruelty free | • vegano",https://www.natura.cl/p/repuesto-shampoo-nature-cabello-lacio-y-ondulado-250-ml/NATCHL-102396
Repuesto Super Sérum reductor de arrugas,NATCHL-169234,"• reducción del 100% en todos los tipos de arrugas* | • 69% más colágeno** | • 75% más elastina** | • 54% más ácido hialurónico** | • conecta las capas de tu piel | • reorganiza la estructura | • activa la vitalidad celular para una piel saludable*** | • resultados reales comprobados por dermatólogos | • más potencia en tu tratamiento, un 88% menos de residuos en el planeta | • contiene activo probiótico bioactivo de jatobá y casearia que aumentan la producción de colágeno, elastina y ácido hialurónico | • testado dermatológicamente | • edad sugerida: 18+ | • cruelty free | • vegano | • tratam",https://www.natura.cl/p/repuesto-super-serum-reductor-de-arrugas-chronos-derma-30-ml/NATCHL-169234
Repuesto jabón líquido para manos pitanga Ekos,NATCHL-70390,"• 97% natural | • 87% de origen vegetal | • producto vegano | • amazonía viva | • recarga | • con aceite esencial de pitanga | • limpia, perfuma y forma una capa protectora en la piel | • sin sulfatos, sin siliconas, sin parabenos | • biodegradable | • fragancia refrescante",https://www.natura.cl/p/repuesto-jabon-liquido-para-manos-pitanga-ekos-250ml/NATCHL-70390
Body Splash Tododia Mora y Flor de Durazno 200 ml,NATCHL-181136,"perfumación ligera y refrescante hecha especialmente para tus noches de verano.• fragancia floral dulce, que despierta todo tu romanticismo y autenticidad • las notas frutales de mora de la salida se envuelven con el cuerpo floral de la flor de durazno, evolucionando hacia un fondo marcante y envolvente de notas dulces • sensación de frescura y liviandad que da el toque final al cuidado de cada día • hidratación ligera de la piel: mantiene la hidratación de la piel a lo largo del día.",https://www.natura.cl/p/body-splash-tododia-mora-y-flor-de-durazno-200-ml/NATCHL-181136
Eau de Toilette Femenino Kriska Drama 100ml,NATCHL-83324,"• concentración: eau de toilette | • familia olfativa: dulce | • fragancia intensa y envolvente | • ideal para ocasiones especiales | • notas de salida: mandarina, nectarina, manzana pink, pera roja, frutas rojas | • notas de corazón: acorde praliné, peonía, osmanthus, jazmín, floral blanco | • notas de fondo: pachulí, ámbar, cedro, sándalo, musk, haba tonka, caramelo, vainilla | • cruelty free | • vegano | • ocasión: uso diario, para salir | • subfamilia: amaderada",https://www.natura.cl/p/kriska-drama--edt-femenino-kriska-100ml/NATCHL-83324
Kit Lumina Liso y Alisado Completo,NATCHL-206784,"No incluye bolsaKit Lumina Liso y Alisado Completo Cabellos reparados y nutridos profundamente, con más efecto liso y por mucho más tiempo.Limpieza equilibrada de larga duración. Remueve los residuos post- alisado.Restaura al cabello y disminuye el frizz. Cabellos con efecto liso, prolijos, ultra suaves y con movimiento.Repone masa y reconstruye las puntas evitando el corte con tijeras.Contenido1 Shampoo restaurador para cabellos lisos o alisados - 300 ml1 Acondicionador para cabellos lisos o alisados - 300 ml1 Máscara restauradora para cabellos lisos o alisados - 250 ml Sobre la línea Lumina:",https://www.natura.cl/p/kit-lumina-liso-y-alisado-completo/NATCHL-206784
Balm de ojos reductor de arrugas Chronos,NATCHL-169217,• 100% de las mujeres con la piel más hidratada¹ | • reduce líneas finas y arrugas | • previene signos de envejecimiento | • hidrata intensamente | • mantiene el maquillaje de ojos por más tiempo | • activa la vitalidad celular y la luminosidad | • suaviza los signos de cansancio | • resultados reales comprobados por dermatólogos,https://www.natura.cl/p/balm-de-ojos-reductor-de-arrugas-chronos-derma-15-g/NATCHL-169217
Protector Solar Facial en Barra FPS 50 Natura Solar,NATCHL-178858,"nuevo protector facial en formato stick, fácil de aplicar sin ensuciar las manos.• toque aterciopelado para todos los tipos de piel • efecto mate y acabado invisible • alta protección solar con FPS UVB 50 y FPUVA 17 • cuidado que mantiene la hidratación de la piel • fórmula con toque suave, que no deja brillo ni sensación pegajosa • disimula la apariencia de los poros • indicado en la pre-maquillaje y para reaplicar a lo largo del día • con tecnología de bioprotección de triple acción que ayuda en la protección, prevención y cuidado • resistente al agua y al sudor, siendo ideal para uso diario",https://www.natura.cl/p/protector-solar-facial-en-barra-fps-50-natura-solar-15-g/NATCHL-178858
Repuesto shampoo reequilibrante Lumina 300ml,NATCHL-147408,"• elimina hasta el 99% de la caspa, sin agredir el cuero cabelludo | • limpieza profunda sin resecar | • suavidad, hidratación y brillo | • reduce la picazón | • nuevo envase | • fórmula con BioProteína Triple Acción + Activo Dermocontrol | • promueve el reequilibrio de la microbiota para un control prolongado de la caspa * | • producto vegano | • tipo de cabello: todos los tipos | • cruelty free | • tipo de tratamiento: anticaspa",https://www.natura.cl/p/repuesto-shampoo-reequilibrante-300-ml/NATCHL-147408
Crema Nutritiva para el Cuerpo Tododia Frambuesa y Pimienta Rosa,NATCHL-74897,• fragancia frutal ligera. Combinación inusual de frambuesa con pimienta rosa y un fondo cremoso de vainilla | • piel más firme y ultrasuave todos los días | • fórmula con nutrición prebiótica que se adapta a tu piel | • textura cremosa: fácil de aplicar y de rápida absorción | • nutrición profunda: piel saludable en todas sus capas | • 94 % de ingredientes de origen natural: mayor afinidad con tu piel,https://www.natura.cl/p/crema-nutritiva-para-cuerpo-frambuesa-y-pimienta-rosa-tododia-400ml/NATCHL-74897
Kit Tododia Nutrición Repuesto de shampoo y acondicionador,NATCHL-256131,"protege contra la resequedad y realza el brillo del cabello• champú que limpia sin resecar, dejando el cabello más suave, nutrido y sedoso • fórmula con Tecnología Prebiótica que cuida el cabello de la raíz a las puntas • ideal para quienes usan secador o plancha • fórmula con aceite de almendras • recupera el cabello expuesto al calor, nutre y aporta brillo • protege contra la resequedad • fragancia alegre y cremosa, con notas de durazno • para todas las curvaturas • acondicionador que deja el cabello más sedoso y con menos frizz • textura cremosa que “deshace” el cabello • 96% ingredientes d",https://www.natura.cl/p/kit-natura-tododia-nutricion-repuesto-de-shampoo-y-acondicionador-4-unidades/NATCHL-256131
Bolsa Mini Natura,NATCHL-204118,es Natura. es para regalar.• transforma cualquier producto en un regalo con los embalajes de regalos Natura • medidas: 15 cm x 7 cm x 17 cm.,https://www.natura.cl/p/bolsa-mini-natura-1-unidad/NATCHL-204118
Repuesto Crema Desodorante Hidratante para el cuerpo Ekos Cupuaçu,NATCHL-205946,"crema corporal que promueve mejora visible de la firmeza y estrías en 2 semanas*• envase de repuesto de la crema corporal Ekos, más económico y sostenible • 3 veces más hidratación reafirmante para la piel* • mejora visible de celulitis en 30 días** • 91% afirman que deja la piel más firme y tonificada*** • crema hidratante que combate la resequedad profunda • 86% de mejora en el aspecto piel de naranja**** • mejora la firmeza y elasticidad de la piel después de 15 y 30 días de uso • 100% más firmeza y elasticidad* • 72 horas de hidratación reafirmante • resultados clínicamente comprobados • c",https://www.natura.cl/p/repuesto-crema-desodorante-hidratante-para-el-cuerpo-ekos-cupuacu-400-ml/NATCHL-205946
Spray de ambientes Tododia té de manzanilla y lavanda,NATCHL-132965,• el Spray de Ambientes prepara el espacio para el sueño | • crea una atmósfera acogedora e inusual con notas florales aromáticas | • fragancia relajante* que proporciona una sensación de confort y bienestar | • perfuma el ambiente con notas olfativas de té de manzanilla y lavanda,https://www.natura.cl/p/spray-de-ambientes-tododia-te-de-manzanilla-y-lavanda-200-ml/NATCHL-132965
Hidratante corporal Homem,NATCHL-151020,• hidratación inmediata desde el primer uso | • fórmula hidratante y perfumada | • textura cremosa y toque seco | • fragancia versátil que combina con toda la línea Natura Hombre | • rápida absorción | • tecnología DermoTech: cuida y fortalece la piel | • producto vegano | • producto desarrollado basado en el conocimiento tradicional de las Comunidades Tradicionales Quebradoras de Coco Babaçu,https://www.natura.cl/p/hidratante-corporal-homem-300-ml/NATCHL-151020
Kit Repuestos Lumina Reconstrucción de Daños Extremos,NATCHL-211870,"No incluye bolsa• shampoo: limpieza, reparación y reequilibrio de la fibra capilar • acondicionador: promueve 2 veces más reparación interna de los cabellos y deja el cabello 2 veces más fácil de peinar • fórmulas con BioProteína Triple Acción y Activo Reconstructor • envases de repuesto más económicos, prácticos y sostenibles • cabellos más fuertes, resistentes y protegidos de daños futuros contiene 2 repuestos del shampoo 300 ml 2 repuestos del acondicionador 300 ml.",https://www.natura.cl/p/kit-repuestos-lumina-reconstruccion-de-danos-extremos/NATCHL-211870
Repuesto jabón líquido para manos castaña Ekos,NATCHL-70389,"• 93% natural | • 81% vegetal | • sin sulfatos, siliconas ni parabenos | • fórmula biodegradable | • enriquecido con aceite bruto de castaña | • espuma cremosa que deja la piel suave | • mantiene el pH natural de la piel | • producto vegano | • amazonía viva",https://www.natura.cl/p/repuesto-jabon-liquido-para-manos-castana-ekos-250ml/NATCHL-70389
Eau de Toilette Masculino Kaiak Sonar 100ml,NATCHL-156226,"• contenido: 100 ml | • Proporciona frescura y bienestar; | • Innovadora tecnología VibraScent, que traduce sonidos y colores en olores; | • Más del 50% de los envases están fabricados con plástico reciclado; | • Contiene hasta un 30% de vidrio reciclado; | • Perfume con activo desodorante, ideal para uso diario;",https://www.natura.cl/p/eau-de-toilette-masculino-kaiak-sonar-100-ml/NATCHL-156226
Repuesto Súper Sérum para Ojos Reductor de Arrugas y Flacidez Chronos Derma,NATCHL-169238,"la máxima potencia en reducción de arrugas en los ojos y de la flacidez en los párpados. • menos 58% de los 3 tipos de arrugas de los ojos¹ • más 60% de firmeza de los párpados² • acción intensiva en los 10 signos de envejecimiento de los ojos • activa la vitalidad celular para una piel saludable³ • resultados reales comprobados por dermatólogos • más potencia en tu tratamiento, menos 88% de residuo en el planeta. ¹resultado de evaluación clínica e instrumental después de 60 días de uso ²resultado comprobado de eficacia clínica después de 60 días de uso ³resultado obtenido por la tecnología ex",https://www.natura.cl/p/repuesto-super-serum-para-ojos-reductor-de-arrugas-y-flacidez-chronos-derma-15-ml/NATCHL-169238
Refill Shampoo de Tratamiento Antiedad Regenerador Capilar Lumina 300 ml,NATCHL-174194,"acción antiedad con protección antioxidante para el cuero cabelludo y el cabello.• versión refill más económica y sustentable • neutraliza el efecto de los radicales libres y desacelera los signos del envejecimiento • fórmula con Tecnología Bioproteína Triple Acción + Activo ProMelanina: protege la melanina y estimula la formación del color natural del cabello • nueva fragancia con bergamota, fresia y sándalo. beneficios con el uso de la línea completa: • previene y revierte la aparición de canas • protege y estimula la producción de melanina, manteniendo la pigmentación natural del cabello • ",https://www.natura.cl/p/refill-shampoo-de-tratamiento-antiedad-regenerador-capilar-lumina-300-ml/NATCHL-174194
Acqua biohidratante renovador,NATCHL-91849,"• hidratación intensa: mantiene la piel hidratada por hasta 24 horas | • tecnología activa, prebiótica e inteligente | • renovación celular: estimula la regeneración de la piel, dejándola más firme | • fórmula ligera: de rápida absorción y con una sensación refrescante, sin dejar la piel grasa | • protección antioxidante: ayuda a combatir los daños causados por los radicales libres | • restaura los niveles de hidratación de la piel",https://www.natura.cl/p/acqua-biohidratante-renovador-chronos-derma-40-g/NATCHL-91849
Kit Antiseñales +80 Chronos,NATCHL-206791,"No lncluye bolsaKit Antiseñales +80 ChronosBiociencia Chonos, ciencia de la vitalidad celular.Unión de potentes bioactivos (ingredientes de la biodiversidad brasilera) y dermoactivos (ingredientes dermatológicos)Repara profundamente el espesor de la piel.+ 95% uniformiza la piel en 2 semanas*100% más fortalecimento y nutrición*El uso combinado día + noche aporta 4 veces más colágeno para tu piel.Activa la vitalidad celular. **Reduce arrugas profundas.Fortalece las capas de la piel.Nutre la piel profundamente.Uniformiza manchas de envejecimiento blancas y oscuras.*porcentaje de mujeres con resu",https://www.natura.cl/p/kit-antisenales-80-chronos/NATCHL-206791
Miniatura Eau de Toilette Femenino Kaiak Aventura 25ml,NATCHL-170509,"siente la emoción de los rápidos con Kaiak Aventura Femenino.• combinación perfecta entre agua, sol y selva• notas acuosas y verdes se unen a la vibración floral del muguet y del jazmín con el calor acogedor del musk• mucha energía para acompañar tu día a día lleno de aventura.",https://www.natura.cl/p/kaiak-aventura-eau-de-toilette-femenino-miniatura-25-ml/NATCHL-170509
Jabón en Barra Puro Vegetal Cremoso Ekos,NATCHL-134575,"piel limpia y protegida con el poder de los activos amazónicos.• jabones cremosos que limpian sin resecar • 4 fragancias deliciosas para perfumar el cuerpo • jabones veganos que mantienen la hidratación natural de la piel • hechos con aceites de la biodiversidad brasileña • la línea Ekos contribuye a la regeneración de la selva y ayuda a fortalecer el ingreso de familias guardianas de la Amazonía contiene caja con 4 jabones en barra de 100 gramos cada uno, siendo 1 castaña, 1 maracuyá, 1 ucuuba y 1 andiroba• 97% de origen natural.",https://www.natura.cl/p/jabon-en-barra-puro-vegetal-cremoso-ekos-4-un-de-100-g/NATCHL-134575
Repuesto Crema para peinar Modeladora Cabello Rizado Lumina,NATCHL-148403,• 85% más definición | • hidratación inmediata | • 5 veces menos frizz | • cabello 2 veces más suave | • 2 veces más brillo | • protege el cabello de la pérdida de humedad natural | • promueve rizos 85% más definidos y con 5 veces más hidratación* | • nuevo envase y nueva fragancia | • fórmula con BioProteína Triple Acción + Complejo de Chía y Linaza | • producto vegano,https://www.natura.cl/p/repuesto-crema-de-peinar-modeladora-para-cabellos-rizados-300-ml/NATCHL-148403
Kit Ekos Cupuaçu de hidratación y perfumación,NATCHL-256138,"firmeza, frescura e hidratación completa en tu día a día• crema con 3 veces más hidratación reafirmante para la piel* • mejora visible de la celulitis en 30 días** • 91% afirman que deja la piel más firme y tonificada*** • crema hidratante que combate la resequedad profunda • 86% de mejora en el aspecto de piel de naranja**** • mejora la firmeza y elasticidad de la piel después de 15 y 30 días de uso • Eau de toilette con fragancia ligera, vibrante y llena de naturalidad • perfecta para acompañar tus días con confort y bienestar • notas cítricas y frutales ligeras y refrescantes • ideal para q",https://www.natura.cl/p/kit-natura-ekos-cupuacu-de-hidratacion-y-perfumacion-3-productos/NATCHL-256138
Mini Serum Intensivo Reparador Hidratante,NATCHL-179452,"estimula la producción de colágeno, elastina y ácido hialurónico• 100% de reducción de todo tipo de arrugas • más 69% de colágeno • más 75% de elastina • más 54% de ácido hialurónico • conecta las capas de la piel • reorganiza la estructura cutánea • activa la vitalidad celular para una piel saludable • resultados reales comprobados por dermatólogos • contiene activo: probiótico, 125 millones de porciones probióticas que fortalecen la microbiota de la piel. • contiene bioactivo: prebióticos de jatobá y casearia, que aumentan la producción de colágeno, elastina y ácido hialurónico • dermatológi",https://www.natura.cl/p/mini-serum-intensivo-reparador-hidratante-chronos-derma-10ml/NATCHL-179452
Corrector Cobertura Extrema Una 8 Ml,NATCHL-00006,"• resistente al agua y sudor con textura cremosa de larga duración | • tecnología HD: alta cobertura incluso frente a videos y fotos | • acabado matte, para todo tipo de piel. Vitamina E | • acción antioxidante, que combate radicales libres previniendo el envejecimiento precoz",https://www.natura.cl/p/corrector-cobertura-extrema-una-8-ml/NATCHL-00006
Repuesto Jabón líquido cremoso ducha en las nubes Tododia té de manzanilla y lavanda,NATCHL-159710,"Repuesto Jabón líquido cremoso ducha en las nubes Tododia té de manzanilla y lavandaLimpieza delicada y piel hidratada. Espuma cremosa y envolvente. Contiene una fragancia relajante.Modo de usoUso con o sin esponja, aplicar sobre la piel húmeda con movimientos circulares. Enjuagar enseguida. Disfrutar del momento y relajarse.Contenido300 ml""Sobre la línea TododiaCuando la piel siente, todo el cuerpo reacciona, la piel nos reconecta con el presente y al nutrirla, alimentamos también nuestro sentir. Tododia ofrece una línea de cremas nutritivas corporales de fragancias envolventes y texturas cre",https://www.natura.cl/p/repuesto-jabon-liquido-cremoso-ducha-en-las-nubes-tododia-te-de-manzanilla-y-lavanda-300-ml/NATCHL-159710
Super Sérum reductor de arrugas,NATCHL-169264,"• contiene prebióticos y probióticos* capaces de reestructurar la piel para una reducción intensiva de todo tipo de arrugas | • los activos más eficaces de la biodiversidad brasileña y de la ciencia mundial | • fórmulas libres de aceite y textura ligera | • tecnología que actúa en todas las capas de la piel, fortaleciendo la microbiota y recuperando la estructura cutánea | • mejora la densidad y reorganiza las capas de la piel | • acción antioxidante que protege las células de la piel | • aumenta la cantidad de colágeno, elastina y ácido hialurónico | • eficacia 100 % comprobada: reducción de ",https://www.natura.cl/p/super-serum-reductor-de-arrugas-chronos-derma-30-ml/NATCHL-169264
Sérum intensivo para bolsas y ojeras,NATCHL-127754,"• revitaliza tu mirada: suaviza bolsas y aclara ojeras marrones y azules | • resultados comprobados a través de tests clínicos e instrumentales | • revitaliza tu mirada: suaviza bolsas y aclara ojeras marrones y azules | • 86% DE REDUCCIÓN DE SIGNOS VISIBLES DE CANSANCIO ** | • aplicador refrescante e innovador para masajear la zona de los ojos y activar la microcirculación | • contiene partículas reflectoras de luz que se adaptan a todos los tonos de piel, aportan luminosidad y reduciendo los signos de cansancio | • su uso aumenta la absorción del producto y potencializa los resultados | • in",https://www.natura.cl/p/serum-intensivo-para-bolsas-y-ojeras-chronos-derma-15-ml/NATCHL-127754
Kit Lumina Brillo y protección color Completo,NATCHL-202441,No lncluye bolsaKit Lumina Brillo y protección color CompletoSistema de tratamiento brillo y protección del colorCabellos naturales opacos o con coloraciónCon exclusiva combinación de activos para brillo intenso y protección de color por más tiempo. Resultados comprobados desde la primera aplicación.Contenido1 Shampoo revitalizante - 300 ml 1 Acondicionador protector - 300 ml1 Máscara de blindaje - 220 ml1 Spray antidecoloración y brillo - 150 ml Sobre la línea Lumina:Tratamiento capilar de alta tecnología para revelar la belleza única que hay en toda mujer y en todo cabello. Natura Lumina. Tu,https://www.natura.cl/p/kit-lumina-brillo-y-proteccion-color-completo/NATCHL-202441
Jabones en barra puro vegetal Frambuesa y Pimienta Rosa,NATCHL-2831,• una combinación de ingredientes naturales que limpia suavemente | • mantiene la hidratación natural de la piel | • con una fragancia frutal cremosa y un toque inesperado de pimienta | • perfuma todo el cuerpo durante el baño | • producto vegano con ingredientes de origen natural y vegetal,https://www.natura.cl/p/jabones-en-barra-puro-vegetal-frambuesa-y-pimienta-rosa-5x90g/NATCHL-2831
Espuma de limpieza suave Chronos,NATCHL-135060,"• mantiene la hidratación natural de la piel | • limpieza eficaz | • textura refrescante y cremosa | • forma una delicada película sobre la piel | • sin sensación de tirantez | • contiene bioactivo de cacao, que repone componentes esenciales de la piel | • piel suave y radiante | • dermatológicamente testado | • edad recomendada: 18+ | • cruelty free | • vegano | • ocasión: limpieza | • para todo tipo de piel | • zona de aplicáción: rostro y cuello",https://www.natura.cl/p/espuma-de-limpieza-suave-chronos-150-ml/NATCHL-135060
Repuesto Sérum intensivo rellenador hidratante,NATCHL-168818,"• +75% ácido hialurónico para tu piel¹ | • 100% piel más hidratada y fortalecida (en hasta 14 días)² | • reponer, proteger y estimular el ácido hialurónico y los mecanismos esenciales de retención de agua en la piel | • activa la vitalidad celular para una piel saludable³ | • resultados reales comprobados por dermatólogos | • mayor potencia en tu tratamiento, con un 88% menos de residuos en el planeta | • efecto inmediato: +92% de relleno² | • en 7 días, aumenta el relleno y la hidratación en las capas intermedias de la piel, previniendo arrugas | • en 15 días, activa mecanismos de auto-hidrat",https://www.natura.cl/p/repuesto-serum-intensivo-rellenador-hidratante-chronos-derma-30-ml/NATCHL-168818
Repuesto Jabón cremoso para Manos,NATCHL-28175,• limpieza suave que no agrede la piel | • espuma cremosa | • con pH fisiológico | • deja una delicada capa protectora sobre la piel | • recupera la capa de protección de la piel un 50% más rápido que un jabón convencional | • fragancia fresca y natural,https://www.natura.cl/p/repuesto-jabon-cremoso-para-manos-erva-doce-250ml/NATCHL-28175
Kit Shampoo y Acondicionador Ekos Murumuru,NATCHL-241038,"ritual de cuidados con la potencia antidaños del murumuru.• hecho con manteca bruta de murumuru, potente bioactivo que reconstruye el cabello • reduce las puntas abiertas hasta 3 veces¹ • estimula la producción de queratina, dejando el cabello con aspecto más saludable • shampoo que prepara el cabello para recibir el tratamiento • limpia sin agredir el cuero cabelludo • acondicionador que desenreda el cabello y reconstruye la fibra capilar • cabello nutrido, suave y restaurado • la línea Ekos Murumuru contribuye a la regeneración de la Amazonía y ayuda a fortalecer los ingresos de 2049 familia",https://www.natura.cl/p/kit-shampoo-y-acondicionador-ekos-murumuru/NATCHL-241038
Repuesto Acondicionador Infantil Lisos y Ondulados Naturé,NATCHL-102398,"• acondicionador para cabello liso y ondulado | • deja el cabello suave, brillante y fácil de peinar | • fórmula que reduce el frizz y evita la formación de nudos | • deliciosa fragancia frutal, con aroma a niñez feliz | • no irrita los ojos | • 96% de ingredientes de origen natural | • 95% de biodegradabilidad | • libre de colorantes artificiales, siliconas y sulfatos | • ideal para cabellos con curvas de 1A a 2C | • probado dermatológicamente | • edad sugerida: 4 a 8 años | • tipo de cabello: liso y ondulado | • cruelty free | • vegano",https://www.natura.cl/p/repuesto-acondicionador-nature-cabello-lacio-y-ondulado-250-ml/NATCHL-102398
Regalo Padres Desodorante + Jabón + Hidratante Corporal Homem,NATCHL-247102,"protección, cuidado y frescura todos los días• antitranspirante con protección intensa por hasta 72 horas contra el sudor y el mal olor, con el cuidado que tu piel merece • con Tecnología DermoTech, que fortalece y cuida la piel de las axilas • toque seco, sin manchas en la ropa • jabones en Barra 2 en 1, perfectos para el hombre que valora la practicidad en la rutina de cuidados • fórmula que puede usarse para limpiar y proteger la piel de todo el cuerpo y también para facilitar el deslizamiento de la hoja al afeitarse • contiene bioactivo: coco babaçu • hidratante corporal con efecto inmedia",https://www.natura.cl/p/regalo-padres-natura-hombre/NATCHL-247102
Crema de afeitar multifuncional Homem,NATCHL-151021,• contiene bioactivo: coco babasú | • probado dermatológicamente | • textura: cremosa | • zona de aplicación: rostro y cuello | • hidrata profundamente y previene irritaciones en la piel | • facilita el deslizamiento de la cuchilla | • fortalece la piel | • rápida absorción | • sin aspecto graso | • tecnología DermoTech: cuida y fortalece la piel | • producto vegano | • desarrollado con base en el conocimiento tradicional de las Comunidades Tradicionales Quebradoras de Coco Babasú | • cruelty free | • tipo de piel: todo tipo de piel,https://www.natura.cl/p/crema-de-afeitar-multifuncional-homem-75-ml/NATCHL-151021
Loción Hidratante Relajante Mamá y Bebé,NATCHL-92806,Loción Hidratante Relajante Mamá y Bebé -200ml,https://www.natura.cl/p/locion-hidratante-relajante-mama-y-bebe-200ml/NATCHL-92806
Shampoo Antidaños y Reconstrucción Murumuru Ekos 300ml,NATCHL-113243,"prepara el cabello para recibir el tratamiento con la potencia antidaños del murumuru.• reduce las puntas abiertas hasta 3 veces* • estimula la producción de queratina, dejando el cabello con un aspecto más saludable • limpia sin agredir el cuero cabelludo • no tiene sulfatos • hecho con manteca bruta de murumuru • cabellos nutridos y más saludables • la línea Ekos Murumuru contribuye a la regeneración de la Amazonía y ayuda a fortalecer los ingresos de 2049 familias guardianas de la selva vinculadas a la cosecha sustentable • 97% de origen natural. * resultados comprobados por prueba in vitro",https://www.natura.cl/p/shampoo-ekos-murumuru-300-ml/NATCHL-113243
Una Serum Labial,NATCHL-106295,"• manteca de cupuaçu: preserva la hidratación natural de los labios | • aceite de jojoba: proporciona nutrición intensa y es rico en vitamina E, ofreciendo una acción antioxidante natural | • extracto de regaliz: previene los signos de envejecimiento prematuro | • aceite de flor espuma del prado: ayuda en la restauración y previene la resequedad | • 48 horas de hidratación para labios regenerados | • el 84% percibió la formación de una capa hidratante duradera | • el 83% sintió los labios recuperados durante la noche | • el 97% notó labios con apariencia más saludable | • el 89% sintió los lab",https://www.natura.cl/p/una-serum-labial-rosa-18g/NATCHL-106295
Sérum intensivo multiaclarador de manchas,NATCHL-169222,"Sérum intensivo multiaclarador de manchas Chronos DermaNUEVA FÓRMULA: sérum ultraliviano con absorción inmediata y secado rápido.Ideal para todos los tipos de pielTextura sérum ultraliviana conabsorción inmediata y secado rápido.Ideal para todos los tipos de piel.1. ACLARAlos diferentes tiposde manchas: solares,acné, envejecimiento,hormonales, embarazo,pecas, respetando el tononatural de la piel*.2. PREVIENEnuevas manchas y elreaparición de las yaexistentes*.3. ACTIVAla vitalidad celular parauna piel saludable*.-84% de manchas en dos semanas*91% piel uniforme imediatamente** BioactivoAroeiraRe",https://www.natura.cl/p/serum-intensivo-multiaclarador-de-manchas-chronos-derma-30-ml/NATCHL-169222
Eau de Toilette femenino Luna Divina 75 ml,NATCHL-186460,"Luna Divina exalta la libertad, la versatilidad y el poder de la mujer.• fragancia radiante e irresistible • combinación de maderas intensas, frambuesa pimienta rosa y pétalos de peonía • contiene priprioca, ingrediente de la biodiversidad brasileña • perfumación distintiva para mujeres que abrazan sus diferentes versiones.",https://www.natura.cl/p/desodorante-colonia-luna-divina-75-ml/NATCHL-186460
Pulpa hidratante corporal Ekos Cacao,NATCHL-163707,"• piel suave, aterciopelada y más firme | • hidratación por hasta 72 horas | • doble producción de colágeno | • combate la resequedad | • con manteca cruda de cacao de la Amazonía | • perfuma la piel con fragancia cítrica dulce | • edición limitada",https://www.natura.cl/p/pulpa-hidratante-corporal-ekos-cacao-400-ml/NATCHL-163707
Gel de Limpieza para Control de Oleosidad Faces,NATCHL-166352,"el Gel de Limpieza es el primer paso en tu nueva rutina de cuidado de la piel. • jabón facial en gel con ácido salicílico • controla la oleosidad de la piel por hasta 8 horas, sin perder la hidratación natural de la piel • limpia profundamente y elimina impurezas • desobstruye los poros.",https://www.natura.cl/p/gel-de-limpieza-para-control-de-oleosidad-faces-120-g/NATCHL-166352
Repuesto Shampoo Definición y Hidratación Lumina 300ml,NATCHL-148162,"• limpieza equilibrada, sin resecar | • cabello 4 veces más fácil de peinar | • reduce el frizz | • efecto antinudos que facilita el desenredo durante y después del lavado | • nuevo envase y nueva fragancia | • fórmula con BioProteína Triple Acción + Complejo de Chía y Linaza | • producto vegano | • BioProteína Triple Acción + Complejo de Chía y Linaza: | • promueve rizos 85% más definidos y con 5 veces más hidratación* | • curvatura 3A a 3C | • tipo de cabello: rizado | • cruelty free | • tipo de tratamiento: definición e hidratación",https://www.natura.cl/p/repuesto-shampoo-cremoso-para-cabellos-rizados-300-ml/NATCHL-148162
Jabón líquido corporal Avellana y Casis,NATCHL-86022,"• fórmula que limpia delicadamente la piel | • mantiene la hidratación natural | • respeta la piel, sin agredir ni resecar | • espuma cremosa y abundante | • textura en gel con fragancia envolvente | • inspirada en la combinación de avellana y cassis",https://www.natura.cl/p/jabon-liquido-corporal-avellana-y-casis-tododia-300ml/NATCHL-86022
Desodorante Antitranspirante Roll-on Kaiak Urbe Masculino,NATCHL-189398,protege las axilas y perfuma con la fragancia vibrante de Kaiak Urbe.• alta protección por hasta 72 horas • cuida la piel con activos naturales • tecnología invisible que no mancha la ropa clara y oscura • bioinnovación: combina lo mejor de la ciencia y la naturaleza • fragancia aromática especiada moderada.,https://www.natura.cl/p/desodorante-antitranspirante-roll-on-kaiak-urbe-masculino-75-ml/NATCHL-189398
Crema para peinar Infantil cabello rizado y crespo Naturé,NATCHL-102404,"• crema que deja los rizos más fáciles de peinar, más definidos y activados por hasta 24 horas | • fórmula que protege y nutre el cabello | • perfuma los rizos con un aroma a niñez feliz | • envase divertido Naturé, | • una invitación a explorar, jugar y conectarse con la naturaleza | • explora el mundo al aire libre con Naturé",https://www.natura.cl/p/crema-para-peinar-cabello-rizado-y-crespo-nature-250-ml/NATCHL-102404
Regalo Padres Frescor + Jabón en Barra Ekos Andiroba,NATCHL-247073,"fragancia impactante para sentir la conexión con la fuerza de la naturaleza• colonia inspirada en la potencia y resistencia de las maderas sumergidas de las várzeas amazónicas, que se recomponen en el flujo del tiempo • combina la frescura de las notas verdes con un carácter amaderado rústico y un toque floral • enriquecida con aceite crudo 100% natural, extraído de la andiroba • jabón que proporciona múltiples sensaciones y un cuidado amplio para ti y la Amazonía • elaborado con aceite 100% vegetal puro de la Amazonía y fórmulas biodegradables exclusivas • perfuma y limpia sin resecar • manti",https://www.natura.cl/p/regalo-padres-natura-ekos-andiroba/NATCHL-247073
Regalo Padres Agua de Colonia Papá y Bebé Mini 2x50ml,NATCHL-184842,"regalo con aroma a cariño, amor y cuidado.• fórmulas 100% seguras para usar desde el primer día de vida • dos fragancias suaves y perfectas para diferentes momentos del día, del paseo al sueño • sin alcohol, no agreden la piel sensible del bebé • probados y aprobados por pediatras • todos los productos para el bebé son hipoalergénicos, fueron formulados de manera a minimizar el posible surgimiento de alergias. contiene agua de colonia sin alcohol 50 ml agua de colonia sin alcohol relajante 50 ml y caja especial de regalo.",https://www.natura.cl/p/regalo-natura-papa-y-bebe-miniaturas-2-productos/NATCHL-184842
Eau de Toilette Femenino Kaiak Oceano 100ml,NATCHL-111179,"• concentración: eau de toilette | • gota olfativa: floral | • ingredientes de la biodiversidad brasileña | • notas de salida: frutal acuoso, algas marinas, pataqueira* | • notas de corazón: jazmín, floral acuoso, ylang-ylang | • notas de fondo: cashmeran, complejo ambarino, sándalo | • libre de crueldad animal | • vegano | • ocasión: uso diario, para salir | • subfamilia: Frutal",https://www.natura.cl/p/kaiak-oceano-eau-de-toilette-femenina-100ml/NATCHL-111179
Delineador en Fibra para Ojos Una,NATCHL-34262,"• dale un toque de sofisticación a tu mirada con un delineado fino, preciso y ultra negro hasta por 24 horas | • alta fijación | • color intenso | • formato en pluma que facilita la aplicación | • secado rápido y baja transferibilidad",https://www.natura.cl/p/delineador-en-fibra-negro-1ml/NATCHL-34262
Colonia Infantil clásica Mamá y Bebé 100ml,NATCHL-92786,"• fragancia suave y delicada | • libre de alcohol, ideal para la piel sensible del bebé | • evoca el cariño y el abrazo acogedor de una madre | • combina suaves flores de lavanda con notas ligeramente dulces | • puede usarse desde los primeros días de vida | • probado dermatológicamente | • producto formulado para minimizar el riesgo de alergias",https://www.natura.cl/p/agua-de-colonia-mama-y-bebe-100ml/NATCHL-92786
Shampoo 2 en 1 Homem,NATCHL-151018,"fórmula práctica que limpia y acondiciona sin apelmazar. • fibras suaves, con más movimiento y dos veces más brillo* • deja el cabello con aspecto saludable • fácil de esparcir, con espuma abundante • frescura y cuidado para tu cabello • hecho con óleo de babaçu, que contribuye al refuerzo de la barrera cutánea y del mecanismo de defensa de la piel • con exclusiva tecnología DermoTech®, desarrollada especialmente para la piel masculina, que protege contra las agresiones de la rutina • fragancia que combina con todas las perfumerías de Natura Homem. *resultado comprobado en estudio clínico inst",https://www.natura.cl/p/shampoo-2-en-1-homem-300-ml/NATCHL-151018
Colección Eau de Parfum alta perfumería 4 unidades 10ml,NATCHL-139034,"una invitación a vivenciar una experiencia creativa y autoral en tu piel • Natura Colección trae nuestros 4 eau de parfum en envases portátiles, fragancias que pueden usarse individualmente o combinadas entre sí • la colección, ideal para regalar, posibilita una experiencia olfativa creativa y original en la piel • combinaciones autorales y exclusivas de nuestros ingredientes naturales latinoamericanos con ingredientes clásicos de la perfumería mundial, que sorprenden los sentidos y las emociones • co-creado por nuestra master perfumista, Verônica Kato, y renombrados perfumistas del mundo • in",https://www.natura.cl/p/natura-coleccion-eau-de-parfum-4-unidades-de-10-ml-cada-una/NATCHL-139034
Hidratante Facial Matificante Faces,NATCHL-166353,el Hidratante Matificante es el tercer paso en tu nueva rutina de cuidado de la piel.• hidratante con activos de cuidado de la piel • hidrata profundamente por 48 horas • ayuda a reducir la oleosidad • piel más saludable y seca • rápida absorción con toque seco y aterciopelado • acabado mate • fórmula libre de aceites.,https://www.natura.cl/p/hidratante-facial-matificante-faces-50-ml/NATCHL-166353
Sérum Facial Unificador Uniformiza+ Faces,NATCHL-166354,"el Gel Facial Uniformador es el segundo paso en tu nueva rutina de cuidado de la piel. • textura ligera y activos de skincare • uniformiza la piel y disimula la apariencia de los poros • controla la oleosidad por hasta 8 horas, sin perder la hidratación natural de la piel.",https://www.natura.cl/p/serum-facial-unificador-uniformiza-faces-35-g/NATCHL-166354
Shampoo Infantil Rizados Naturé 250ml,NATCHL-102400,"• shampoo para cabello rizado y crespo | • limpia suavemente y forma una espuma cremosa que no reseca el cabello | • deja el cabello desenredado y los rizos definidos | • fragancia con aroma a niñez feliz | • envase divertido Naturé, que invita a jugar en la naturaleza | • rizos definidos y felices todo el día",https://www.natura.cl/p/shampoo-cabello-rizado-y-crespo-nature-250-ml/NATCHL-102400
Kit Lumina Nutrición Repuestos,NATCHL-206785,"No lncluye bolsaKit Lumina Nutrición RepuestosNutrición y reparación profunda para cabellos secos o resecos .Limpieza y nutrición2,5x más suavidad e hidratación.3x más resistencia .6x más fácil de peinar.Contenido2 Repuesto Shampoo nutritivo para cabellos secos o resecos - 300 ml2 Repuesto Acondicionador polinutrición para cabellos secos o resecos - 300 ml Sobre la línea Lumina:Tratamiento capilar de alta tecnología para revelar la belleza única que hay en toda mujer y en todo cabello. Natura Lumina. Tu cabello, tu verdad.Cabello regenerado en la medida exacta de cada daño. Reducción de hasta ",https://www.natura.cl/p/kit-lumina-nutricion-repuestos/NATCHL-206785
Ekos Frescor Andiroba 150 ml,NATCHL-218360,"fragancia impactante para sentir la conexión con la fuerza de la naturaleza.• tu frescor favorito cambió, pero continúa con fragancia deliciosa • inspirada en la potencia y resistencia de las maderas sumergidas de las várzeas amazónicas que se recomponen en el flujo del tiempo • combina el frescor de las notas verdes con el rústico amaderado y toque floral • desodorante colonia enriquecido con aceite bruto 100% natural, extraído de la andiroba • la línea Ekos Andiroba contribuye a la regeneración de la selva y fortalece la renta de 2122 familias guardianas de la naturaleza ligadas a la cosecha",https://www.natura.cl/p/ekos-frescor-andiroba-150-ml/NATCHL-218360
Jabón líquido corporal Frambuesa y Pimienta Rosa,NATCHL-5852,"• respeta tu piel, sin agredirla ni resecarla | • mantiene la hidratación natural | • espuma cremosa y abundante | • explosión de fragancia inspirada en frambuesa y pimienta rosa | • convierte tu baño en una experiencia placentera",https://www.natura.cl/p/jabon-liquido-corporal-frambuesa-y-pimienta-rosa-tododia-300ml/NATCHL-5852
Spray de Aminoácidos Pre-Secado para cabellos lisos o alisados,NATCHL-167288,"Spray de Aminoácidos Pre-Secado Lumina Spray acuoso, ideal para la restauración y manutención del efecto liso por más tiempo. Con secado rápido y protección contra la humedad. Cabellos más protegidos y prolijos:- Más efecto liso- Efecto anti frizz por hasta 4 días*- Barrera anti humedad por hasta 4 días- Reposición de aminoácidos- Recuperación total de puntas abiertas- Alta protección térmica hasta 230ºC• Producto vegano • Contra pruebas en animales • Envases ecológicos (plástico 100% verde reciclableContenido150 mlSobre la línea Lumina:Tratamiento capilar de alta tecnología para revelar la be",https://www.natura.cl/p/spray-de-aminoacidos-pre-secado-para-cabellos-lisos-o-alisados-150-ml/NATCHL-167288
Shampoo Anticaída Patauá Ekos 300ml,NATCHL-113409,limpia sin agredir el cuero cabelludo con la potencia anticaída del patauá.• fortalece la fibra capilar • prepara el cabello para el ritual de tratamiento capilar biocosmético anticaída* • cabello más fuerte y resistente • hecho con aceite de patauá • la línea Ekos Patauá contribuye a la regeneración de la Amazonía y ayuda a fortalecer los ingresos de 606 familias guardianas de la selva vinculadas a la cosecha sustentable • 97% de origen natural. *resultados comprobados de reducción de caída por quiebre,https://www.natura.cl/p/shampoo-ekos-pataua-300-ml/NATCHL-113409
Labial cremoso multimix Faces,NATCHL-00092,"• más color, más cobertura con efecto cremoso | • colores vibrantes, efecto mate y FPS 10 | • viene con espejo en la tapa | • también puede usarse como blush | • perfecto para llevarlo contigo a todas partes | • cobertura: alta | • probado dermatológicamente | • efecto: mate | • protección solar: FPS 10 | • edad recomendada: a partir de 18 años | • cruelty free | • textura: suave | • zona de aplicación: labios | • expresa tu belleza como y donde quieras",https://www.natura.cl/p/labial-cremoso-multimix-faces/NATCHL-00092
Jabón de tocador en barra cuerpo y barba Homem,NATCHL-151023,• protege las defensas naturales de la piel | • facilita el deslizamiento de la cuchilla al afeitar | • disminuye la irritación de la piel después del afeitado | • perfecto para el hombre que valora la practicidad | • tecnología DermoTech: cuida y fortalece la piel | • producto desarrollado basado en el conocimiento tradicional de las Comunidades Tradicionales de Quebradoras de Coco Babaçu | • contiene 3 jabones de 110 g cada uno,https://www.natura.cl/p/jabon-de-tocador-en-barra-cuerpo-y-barba-homem-1-caja-de-3-unidades-de-110-g-cu/NATCHL-151023
Mamá Hid Emulsión y Oleo,NATCHL-250353,"prevención de estrías e hidratación profunda durante el embarazo• aceite que mejora la elasticidad de la piel • proporciona hidratación intensa hasta por 24 horas • rico en aceite de almendras • 99% de ingredientes naturales y biodegradables • recupera y restaura la piel • envase de plástico 100% verde • baja concentración de fragancia • sin ingredientes controvertidos • no contiene parabenos, siliconas ni colorantes • hidratante corporal que previene estrías • producto hipoalergénico • dermatológicamente testeado • indicado para embarazadas • hipoalergénico • cruelty free • vegano • apto para",https://www.natura.cl/p/mama-hid-emulsion-y-oleo/NATCHL-250353
Regalo Padres Hidratante manos + Hidratante Corporal Ekos Acaí,NATCHL-247090,"48 horas de hidratación para las manos y uñas con la potencia antioxidante del açaí• crema para manos elaborado con extracto y aceite crudo de açaí, que ayuda en el proceso antioxidante de la piel • hidrata de inmediato y combate los signos de la resequedad • deja la piel iluminada y fortalece las uñas • textura ligera de rápida absorción • nueva envase 100% aluminio reciclado • crema corporal que hidrata hasta por 72 horas • protege, reenergiza y deja la piel radiante y con aspecto saludable • posee acción antioxidante que combate los radicales libres • doble acción para una piel hidratada y ",https://www.natura.cl/p/regalo-padres-natura-ekos-acai/NATCHL-247090
Máscara hidratante Faces,NATCHL-183308,• hidratación profunda | • piel luminosa y radiante | • con doble ácido hialurónico | • repara la barrera de la piel | • actúa en 15 minutos | • con niacinamida | • tecnología que garantiza efecto luminoso | • energía prolongada para la piel | • dermatológicamente probado | • cruelty free | • vegano | • ocasión: tratamiento intensivo | • tipo de piel: todo tipo de piel | • zona de aplicación: rostro,https://www.natura.cl/p/mascara-hidratante-faces-20-ml/NATCHL-183308
Repuesto Acondicionador Lumina Restauración y Liso Prolongado,NATCHL-167285,"restaura el cabello y disminuye el frizz. • repuesto más económico y sostenible: 79% menos plástico que el envase original • cabellos 3 veces más suaves y con movimiento • control del frizz por 24 horas • promueve una recarga de nutrientes • 4 veces más efecto liso en los cabellos y protección contra la humedad por hasta 4 días* • fragancia moderna y original. combina la frescura de la mandarina con la manzana verde, un ramo floral y la sofisticación del musk y maderas. *beneficios comprobados con el uso de la línea completa.",https://www.natura.cl/p/repuesto-acondicionador-lumina-restauracion-y-liso-prolongado-300-ml/NATCHL-167285
Protector Solar Facial Multiprotector Aclarador FPS 50+,NATCHL-183275,"-45% manchas solares en todos los tipos y tonos de piel.*• unifica, previene y reduce manchas • protege del sol, aclara manchas y previene el fotoenvejecimiento • acabado ultra invisible en todos los tonos de piel • textura ligera y toque seco • tiene rápida absorción y es fácil de esparcir. *resultado comprobado en prueba clínica e instrumental luego de 90 días de uso continuo del producto.",https://www.natura.cl/p/protector-solar-facial-multiprotector-aclarador-fps-50-50-ml/NATCHL-183275
Desodorante Antitranspirante Roll-on Kaiak Femenino,NATCHL-189391,cuidado perfumado con la clásica fragancia Kaiak Femenino.• alta protección por hasta 72 horas • cuida la piel con activos naturales • tecnología invisible que no mancha la ropa clara y oscura • bioinnovación: combina lo mejor de la ciencia y la naturaleza • fragancia cítrica floral moderada.,https://www.natura.cl/p/desodorante-antitranspirante-roll-on-kaiak-femenino-75-ml/NATCHL-189391
Shampoo Infantil Mamá y Bebé 200ml,NATCHL-92790,• shampoo para bebé Natura Mamá y Bebé | • limpieza suave y eficaz | • fórmula que no irrita los ojos | • deja el cabello suave y fácil de peinar | • producto hipoalergénico | • perfume delicado y agradable | • fácil enjuague | • envase fácil de usar | • probado dermatológicamente | • edad sugerida: 0 a 3 años | • tipo de cabello: todos los tipos de cabello | • disponible en refill | • hipoalergénico | • cruelty free | • producto vegano,https://www.natura.cl/p/shampoo-mama-y-bebe-200ml/NATCHL-92790
Máscara Hidratación Manzana verde y Aloe Vera Tododia 250ml,NATCHL-154871,"• enriquecido con pantenol y extracto de aloe vera, que hidratan y retienen la humedad | • fragancia fresca y delicada con notas de manzana verde | • hidrata profundamente sin apelmazar | • cuidado intenso y rápido | • recupera el cabello del desgaste diario | • devuelve brillo y movimiento al cabello desde el primer día | • cabello más suave y suelto | • fórmula con 98% de ingredientes de origen natural",https://www.natura.cl/p/mascara-concentrada-hidratante-tododia-manzana-verde-y-aloe-vera-250-ml/NATCHL-154871
Crema para peinar Modeladora Cabello Rizado Lumina 300ml,NATCHL-148437,• hidratación inmediata para rizos 85% más definidos* | • 5 veces menos frizz | • 2 veces más brillo* | • cabello 2 veces más suave | • protege el cabello de la pérdida de humedad natural,https://www.natura.cl/p/crema-de-peinar-modeladora-300-ml/NATCHL-148437
Gel para afeitar Homem,NATCHL-152277,"• afeitado suave, preciso y sin irritaciones | • fórmula transparente | • fácil aplicación | • permite una visión clara de las áreas a afeitar | • facilita el contorno y garantiza un resultado impecable | • enriquecido con ingredientes hidratantes | • suaviza el vello | • reduce la fricción de la cuchilla | • previene cortes e irritaciones | • ideal para todo tipo de piel | • deja la piel suave, fresca y ligeramente perfumada | • fragancia masculina sofisticada | • perfecto para hombres que buscan practicidad y eficacia en su rutina diaria de afeitado | • contiene bioactivo: coco babaçu | • te",https://www.natura.cl/p/gel-para-afeitar-homem-75-g/NATCHL-152277
Acondicionador Definición y Hidratación Lumina 300ml,NATCHL-148411,• hidratación sin apelmazar el cabello | • 75% menos frizz | • cabello 5 veces más acondicionado | • 2 veces más brillo | • 3 veces más suavidad | • efecto antienredos que facilita el desenredo durante y después del lavado | • nuevo envase y nueva fragancia | • fórmula con BioProteína Triple Acción + Complejo de Chía y Linaza | • producto vegano,https://www.natura.cl/p/acondicionador-hidratante-lumina-cabellos-rizados-300-ml/NATCHL-148411
Shampoo Anticaspa Homem,NATCHL-160210,"elimina la caspa y promueve más cuidado y vitalidad para el cuero cabelludo. • elimina 100% de la caspa visible* sin resecar • previene la reaparición de la caspa por hasta 7 días** • limpia e hidrata sin apelmazar • hecho con aceite de babaçu, que contribuye al refuerzo de la barrera cutánea y del mecanismo de defensa de la piel • con exclusiva tecnología DermoTech®, desarrollada especialmente para la piel masculina, que protege contra las agresiones de la rutina • fragancia que combina con todas las perfumerías de Natura Homem. *resultado comprobado en estudio clínico instrumental. **después",https://www.natura.cl/p/shampoo-anticaspa-homem-300-ml/NATCHL-160210
Mascarilla para Pestañas Multi HD Una,NATCHL-174921,"realza tu mirada con múltiples efectos.• 88% más volumen¹ en las pestañas • 18% más alargamiento¹ de las pestañas • 84% más definición² de las pestañas • combinación perfecta de ceras naturales con pigmento intenso que crea una textura ligera • fórmula resistente al agua y al sudor • dura todo el día, sin manchar ni desmoronarse • aplicador de cerdas de silicona. ¹prueba instrumental in vitro ²prueba sensorial de consumidor en 120 mujeres.",https://www.natura.cl/p/mascarilla-para-pestanas-multi-hd-una-9-g/NATCHL-174921
Kit Lumina Liso y Alisado Básico,NATCHL-206783,"No incluye bolsaKit Lumina Liso y Alisado Básico Cabellos reparados y nutridos profundamente, con más efecto liso y por mucho más tiempo.Limpieza equilibrada de larga duración. Remueve los residuos post- alisado.Restaura al cabello y disminuye el frizz. Cabellos con efecto liso, prolijos, ultra suaves y con movimiento.Contenido1 Shampoo restaurador para cabellos lisos o alisados - 300 ml1 Acondicionador para cabellos lisos o alisados - 300 ml Sobre la línea Lumina:Tratamiento capilar de alta tecnología para revelar la belleza única que hay en toda mujer y en todo cabello. Natura Lumina. Tu cab",https://www.natura.cl/p/kit-lumina-liso-y-alisado-basico/NATCHL-206783
Mini Lápiz Negro Faces,NATCHL-67661,"• tu producto comodín de maquillaje | • su fórmula ultrapigmentada | • ofrece un trazo intenso, suave y de larga duración | • ideal para resaltar tu mirada a cualquier hora del día | • cobertura: alta | • dermatológicamente probado | • edad sugerida: a partir de los 18 años | • cruelty free | • textura: cremosa | • zona de aplicación: ojos",https://www.natura.cl/p/mini-lapiz-negro-faces-800mg/NATCHL-67661
Kit Lumina Tratamiento Anticaída Básico,NATCHL-206812,"No incluye bolsa• shampoo: limpia, estimula el cuero cabelludo y reduce en 2 veces la caída por quiebre • acondicionador: hidrata, promueve 6 veces más resistencia y deja el cabello 8 veces más fácil de peinar • fórmulas con BioProteína Triple Acción y Activo Dermoactivador • cabello más resistente, con cuerpo y vitalidad. contiene 1 shampoo estimulante 300 ml 1 acondicionador fortificante 300 ml",https://www.natura.cl/p/kit-lumina-tratamiento-anticaida-basico/NATCHL-206812
Eau de Toilette Humor + confianza,NATCHL-206237,despierta buenas sensaciones con +confianza• la fragancia perfecta para esos días en que solo el humor salva • un desodorante colonia floral frutal lleno de autenticidad • impulsa la autoconfianza y las emociones que aumentan la sensación de seguridad • fórmula creada y probada por la neurociencia para perfumar y potenciar las emociones positivas • puede ser usado solo o en conjunto con otras fragancias de la línea Humor,https://www.natura.cl/p/eau-de-toilette-humor--confianza-25ml/NATCHL-206237
Base primer 3D Gel Una,NATCHL-15825,"• efecto gel sin luz UV: larga duración y brillo extraordinario por hasta 10 días. uñas con máximo brillo, perfectas por más tiempo | • tecnología PRO color & care: ingredientes seguros que ayudan en el cuidado de las uñas, 10 free e hipoalergénico | • efecto plumping 3D: volumen instantáneo con sensación de uñas sanas y fortalecidas | • cobertura completa y uniforme | • secado rápido. uñas con máximo brillo, perfectas por más tiempo",https://www.natura.cl/p/una-base-primer-3d-gel-8ml/NATCHL-15825
Repuesto Crema Nutritiva para el Cuerpo Tododia Frutas Rojas,NATCHL-2825,• fragancia alegre y vibrante con notas frutales | • piel más firme y ultrasuave todos los días | • fórmula con nutrición prebiótica que se adapta a tu piel | • textura cremosa: fácil de aplicar y de rápida absorción | • nutrición profunda: piel saludable en todas sus capas | • 94% de ingredientes de origen natural: mayor afinidad con tu piel | • 86% menos plástico que el envase regular,https://www.natura.cl/p/repuesto-crema-para-cuerpo-frutas-rojas-tododia-400ml/NATCHL-2825
Repuesto Shampoo Nutrición y Reparación Profunda Lumina,NATCHL-147412,"• nuevos envases | • nueva fragancia | • más tecnología | • con BioProteína Triple Acción y Activo Nutri-Revitalización | • promueve 2 veces más nutrición con reparación y sellado de las hebras* | • limpia y proporciona 2,5 veces más suavidad e hidratación | • tipo de cabello: todo tipo de cabello | • con repuesto disponible | • cruelty free | • Vegano | • Tipo de tratamiento: reconstrucción de daños extremos",https://www.natura.cl/p/repuesto-shampoo-nutritivo-300-ml/NATCHL-147412
Eau de Parfum Natura 505 Iris Priprioca 50 ml,NATCHL-151028,"la mayor expresión de la naturaleza en perfume • una fragancia floral amaderada que sorprenderá tus sentidos • combinaciones autorales y exclusivas de nuestros ingredientes naturales latinoamericanos con ingredientes clásicos de la perfumería mundial, que sorprenden los sentidos y las emociones • Natura 505 Eau de Parfum trae una combinación exclusiva de los aceites naturales de iris, un clásico de la perfumería mundial, y de priprioca, raíz aromática nativa de la Amazonía • co-creado por nuestra master perfumista, Verônica Kato, y renombrados perfumistas del mundo • ingredientes naturales des",https://www.natura.cl/p/eau-de-parfum-natura-505-iris-priprioca-50-ml/NATCHL-151028
Máscara Antidaños y Reconstrucción Murumuru Ekos 200g,NATCHL-112771,"hasta 10 veces más resistencia al cabello con la potencia antidaños del murumuru.*• recarga máxima de nutrientes y reconstrucción máxima de los cabellos • trata profundamente diferentes tipos de daños: químicos, térmicos o climáticos, como los causados por la contaminación y el viento • reduce las puntas abiertas hasta 3 veces** • cabellos nutridos, sueltos, leves y con movimiento • hecho con manteca bruta de murumuru • la línea Ekos Murumuru contribuye a la regeneración de la Amazonía y ayuda a fortalecer los ingresos de 2049 familias guardianas de la selva vinculadas a la cosecha sustentable",https://www.natura.cl/p/mascarilla-capilar-reconstrutora-ekos-murumuru-200-g/NATCHL-112771
Kit Tododia Reparación básico,NATCHL-199059,"No incluye bolsaKit Tododia Reparación básicoRutina Reparación Tododia Cabellos.Con óleo de palta que recupera y repara los cabellos dañados post procedimientos químicos. Perfecto para cuando buscas revitalizar las hebras y repararlas de los daños causados por procedimientos químicos. Con tecnología prebiótica, que combina los mejores Nutrientes que cuidan de las necesidades de cada cabello más Prebióticos que protegen y equilibran el cuero cabelludo. Cuidado desde la raíz hasta las puntas.Contenido1 Shampoo Reparador Tododia Flor de cereza y Palta Tododia - 300 ml1 Acondicionador Reparador To",https://www.natura.cl/p/kit-tododia-reparacion-basico/NATCHL-199059
Crema Hidratante para el Cuerpo Ekos Castanha,NATCHL-203401,"piel 100% más nutrida con la potencia antirresequedad de la castaña.*• piel ultra hidratada por hasta 72 horas • hecho con aceite bruto de castaña, rico en omegas 6 y 9 • hidratante corporal que combate los signos intensos de resequedad • reduce inmediatamente el aspecto resquebradizo • mejora la textura de la piel desde la primera aplicación • la línea Ekos Castaña contribuye a la regeneración de la Amazonía y ayuda a fortalecer los ingresos de 689 familias guardianas de la selva vinculadas a la cosecha sustentable *porcentaje de participantes con resultados positivos en la evaluación del atr",https://www.natura.cl/p/crema-hidratante-para-el-cuerpo-ekos-castana-400-ml/NATCHL-203401
Base Powder UNA,NATCHL-00096,• textura aterciopelada | • combina el rendimiento de una base con la ligereza de un polvo | • fórmula con Tecnología Equilibrium | • regula la oleosidad | • hidrata hasta por 24 horas | • estimula la producción de ácido hialurónico | • alta cobertura | • probado dermatológicamente | • efecto matte | • cruelty free | • textura mousse | • tipo de tratamiento: control de oleosidad | • subtono: frío | • zona de aplicación: rostro,https://www.natura.cl/p/base-powder-una/NATCHL-00096
Kit Shampoo y Acondicionador Lumina Nutrición y Reparación Profunda,NATCHL-211866,"No incluye bolsa• shampoo: limpia y promueve 2,5 veces más suavidad e hidratación • acondicionador: recupera la salud y el brillo del cabello, dejándolo 6 veces más fácil de peinar • fórmulas con BioProteína Triple Acción y Activo Nutrirrevitalización • cabellos nutridos, sellados y con menos puntas abiertas. contiene 1 shampoo 300 ml 1 acondicionador 300 ml.",https://www.natura.cl/p/kit-shampoo-y-acondicionador-lumina-nutricion-y-reparacion-profunda/NATCHL-211866
Repuesto Crema Hidratante para el Cuerpo Ekos Andiroba,NATCHL-162093,"tu piel restaurada e hidratada por hasta 72 horas.• versión de repuesto más económica y sostenible • rica en aceite puro de Andiroba, ayuda a aliviar la sensación de fatiga corporal • el 70% afirman que alivia la sensación de fatiga corporal* 55% afirman aliviar la sensación de hinchazón en el cuerpo* • piel más nutrida y con aspecto saludable • textura cremosa y rápida absorción • proporciona un ritual de cuidado y bienestar. *estudio realizado con 120 consumidores después de 7 días de uso del producto",https://www.natura.cl/p/repuesto-crema-hidratante-para-el-cuerpo-ekos-andiroba-400-ml/NATCHL-162093
Repuesto Acqua biohidratante renovador,NATCHL-91819,"• repuesto económica | • hidratación intensa: mantiene la piel hidratada hasta por 24 horas | • renovación celular: estimula la regeneración de la piel, dejándola más firme | • fórmula ligera: rápida absorción y sensación de frescura, sin dejar sensación grasa | • sostenibilidad: reduce el uso de materiales y contribuye a la disminución de residuos",https://www.natura.cl/p/repuesto-acqua-biohidratante-renovador-chronos-derma-40-g/NATCHL-91819
Kit Chronos Super Serum,NATCHL-256129,"estimula la producción de colágeno, elastina y ácido hialurónico• 100% con reducción de todos los tipos de arrugas¹ • +69% colágeno² • +75% elastina² • +54% ácido hialurónico² • conecta las capas de la piel • reorganiza la estructura de la piel • activa la vitalidad celular para una piel saludable³ • resultados reales comprobados por dermatólogos • contiene activo: probiótico, 125 millones de porciones probióticas que fortalecen la microbiota de la piel • contiene bioactivo: prebióticos de jatobá y casearia, que aumentan la producción de colágeno, elastina y ácido hialurónico contiene 1 súper ",https://www.natura.cl/p/kit-natura-chronos-super-serum/NATCHL-256129
Esmalte De Unas 3D Gel Una 8Ml,NATCHL-00012,• tecnología PRO Color & Care | • enriquecido con extracto de algas | • ingredientes que ayudan al cuidado y nutrición de las uñas | • efecto gel con protección contra la luz UV | • larga duración y brillo extraordinario en gel | • acabado profesional | • fácil remoción | • producto vegano | • sin pruebas en animales | • 9 FREE | • hipoalergénico,https://www.natura.cl/p/esmalte-de-unas-3d-gel-una-8ml/NATCHL-00012
Repuesto Jabón líquido corporal Frutas Rojas,NATCHL-5877,"• respeta tu piel, sin agredir ni resecar | • espuma cremosa y abundante | • explosión de fragancia frutal | • fórmula suave que limpia delicadamente la piel | • mantiene la hidratación natural | • fragancia envolvente, inspirada en frutas rojas | • textura en gel",https://www.natura.cl/p/repuesto-jabon-liquido-corporal-frutas-rojas-tododia-300ml/NATCHL-5877
Repuesto Jabón líquido,NATCHL-92802,"• fórmula vegana que contiene únicamente lo esencial para la piel del bebé | • dermatológicamente probado | • limpieza suave | • no reseca la piel | • no irrita los ojitos | • aprobado por pediatras | • 99 % de ingredientes de origen natural | • no contiene parabenos, ftalatos, BHT, siliconas, alcohol ni colorantes | • aplicador cómodo para un baño más fácil y práctico",https://www.natura.cl/p/repuesto-jabon-liquido-mama-y-bebe-200ml/NATCHL-92802
Repuesto Crema antiseñales​ restauración y cuidado Chronos 70+ día,NATCHL-134723,"• protege de los rayos solares y de las agresiones diarias | • trata los signos del envejecimiento | • suaviza los impactos causados en la piel posmenopáusica | • 100% de las mujeres con piel hidratada y fortalecida¹ | • 93% de aumento en el grosor y resistencia de la piel² | • reduce arrugas profundas | • hidrata intensamente | • cuida la piel | • activa la vitalidad celular² | • restaura el grosor de la piel | • reduce los daños causados por la luz azul, radicales libres y fotoenvejecimiento | • mejor para tu piel, mejor para tu tratamiento y mejor para el medio ambiente | • protección solar",https://www.natura.cl/p/crema-antisenales-restauracion-y-cuidado-chronos-70-dia-40-g/NATCHL-134723
Máscara Pre-shampoo Antidaños y Reconstrucción Murumuru Ekos,NATCHL-113150,recarga instantánea de nutrientes con la potencia antidaños del murumuru.• nutrición intensiva de la fibra capilar • forma un escudo protector para los cabellos • cabellos protegidos contra la resequedad • hecho con manteca bruta de murumuru • la línea Ekos Murumuru contribuye a la regeneración de la Amazonía y ayuda a fortalecer los ingresos de 2049 familias guardianas de la selva vinculadas a la cosecha sustentable• 97% de origen natural.,https://www.natura.cl/p/mascara-pre-shampoo-ekos-murumuru-100-g/NATCHL-113150
Acondicionador Antiseñales Regenerador Capilar Lumina,NATCHL-174212,"cabellos 80% más resilientes, capaces de resistir la acción del tiempo.• hidrata sin pesar • cabellos revitalizados y suaves • con Tecnología Bioproteína Triple Acción + Complejo de Colágeno y Biopeptidos: trata los signos de fragilidad, aspereza y porosidad de los cabellos canosos, redensifica los cabellos mediante la reposición de proteínas y aminoácidos perdidos con el envejecimiento • nueva fragancia con bergamota, fresia y sándalo. beneficios con el uso de la línea completa: • previene y revierte la aparición de cabellos blancos • recupera la densidad y la textura para cabellos 100% aline",https://www.natura.cl/p/acondicionador-antisenales-regenerador-capilar-lumina-300-ml/NATCHL-174212
Jabón en barra cuerpo y barba Homem coragio,NATCHL-217741,"descubrí el jabón corporal Natura Homem Coragio 100 g• una experiencia única para el cuidado de tu piel • puede usarse tanto de día como de noche, brindando una limpieza eficaz y refrescante • textura cremosa que deja la piel suave e hidratada • dermatológicamente testeado e hipoalergénico, ideal para todo tipo de piel • libre de parabenos • fragancia envolvente que intensifica la sensación de frescura • con 100 g, es práctico para llevar de viaje • un momento de autocuidado que transforma tu rutina diaria contiene 1 jabón en barra para cuerpo y barba Homem Coragio",https://www.natura.cl/p/jabon-en-barra-cuerpo-y-barba-homem-coragio/NATCHL-217741
Máscara Definición y Hidratación Lumina 250ml,NATCHL-148440,"• nuevos empaques | • nueva fragancia | • más tecnología para cuidar tu cabello | • con BioProteína de Triple Acción y Complejo de Chía y Linaza | • sistema que promueve rizos 85% más definidos y 5 veces más hidratados* | • máscara reparadora, un paso esencial en este ritual | • fórmula que hidrata profundamente el cabello | • deja el cabello 4 veces más suave y con 51% más brillo | • tipo de cabello: rizado | • con repuesto | • cruelty free | • vegano | • tipo de tratamiento: definición e hidratación",https://www.natura.cl/p/mascara-recuperadora-250-ml/NATCHL-148440
Tónico Capilar Anticaída Natura Homem,NATCHL-145489,"cabello más fuerte y con el doble de crecimiento.• 2 veces menos caída por quiebre en 12 semanas* • estimula el crecimiento y evita el adelgazamiento de los cabellos • cuero cabelludo y cabello más fuertes y saludables • hecho con aceite de babasú, que contribuye al refuerzo de la barrera cutánea y del mecanismo de defensa de la piel • con exclusiva tecnología DermoTech®, desarrollada especialmente para la piel masculina, que protege contra las agresiones de la rutina • fragancia que combina con todas las perfumerías de Natura Homem. *resultado comprobado en estudio clínico instrumental versus",https://www.natura.cl/p/tonico-capilar-anticaida-natura-homem-100-ml/NATCHL-145489
Crema antiseñales​ Relleno y revitalización ​ Chronos 60+ día,NATCHL-134693,"• suaviza los impactos causados en la piel posmenopáusica | • el doble de ácido hialurónico para tu piel1 | • más del 93% de relleno y volumen en el rostro2 | • más del 80% de las mujeres sintieron mejora en el contorno facial2 | • reduce las arrugas profundas | • activa la vitalidad celular3 | • rellena y restaura el volumen | • revitaliza la piel | • trata los signos del envejecimiento | • reduce los daños causados por la luz azul, radicales libres y fotoenvejecimiento | • protección solar: FPS 30 y FPUVA10 | • contiene bioactivo: Casearia, que estimula el ácido hialurónico natural de la pie",https://www.natura.cl/p/crema-antisenales-relleno-y-revitalizacion-chronos-60-dia-40-g/NATCHL-134693
Sérum Intensivo Antioxidante Chronos Derma 15 ml,NATCHL-169245,"• fórmula con doble vitamina C 15% y bioactivos para máxima luminosidad | • 100% piel uniforme y luminosa* | • 94% de reducción de las líneas finas* | • previene líneas finas y marcas oscuras | • uniformiza el tono y la textura | • activa la vitalidad celular para una piel saludable** | • resultados reales comprobados por dermatólogos | • activo: doble vitamina C 15% | • acción antienvejecimiento | • neutraliza los radicales libres de forma inmediata y progresiva | • bioactivos: ingá, açaí, cacao | • estimulan los mecanismos antioxidantes naturales | • probado dermatológicamente | • edad suger",https://www.natura.cl/p/serum-intensivo-antioxidante-chronos-derma-15-ml/NATCHL-169245
Repuesto Shampoo Anticaída y Crecimiento Lumina 300ml,NATCHL-147450,• limpia y estimula el cuero cabelludo evitando la caída | • 2 veces menos caída por quiebre | • fortalece los cabellos y estimula el crecimiento saludable | • actúa directamente en la fibra capilar | • nuevo envase práctico y sostenible | • fórmula con BioProteína Triple Acción + Activo Dermoactivador | • producto vegano,https://www.natura.cl/p/repuesto-shampoo-estimulante-300-ml/NATCHL-147450
Exfoliante para el cuerpo Tododia Fresa y Vainilla Dorada,NATCHL-219299,"exfolia, limpia y elimina impurezas sin agredir la piel• fórmula con textura en gel y semillas de frutas • elimina profundamente las impurezas y células muertas • deja la piel suave y preparada para la hidratación nutritiva de Tododia • para disfrutar un momento solo para ti, tu ritual de spa en casa • fragancia floral dulce con notas suculentas de fresa, que se mezclan con el gourmand cálido de la vainilla dorada",https://www.natura.cl/p/exfoliante-para-el-cuerpo-tododia-fresa-y-vainilla-dorada-190-g/NATCHL-219299
Shampoo Reparación Flor de cereza y Palta Tododia 300ml,NATCHL-155601,"• repara el cabello y mejora su resistencia | • evita la resequedad | • espuma envolvente | • fragancia femenina y deliciosa, con notas de flor de cerezo | • limpieza suave que no daña el cabello | • para todo tipo de rizos | • repara cabellos dañados por procedimientos químicos | • fórmula con 92% de ingredientes de origen natural | • tecnología prebiótica que cuida desde la raíz hasta las puntas",https://www.natura.cl/p/shampoo-reparador-flor-de-cereza-y-palta-tododia-300-ml/NATCHL-155601
Repuesto Acondicionador Infantil Rizados Naturé 250ml,NATCHL-102403,"• acondicionador que deja los rizos 8 veces más hidratados y definidos por hasta 24 horas | • fórmula que nutre el cabello, protege contra la rotura y facilita el peinado | • no irrita los ojos | • 97% de ingredientes de origen natural, como manteca de murumuru | • 95% de biodegradabilidad | • ideal para cabellos con curvas de 3A a 4C | • deliciosa fragancia frutal, con aroma a niñez feliz | • probado dermatológicamente | • edad sugerida: 4 a 8 años | • tipo de cabello: rizado y crespo | • cruelty free | • vegano",https://www.natura.cl/p/repuesto-acondicionador-nature-cabello-rizado-y-crespo-250-ml/NATCHL-102403
Máscara Nutrición Durazno y Almendras Tododia 250ml,NATCHL-154872,"• enriquecida con aceite de coco y aceite de almendra, que reponen los nutrientes | • nutre y revitaliza el cabello seco | • combate el frizz y recupera el brillo del cabello | • cabello suave y suelto desde el primer uso | • fragancia alegre con encantadoras notas de durazno y vainilla | • fórmula con 95% de ingredientes de origen natural | • convierte el cuidado capilar en un momento de placer",https://www.natura.cl/p/mascara-concentrada-nutritiva-tododia-durazno-y-almendra-250-ml/NATCHL-154872
Jabones en barra mama y bebe,NATCHL-92795,• probado dermatológicamente | • edad sugerida: 0 a 3 años | • hipoalergénico | • cruelty free | • tipo de piel: piel sensible | • 96% de ingredientes naturales | • limpia sin resecar la piel del bebé | • perfume suave y seguro | • ideal para el cuidado diario | • producto vegano,https://www.natura.cl/p/jabones-en-barra-mama-y-bebe-5x100gr/NATCHL-92795
Máscara volumen magnífico,NATCHL-106121,"• testado dermatológicamente | • hasta 900 % más volumen* | • alarga y define | • fórmula ultraligera a prueba de agua | • efecto intenso, sin dañar las pestañas al retirar** | • cruelty free | • resistente al agua | • zona de aplicación: ojos | • producto vegano | • apto para lentes de contacto",https://www.natura.cl/p/mascara-volumen-magnifico-a-prueba-de-agua-8ml/NATCHL-106121
Erva Doce Kit Jábon cremoso  y repuesto,NATCHL-250341,"más suavidad, cuidado y protección para tu piel• jabón cremoso para una limpieza suave • con pH fisiológico y la frescura del anís dulce • fragancia icónica, sello distintivo de Natura • ingredientes que forman una espuma cremosa • deja una delicada capa protectora sobre la piel • dermatológicamente testeado • con refill • cruelty free • vegano • apto para todo tipo de piel contiene 1 Natura Erva Doce Jabón Cremoso para Manos 250 ml 1 Refill Jabón Cremoso para Manos Erva Doce 250 ml",https://www.natura.cl/p/erva-doce-kit-jabon-cremoso--y-repuesto/NATCHL-250341
Eau de Toilette Humor + ánimo,NATCHL-206236,despierta buenas sensaciones con +ánimo• la fragancia perfecta para esos días en que solo el humor salva • un desodorante colonia frutal cítrico lleno de energía • irradia ánimo y motivación desde la primera pulverización • creado y probado por la neurociencia para perfumar y potenciar las emociones positivas • puede ser usado solo o en conjunto con otras fragancias de la línea Humor,https://www.natura.cl/p/eau-de-toilette-humor--animo-25ml/NATCHL-206236
Limpieza purificante antioleosidad Chronos,NATCHL-168744,"• limpieza profunda: elimina eficazmente las impurezas y el exceso de oleosidad, dejando la piel limpia y fresca | • sin efecto rebote: controla la producción de sebo sin provocar un aumento de la oleosidad | • cuidado suave: fórmula que limpia sin agredir, respetando el equilibrio natural de la piel | • piel equilibrada: ayuda a mantener la piel libre de brillo, con apariencia saludable y mate",https://www.natura.cl/p/limpieza-purificante-antioleosidad-chronos-130-g/NATCHL-168744
Protector Solar Facial Multiprotector Aclarador FPS 50+,NATCHL-183274,"-45% manchas solares en todos los tipos y tonos de piel.*• unifica, previene y reduce manchas • protege del sol, aclara manchas y previene el fotoenvejecimiento • acabado ultra invisible en todos los tonos de piel • textura ligera y toque seco • tiene rápida absorción y es fácil de esparcir. *resultado comprobado en prueba clínica e instrumental luego de 90 días de uso continuo del producto.",https://www.natura.cl/p/protector-solar-facial-multiprotector-aclarador-fps-50-50-ml/NATCHL-183274
Repuesto Sérum intensivo lifting y firmeza,NATCHL-168819,"• hasta un 94% más de firmeza y elasticidad* | • hasta un 60% más de colágeno** | • efecto lifting inmediato*** | • contorno facial más definido | • activa la vitalidad celular para una piel saludable**** | • resultados reales comprobados por dermatólogos | • más potencia en tu tratamiento, 88% menos de residuos en el planeta | • testado dermatológicamente | • edad sugerida: 18+ | • cruelty free | • vegano | • tipo de piel: todo tipo de piel",https://www.natura.cl/p/repuesto-serum-intensivo-lifting-y-firmeza-chronos-derma-30-ml/NATCHL-168819
