nombre,codigo,descripcion,url
Perfume sólido relajante Manzanilla y Lavanda Tododia Todanoche,NATCHL-121968,"• relaja las áreas de tensión | • textura balm, no deja la piel oleosa | • ideal para automasaje | • intensifica la experiencia pre-sueño | • fragancia relajante* de té de manzanilla y lavanda, acogedora e inusitada con notas florales aromáticas | • perfume sólido en formato lápiz, práctico para llevar en el bolso o neceser",https://www.natura.cl/p/concentrado-relajante-tododia-te-de-manzanilla-y-lavanda-800-mg/NATCHL-121968
Base sérum nude me,NATCHL-110184,"• duración de hasta por 24 horas | • natural como una segunda piel, sin craquelar | • con tecnología oxygen. | • una belleza que une acabado natural con una piel revitalizada. | • 24 horas de duración con efecto Nude Me: natural como una segunda piel, sin arrugas. | • tecnología Complex Oxygen, que permite que la piel respire de forma natural. | • textura ultraligera con cobertura personalizable. | • protege la piel del daño causado por la luz azul. | • para todo tipo de piel excepto acné | • es ligero como el aire porque tiene una textura ultraligera, que garantiza una sensación de ligereza y",https://www.natura.cl/p/base-serum-nude-me-16f-30-ml/NATCHL-110184
Polvo suelto Una luminoso - 8 g,NATCHL-165814,"• ingredientes naturales: sésamo, cacao y ceramidas de maracuyá | • combate el envejecimiento | • contribuye a la firmeza* | • más volumen* | • nutre los labios* | • cobertura: alta | • dermatológicamente probado | • protección solar: FPS 25 | • libre de crueldad animal (cruelty free) | • textura: cremosa y confortable | • zona de aplicación: labios",https://www.natura.cl/p/polvo-suelto-una-luminoso-8-g/NATCHL-165814
Labial Cc Hidratante Fps 25 Una,NATCHL-92529,"• ingredientes naturales: sésamo, cacao y ceramidas de maracuyá | • combate el envejecimiento | • contribuye a la firmeza* | • más volumen* | • nutre los labios* | • cobertura: alta | • dermatológicamente probado | • protección solar: FPS 25 | • libre de crueldad animal (cruelty free) | • textura: cremosa y confortable | • zona de aplicación: labios",https://www.natura.cl/p/labial-cc-hidratante-fps-25-rouge-8c-38g/NATCHL-92529
Eau de Toilette unisex Ekos Ryo Chuva 75ml,NATCHL-133869,"• fragancia: cítrico acuoso, mandarina, musgo, jazmín | • mezcla única del olor a tierra mojada y plantas del bosque | • gota olfativa: cítrica, acuática moderada | • intensidad sorprendente",https://www.natura.cl/p/ekos-ryo-lluvia-eau-de-toilette-unisex-75-ml/NATCHL-133869
Labial ultracare 24 horas Una,NATCHL-148471,"• tratamiento labial de alto rendimiento | • proporciona hidratación continua por hasta 24 horas | • enriquecido con ingredientes nutritivos | • fórmula que actúa como una barrera protectora contra la resequedad, el clima extremo y los agentes contaminantes | • ideal para el uso diario | • deja los labios visiblemente más suaves, rellenados y cómodos | • envase práctico de 7 ml | • perfecto para llevar contigo y reaplicar cuando quieras | • para todo tipo de piel",https://www.natura.cl/p/labial-ultracare-24-horas-una-nude-2c-8-ml/NATCHL-148471
Agua micelar desmaquillante suave Chronos,NATCHL-133503,"• contiene bioactivo de candeia, que calma la piel | • probado dermatológicamente | • apto para la zona de los ojos | • purifica eliminando la oleosidad y los residuos de contaminación | • hidrata de inmediato y a lo largo del día | • edad sugerida: 18+ | • disponible en refill | • cruelty free | • vegano | • ocasión de uso: limpieza | • apto para todo tipo de piel | • textura: líquida | • zona de aplicación: rostro | • elimina hasta el 99 % del maquillaje e impurezas sin enjuague | • textura ligera como el agua",https://www.natura.cl/p/agua-micelar-desmaquillante-suave-chronos-150-ml/NATCHL-133503
Lumina Antioleosidad Kit repuesto,NATCHL-250275,"control e hidratación en la medida justa• shampoo que no daña el cuero cabelludo ni reseca el cabello • evita el efecto rebote, actuando sobre la causa y el síntoma de la oleosidad • deja el cuero cabelludo equilibrado y el cabello limpio por más tiempo • promueve el control de la oleosidad sin efecto rebote* • fórmula con BioProteína Triple Acción + activo dermoregulador • acondicionador con mayor tecnología para el cuidado del cabello • con BioProteína de Triple Acción y activo dermoregulador • un paso esencial en tu ritual de cuidado • fórmula que deja el cabello 4 veces más hidratado sin a",https://www.natura.cl/p/lumina-antioleosidad-kit-repuesto/NATCHL-250275
Crema Hidratante para el Cuerpo Ekos Ucuuba,NATCHL-203377,"2 veces más elastina en tu piel con la potencia antiflacidez de la ucuuba.*• hidratante corporal que protege, hidrata y retonifica la piel • rico en manteca bruta de ucuuba, que estimula la producción natural de colágeno y elastina • deja la piel firme y tonificada • la línea Ekos Ucuuba contribuye a la regeneración de la Amazonía y ayuda a fortalecer el ingreso de 1054 familias guardianas de la selva vinculadas a la cosecha sustentable• 97% de origen natural. *resultado comprobado por prueba in vitro con el activo",https://www.natura.cl/p/crema-hidratante-para-el-cuerpo-ekos-ucuuba-400-ml/NATCHL-203377
Kit Natura Lumina Repuesto de shampoo y acondicionador,NATCHL-256121,"acción antiedad con protección antioxidante para el cuero cabelludo y el cabello• champú que neutraliza el efecto de los radicales libres y desacelera los signos del tiempo • fórmula con Tecnología Bioproteína Triple Acción + Activo ProMelanina: protege la melanina y estimula la formación del color natural del cabello • previene y revierte la aparición de canas • protege y estimula la producción de melanina, manteniendo la pigmentación natural del cabello • tratamiento progresivo con resultados científicamente comprobados • acondicionador que hidrata sin apelmazar • con Tecnología Bioproteína ",https://www.natura.cl/p/kit-natura-lumina-repuesto-de-shampoo-y-acondicionador-4-unidades/NATCHL-256121
Lápiz Labial Retráctil PRO Una,NATCHL-204429,"alta precisión con color intenso.• fórmula pigmentada y a prueba de agua • contorno preciso de larga duración • acabado semi-mate • con aceite de jojoba: hidratación labial, que cuida de resequedades y fisuras en la región de la boca • fórmula con tecnología de partículas.",https://www.natura.cl/p/lapiz-labial-retractil-pro-una-35-g/NATCHL-204429
Hidratante de manos Bothanica Fructus folium,NATCHL-139239,"Hidratante de manos BothanicaCon notas de hojas de tomate, cardamomo y fenogreco, y un blend exclusivo de aceites esenciales de ishpink y palo santo.Contenido230 mlSobre la marca Bothanica:Natura Bothanica se integra en los diferentes ambientes con fragancias potentes y de larga duración. Su Arquitectura olfativa está caracterizada por notas herbales, frescas y cítricas, y presencia de amaderados.",https://www.natura.cl/p/hidratante-de-manos-bothanica-fructus-folium-230-ml/NATCHL-139239
Corrector Cobertura Extrema Una 8 Ml,NATCHL-122117,"• efecto mate | • disimula signos de cansancio y neutraliza imperfecciones | • fórmula ligera, libre de aceites y que no reseca | • textura cremosa y resistente al agua y al sudor | • acabado impecable y confortable durante todo el día | • ingredientes de la ciencia dermatológica: contiene vitamina E, con acción antioxidante que combate los radicales libres, previniendo el envejecimiento prematuro | • tecnología de partículas: tecnología de pigmentos que, combinada con el uso de la base, protege la piel de los daños causados por la luz azul | • para todo tipo de piel | • aplicador suave que ga",https://www.natura.cl/p/corrector-cobertura-extrema-una-19n-8-ml/NATCHL-122117
Base Líquida Faces Checkmatte,NATCHL-166341,"base con acabado mate, larga duración, cobertura media y activos de cuidado de la piel.• base resistente al agua y al sudor • formulada con ácido salicílico, que controla la oleosidad y deja la piel sequita todo el día • enriquecida con vitamina E, que tiene acción antioxidante e hidratante • protege de la luz azul • producto no comedogénico • minimiza la apariencia de los poros y disimula imperfecciones • dermatológicamente y oftalmológicamente probado • para todo tipo de piel.",https://www.natura.cl/p/base-liquida-faces-checkmatte-25-ml/NATCHL-166341
Base Líquida Faces Checkmatte,NATCHL-166332,"base con acabado mate, larga duración, cobertura media y activos de cuidado de la piel.• base resistente al agua y al sudor • formulada con ácido salicílico, que controla la oleosidad y deja la piel sequita todo el día • enriquecida con vitamina E, que tiene acción antioxidante e hidratante • protege de la luz azul • producto no comedogénico • minimiza la apariencia de los poros y disimula imperfecciones • dermatológicamente y oftalmológicamente probado • para todo tipo de piel.",https://www.natura.cl/p/base-liquida-faces-checkmatte-25-ml/NATCHL-166332
Erva Doce Kit 3 Deos en Crema,NATCHL-250344,cada día es un día para vivir tu cuerpo• desodorante con protección invisible y prolongada • evita manchas blancas en ropa oscura • nueva fórmula con tecnología que ofrece 48 horas de protección • complejo hidratante • cuida la piel con vitamina E contiene 3 Desodorante Antitranspirante en Crema Invisible Erva Doce 80 g,https://www.natura.cl/p/erva-doce-kit-3-deos-en-crema/NATCHL-250344
Mascarilla Hidratante Lumina para Hidratación y Protección Antipolución,NATCHL-200649,"revierte los daños de la contaminación en el cabello, dejando el cabello 9 veces más hidratado por hasta 96 horas.*• fórmula con acción antioxidante • cabellos 2 veces más protegidos contra la contaminación y los radicales libres • rellena la cutícula y protege contra agresiones diarias • cabello hidratado y con brillo saludable • resultados científicamente comprobados desde la primera aplicación* • tratamiento para cabellos deshidratados, con aspecto seco y daños leves. *beneficios comprobados con el uso de la línea completa.",https://www.natura.cl/p/mascarilla-hidratante-lumina-para-hidratacion-y-proteccion-antipolucion-250-ml/NATCHL-200649
Hidratante Iluminador Corporal Perfumado Luna Divina,NATCHL-173003,"hidrata y perfuma tu piel con el chipre irresistible de Luna Divina.• piel radiante y perfumada • 48 horas de hidratación • fragancia chipre floral inspirada en el eau de toilette de la línea • brillo sofisticado que realza lo mejor de tu piel • piel naturalmente iluminada, con un efecto glow irresistible • fórmula exclusiva con micas de fondo que garantizan una iluminación homogénea y metalizada • contiene partículas centelleantes que promueven una luminosidad delicada y envolvente.",https://www.natura.cl/p/hidratante-iluminador-corporal-perfumado-luna-divina/NATCHL-173003
Jabón cremoso para Manos,NATCHL-26441,• realiza una limpieza suave con pH fisiológico y la frescura del anís dulce | • fragancia que es la marca registrada de Natura | • ingredientes que forman una espuma cremosa y dejan una delicada capa protectora en la piel | • probado dermatológicamente | • cuenta con recarga (refill) | • cruelty free | • vegano | • tipo de piel: todos los tipos de piel,https://www.natura.cl/p/natura-erva-doce-jabon-cremoso-manos-250ml/NATCHL-26441
Repuesto Base Líquida HD Una,NATCHL-173606,"acabado natural impecable con poderosa acción antiseñales.• 24 horas de duración e hidratación • 100% aprobada por consumidoras • menos 9% arrugas y líneas en 4 semanas • textura ligera y aterciopelada que se funde perfectamente con la piel • base con cobertura alta y alta definición • piel uniforme e imperceptible a simple vista • poderosa acción antiseñales con retinol, péptidos y bioactivo, que provoca una verdadera transformación de tu piel. contiene 1 repuesto de 30 ml con base en el color seleccionado.",https://www.natura.cl/p/repuesto-base-liquida-hd-una-30-ml/NATCHL-173606
Lapiz Para Labios Faces,NATCHL-9619,• úsalo como quieras | • para dar color o para delinear | • resalta aún más tus labios | • alta cobertura | • testado dermatológicamente | • edad sugerida: a partir de 18 años | • textura ultrasuave | • zona de aplicación: labios | • cruelty free,https://www.natura.cl/p/lapiz-para-labios-faces-rosa-14g/NATCHL-9619
Lumina Repuesto Hidratación y Protección Kit,NATCHL-250279,"cuidado diario con purificación, hidratación y equilibrio• acondicionador con mayor tecnología para cuidar el cabello desde la primera aplicación • con BioProteína de Triple Acción y activo antipolución • sistema que proporciona hasta 6 veces más hidratación • 2 veces más protección contra los radicales libres* • un paso esencial en tu ritual de cuidado • fórmula que hidrata las puntas sin apelmazar • deja el cabello ligero y con movimiento • shampoo con limpieza equilibrada que no reseca las puntas • mantiene el cabello limpio por más tiempo • 4 veces más fuerza • 2 veces más hidratación • 2,",https://www.natura.cl/p/lumina--repuesto-hidratacion-y-proteccion-kit/NATCHL-250279
Repuesto Crema para peinar Infantil cabello rizado y crespo,NATCHL-102405,"• crema para peinar que mantiene los rizos activados por hasta 24 horas | • fórmula que nutre y protege el cabello, además de facilitar el peinado | • deliciosa fragancia frutal, con aroma a niñez feliz | • nutre el cabello | • hace que peinar sea 10 veces más fácil | • acción antifrizz | • previene la rotura | • 98% de ingredientes de origen natural, como manteca de murumuru | • ideal para cabellos con curvas de 3A a 4C | • probado dermatológicamente | • edad sugerida: 4 a 8 años | • tipo de cabello: rizado y crespo | • cruelty free | • vegano",https://www.natura.cl/p/repuesto-crema-para-peinar-nature-cabello-rizado-y-crespo-250-ml/NATCHL-102405
Repuesto Colonia Infantil Naturé Corre corre 100ml,NATCHL-146473,"• fragancia con aroma a niñez feliz | • combina frutas rojas, alegría y mucho color | • sin colorantes artificiales | • con hasta 88% de ingredientes de origen natural y de la biodiversidad brasileña | • no contiene alcohol | • incentiva a los niños a explorar los aromas de la naturaleza | • una invitación a jugar al aire libre | • concentración: eau de cologne | • edad sugerida: 4 a 8 años | • cruelty free | • vegano | • ocasión: uso diario, después del baño",https://www.natura.cl/p/repuesto-colonia-nature-corre-corre-100-ml/NATCHL-146473
Hidratante corporal concentrado Ekos,NATCHL-140051,"• enfocado en alta performance de hidratación y sostenibilidad | • producto concentrado que, al mezclarse con agua en un envase reutilizable, se transforma en un potente hidratante corporal | • concentrado de castaña que potencia la reparación y fortaleza de la piel hasta las capas más profundas | • proporciona nutrición, combate la resequedad intensa y la textura áspera, dejando la piel restaurada y con sensación de manteca derretida | • sostenibilidad: utiliza 81% menos plástico que un refill convencional | • hecho con plástico 100% reciclado, recolectado de los ríos de la Amazonía",https://www.natura.cl/p/hidratante-corporal-concentrado-ekos-30ml/NATCHL-140051
Gel crema antiseñales​ Firmeza y luminosidad Chronos 45+ noche,NATCHL-135032,"• 82 % más de colágeno y 72 % más de elastina1 | • 96 % más de firmeza y elasticidad2 | • suaviza los impactos causados en la piel por la menopausia | • reduce arrugas | • reafirma la piel | • uniformiza la textura y el tono de la piel | • activa la vitalidad celular3 | • ilumina inmediatamente | • contiene bioactivo de Jatobá, que estimula el colágeno natural de la piel | • probado dermatológicamente | • edad sugerida: 45+ | • cruelty free | • vegano | • ocasión: antiedad (anti-signos) | • tipo de piel: todo tipo de piel | • textura: gel crema | • zona de aplicación: rostro y cuello",https://www.natura.cl/p/gel-crema-antisenales-firmeza-y-luminosidad-chronos-45-noche-40-g/NATCHL-135032
Protector Solar Corporal FPS 50 Natura Solar,NATCHL-176914,"protección contra los daños del sol y hidratación prolongada para la piel • textura ligera y acabado invisible • alta protección solar con FPS UVB 50 y FPUVA 20 • con tecnología de bioprotección de triple acción que ayuda en la protección, prevención y cuidado • con complejo nutritivo que mantiene la hidratación por más tiempo • resistencia al agua y al sudor, siendo ideal desde el uso diario hasta la alta exposición solar • fragancia refrescante: con complejo de notas acuosas y frutas frescas, evoca recuerdos vibrantes de los momentos al sol • empaque práctico y sostenible: tapa anti-arena y ",https://www.natura.cl/p/protector-solar-corporal-fps-50-natura-solar-200-ml/NATCHL-176914
"Gloss Labial Faces 5,5 g",NATCHL-175112,"• 4 colores tendencia | • el mejor acabado glossy | • labios hidratados y llenos de color | • brillo intenso | • cuantas más capas, más color y brillo | • con vitamina E | • hidrata tus labios intensamente por 24 horas | • pigmentación y un toque radiante | • dermatológicamente probado | • edad sugerida: a partir de 18 años | • cruelty free | • vegano | • textura: gloss",https://www.natura.cl/p/gloss-labial-faces-55-g/NATCHL-175112
Base Líquida Faces Checkmatte,NATCHL-166340,"base con acabado mate, larga duración, cobertura media y activos de cuidado de la piel.• base resistente al agua y al sudor • formulada con ácido salicílico, que controla la oleosidad y deja la piel sequita todo el día • enriquecida con vitamina E, que tiene acción antioxidante e hidratante • protege de la luz azul • producto no comedogénico • minimiza la apariencia de los poros y disimula imperfecciones • dermatológicamente y oftalmológicamente probado • para todo tipo de piel.",https://www.natura.cl/p/base-liquida-faces-checkmatte-25-ml/NATCHL-166340
,NATCHL-140023,UNA BATOM INTRANSF MARROM 10M 7ML,https://www.natura.cl/p/una-batom-intransf-marrom-10m-7ml/NATCHL-140023
Gloss Labial Hidratación Activa Una,NATCHL-164825,"brillo sofisticado con acción de relleno labial. • 72 horas de hidratación activa • aumento de la hidratación de los labios en un 100%* • brillo sofisticado que no se pega y no corre • textura cómoda y no pegajosa que se desliza fácilmente • rellena y da volumen a los labios • con tecnología duo cromo: pigmentos y microesferas inteligentes que proporcionan brillo duocromo – el color cambia según la luz o el ángulo • fórmula enriquecida con ácido hialurónico, escualano y manteca de tukumã. *datos obtenidos a través de estudio clínico con evaluación instrumental de la hidratación de la piel.",https://www.natura.cl/p/gloss-labial-hidratacion-activa-una-5-ml/NATCHL-164825
Crema nutritiva para cuerpo Tododia té de manzanilla y lavanda,NATCHL-121961,"• acción prebiótica que mantiene el equilibrio natural de la piel, ya que estimula y repone los nutrientes requeridos en todas sus capas | • hidratación profunda y personalizada, sin importar el tipo de piel | • 94% de ingredientes de origen natural. Actúa en la microbiota: fortalecimiento de los microorganismos de defensa de la piel | • textura cremosa y rápida absorción | • fragancia que sorprende | • con prébiotico, manteca de cacao y aceite de linaza: combinación de ingredientes que nutre hasta las capas más profunda de la piel.",https://www.natura.cl/p/crema-nutritiva-para-cuerpo-tododia-te-de-manzanilla-y-lavanda-400-ml/NATCHL-121961
Labial Cc Hidratante Fps 25 Una,NATCHL-92525,"• ingredientes naturales: sésamo, cacao y ceramidas de maracuyá | • combate el envejecimiento | • contribuye a la firmeza* | • más volumen* | • nutre los labios* | • cobertura: alta | • dermatológicamente probado | • protección solar: FPS 25 | • libre de crueldad animal (cruelty free) | • textura: cremosa y confortable | • zona de aplicación: labios",https://www.natura.cl/p/labial-cc-hidratante-fps-25-terracota-8c-38g/NATCHL-92525
,NATCHL-140018,UNA BATOM INTRANSF MARROM 3M 7ML,https://www.natura.cl/p/una-batom-intransf-marrom-3m-7ml/NATCHL-140018
Gloss Labial Hidratación Activa Una,NATCHL-164820,"brillo sofisticado con acción de relleno labial.• 72 horas de hidratación activa • aumento de la hidratación de los labios en un 100%* • brillo sofisticado que no se pega y no corre • textura cómoda y no pegajosa que se desliza fácilmente • rellena y da volumen a los labios • con tecnología duo cromo: pigmentos y microesferas inteligentes que proporcionan brillo duocromo – el color cambia según la luz o el ángulo • fórmula enriquecida con ácido hialurónico, escualano y manteca de tukumã. *datos obtenidos a través de estudio clínico con evaluación instrumental de la hidratación de la piel.",https://www.natura.cl/p/gloss-labial-hidratacion-activa-una-5-ml/NATCHL-164820
,NATCHL-140025,No disponible,https://www.natura.cl/p/una-batom-intransf-pink-6m-7ml/NATCHL-140025
,NATCHL-140022,No disponible,https://www.natura.cl/p/una-batom-intransf-nude-2c-7ml/NATCHL-140022
Labial cremoso multimix Faces,NATCHL-116193,"color intenso con un toque de confortLabial multimix cream Faces brown mystic¡Bye bye labios resecos!Un boom de cremosidad para labios hidratados.Cuántas más capas, más color para tus labios y mejillas.Contenido3,5 gSobre la línea Faces:Faces es una marca de belleza urbana para cuidarse, inventarse y reinventarse. Da color y valentía, para expresar tu belleza del espejo hacia adentro y de la puerta hacia afuera. Y salir a la calle con actitudes positivas, que se reflejan en el próximo y en el alrededor. Faces se trata de una belleza evidente. Con una mirada multilook, ofrece variedad, practici",https://www.natura.cl/p/labial-multimix-cream-faces-brown-mystic-35-g/NATCHL-116193
Corrector Cobertura Extrema Una 8 Ml,NATCHL-122114,"• efecto natural de larga duración | • disimula ojeras, manchas e imperfecciones hasta por 24 horas | • fácil aplicación | • uniformiza el tono de la piel | • dermatológicamente probado | • libre de crueldad | • textura: cremosa | • subtono: neutro | • zona de aplicación: rostro",https://www.natura.cl/p/corrector-cobertura-extrema-una-24n-8-ml/NATCHL-122114
Base Matte Una,NATCHL-108136,• cobertura de base con resultados de tratamiento | • mucho más que una base matte de larga duración | • reduce la oleosidad de tu piel con el uso continuo | • complementa el tratamiento antibrillo de Chronos | • especialmente formulada para piel normal a grasa | • controla el brillo del rostro de forma inmediata y durante todo el día | • proporciona una cobertura media para la piel del rostro | • cobertura media de larga duración | • uniformiza el tono de la piel y disimula imperfecciones | • tecnología de pigmentos avanzada | • protege contra los daños causados por la luz azul | • disponible,https://www.natura.cl/p/base-matte--27n-una-30ml/NATCHL-108136
Base tint extremo confort FPS40 Una 15Q,NATCHL-135047,"• cobertura ligera y acabado natural | • deja tu piel con una luminosidad radiante | • fórmula con triple ácido hialurónico y manteca de tukumã | • proporciona hidratación activa desde el interior | • ideal para el uso diario, con FPS 40 y protección UVA | • disponible en tonos que unifican y se adaptan al tono de tu piel | • disimula imperfecciones | • indicada para piel mixta a seca | • no se acumula en los poros ni en las líneas de expresión, no se cuartea ni se desmorona | • no deja sensación grasosa ni pegajosa | • protege la piel contra los daños causados por la luz azul y la luz solar |",https://www.natura.cl/p/base-tint-extremo-confort-fps40-una-23f-30-ml/NATCHL-135047
Jabón Líquido para Manos Ekos Maracuyá,NATCHL-70401,"manos limpias y perfumadas con la fragancia relajante del maracuyá• limpia suavemente y perfuma las manos • jabón vegano que mantiene el pH de la piel • hecho con aceite bruto de maracuyá, rico en ácidos grasos esenciales • ideal para quienes buscan un jabón líquido para lavamanos • la línea Ekos Maracuyá fortalece los ingresos de 876 familias guardianas de la Amazonía• 97% de origen natural.",https://www.natura.cl/p/jabon-liquido-para-manos-ekos-maracuya-250-ml/NATCHL-70401
Jabones en barra puro vegetal Frutas Rojas,NATCHL-2834,• limpieza purificante y textura cremosa | • baño relajante | • perfuma delicadamente | • ingredientes de origen natural | • caja con 5 barras de 90 g cada una,https://www.natura.cl/p/jabones-en-barra-puro-vegetal-frutas-rojas-tododia-5x90g/NATCHL-2834
Labial ultracare 24 horas Una,NATCHL-148473,"• tratamiento labial de alto rendimiento | • proporciona hidratación continua por hasta 24 horas | • enriquecido con ingredientes nutritivos | • fórmula que actúa como una barrera protectora contra la resequedad, el clima extremo y los agentes contaminantes | • ideal para el uso diario | • deja los labios visiblemente más suaves, rellenados y cómodos | • envase práctico de 7 ml | • perfecto para llevar contigo y reaplicar cuando quieras | • para todo tipo de piel",https://www.natura.cl/p/labial-ultracare-24-horas-una-vino-8c-8-ml/NATCHL-148473
Lápiz Labial Retráctil PRO Una,NATCHL-204432,"alta precisión con color intenso.• fórmula pigmentada y a prueba de agua • contorno preciso de larga duración • acabado semi-mate • con aceite de jojoba: hidratación labial, que cuida de resequedad y fisuras en la región de la boca • fórmula con tecnología de partículas.",https://www.natura.cl/p/lapiz-labial-retractil-pro-una-35-g/NATCHL-204432
Sombra trío Faces 3 gr,NATCHL-89503,"• colores que iluminan y realzan tu mirada | • tonos audaces y clásicos | • proporciona color, profundidad y luminosidad a la mirada | • perfecto para quienes buscan colores vibrantes con alta pigmentación",https://www.natura.cl/p/sombra-trio-faces-3-gr/NATCHL-89503
Jabón liquido para manos Bothanica Fructus folium,NATCHL-139240,"• limpia sin resecar la piel | • perfuma las manos con una fragancia fresca y deliciosa | • ideal para combinar con otros productos de la línea Bothánica | • crea rituales de cuidado y conexión contigo, con los demás y con tus espacios | • contiene un activo limpiador a base de aminoácidos, compatible con la piel | • dermatológicamente probado | • apto para todo tipo de piel | • alta concentración de fragancia | • frescura verde y afrutada | • producto vegano | • libre de crueldad animal (Cruelty free)",https://www.natura.cl/p/jabon-liquido-para-manos-bothanica-fructus-folium-230-ml/NATCHL-139240
Repuesto Rubor Intense Me Una,NATCHL-00063,"• posee recarga (refill) | • libre de crueldad animal | • adecuado para todo tipo de piel | • aspecto de piel saludable | • coloración uniforme, delicada y sofisticada | • tecnología de partículas | • pigmentos multidimensionales que se funden con la piel con mayor adherencia | • cobertura: alta | • esencial para tu rutina de maquillaje | • dermatológicamente probado | • textura: ultrafina | • zona de aplicación: rostro",https://www.natura.cl/p/repuesto-rubor-intense-me-una-10g/NATCHL-00063
Repuesto Rubor Intense Me Una,NATCHL-92584,"• posee recarga (refill) | • libre de crueldad animal | • adecuado para todo tipo de piel | • aspecto de piel saludable | • coloración uniforme, delicada y sofisticada | • tecnología de partículas | • pigmentos multidimensionales que se funden con la piel con mayor adherencia | • cobertura: alta | • esencial para tu rutina de maquillaje | • dermatológicamente probado | • textura: ultrafina | • zona de aplicación: rostro",https://www.natura.cl/p/repuesto-rubor-intense-me--una--rose-matte-6-g/NATCHL-92584
Repuesto Máscara Definición y Hidratación Lumina 250ml,NATCHL-148406,• nuevos envases | • nueva fragancia | • más tecnología para cuidar tu cabello | • contiene BioProteína Triple Acción y Complejo de Chía y Lino | • rizos 85% más definidos y 5 veces más hidratación* | • mascarilla recuperadora | • fórmula que hidrata profundamente el cabello | • deja el cabello 4 veces más suave y con 51% más de brillo | • tipo de cabello: rizado | • cruelty free | • vegano | • tipo de tratamiento: definición e hidratación,https://www.natura.cl/p/repuesto-mascara-recuperadora-para-cabellos-rizados-250-ml/NATCHL-148406
Base sérum nude me,NATCHL-110191,"• duración de hasta por 24 horas | • natural como una segunda piel, sin craquelar | • con tecnología oxygen. | • una belleza que une acabado natural con una piel revitalizada. | • 24 horas de duración con efecto Nude Me: natural como una segunda piel, sin arrugas. | • tecnología Complex Oxygen, que permite que la piel respire de forma natural. | • textura ultraligera con cobertura personalizable. | • protege la piel del daño causado por la luz azul. | • para todo tipo de piel excepto acné | • es ligero como el aire porque tiene una textura ultraligera, que garantiza una sensación de ligereza y",https://www.natura.cl/p/base-serum-nude-me-27n-30-ml/NATCHL-110191
Base sérum nude me,NATCHL-110182,"• duración de hasta por 24 horas | • natural como una segunda piel, sin craquelar | • con tecnología oxygen. | • una belleza que une acabado natural con una piel revitalizada. | • 24 horas de duración con efecto Nude Me: natural como una segunda piel, sin arrugas. | • tecnología Complex Oxygen, que permite que la piel respire de forma natural. | • textura ultraligera con cobertura personalizable. | • protege la piel del daño causado por la luz azul. | • para todo tipo de piel excepto acné | • es ligero como el aire porque tiene una textura ultraligera, que garantiza una sensación de ligereza y",https://www.natura.cl/p/base-serum-nude-me-12f-30-ml/NATCHL-110182
Base sérum nude me,NATCHL-110183,"• duración de hasta por 24 horas | • natural como una segunda piel, sin craquelar | • con tecnología oxygen. | • una belleza que une acabado natural con una piel revitalizada. | • 24 horas de duración con efecto Nude Me: natural como una segunda piel, sin arrugas. | • tecnología Complex Oxygen, que permite que la piel respire de forma natural. | • textura ultraligera con cobertura personalizable. | • protege la piel del daño causado por la luz azul. | • para todo tipo de piel excepto acné | • es ligero como el aire porque tiene una textura ultraligera, que garantiza una sensación de ligereza y",https://www.natura.cl/p/base-serum-nude-me-15c-30-ml/NATCHL-110183
Ampolla Nutrición y Reparación Profunda Lumina 4 x 20ml,NATCHL-147448,"• 2 veces más fuerza y resistencia | • nuevos envases | • más tecnología para cuidar tu cabello | • con BioProteína Triple Acción y Activo Nutrirrevitalización | • este sistema promueve 2 veces más nutrición, con reparación y sellado de las fibras capilares* | • un paso esencial en tu ritual de cuidado | • fórmula que proporciona una recarga profunda de nutrientes | • 3 veces menos puntas abiertas | • producto vegano | • bioProteína triple acción + activo nutrirrevitalización | • para todo tipo de cabello | • cruelty free | • tipo de tratamiento: nutrición y reparación profunda",https://www.natura.cl/p/ampollas-reparacion-instantanea-4x-20-ml/NATCHL-147448
Rubor Líquido Cushion Una,NATCHL-137962,"Una tu belleza al poder de los contrastes.• el Blush Líquido Cushion Una posee alta pigmentación, textura cremosa y acabado luminoso • un producto multifuncional que puede ser usado como blush, labial y sombra",https://www.natura.cl/p/rubor-liquido-cushion-una-10-g/NATCHL-137962
Labial Extremo Confort Fps 25 Una,NATCHL-17352,• color intenso | • acabado cremoso con Manteca de Tucumá | • estimula hasta en un 77%* la producción de ácido hialurónico | • promoviendo una hidratación profunda desde el interior | • labios suaves y cómodos durante todo el día | • protección solar FPS 25: protege contra los daños causados por los rayos UV | • alta cobertura con un acabado luminoso y sofisticado | • producto vegano: libre de ingredientes de origen animal,https://www.natura.cl/p/labial-extremo-confort-fps-25-rosa-2c-38g/NATCHL-17352
Gel de Banho Corporal Masculino K,NATCHL-109855,baño refrescante con la fragancia aromática intensa del K• fórmula refrescante • textura en gel ligera • ideal para uso diario • para usar en conjunto con el deo parfum de la línea,https://www.natura.cl/p/gel-de-banho-corporal-masculino-k-100-ml/NATCHL-109855
Labial Extremo Confort Fps 25 Una,NATCHL-17276,"• dermatológicamente probado | • mucho más color y cuidado para los labios | • con vitamina e: protege contra los radicales libres y el envejecimiento prematuro | • no se corre ni se desvanece en los labios | • acabado satinado | • protección solar FPS25 | • activos de la biodiversidad brasileña: contiene manteca de tucumã, que estimula la producción de hasta un 77%* de ácido hialurónico, promoviendo una hidratación desde el interior por 24 horas | • tecnología de partículas: contiene tecnología de partículas de alta cremosidad para una sensación de máximo confort",https://www.natura.cl/p/labial-extremo-confort-fps-25-una-38g/NATCHL-17276
Base Powder UNA,NATCHL-127775,• textura aterciopelada | • combina el rendimiento de una base con la ligereza de un polvo | • fórmula con Tecnología Equilibrium | • regula la oleosidad | • hidrata hasta por 24 horas | • estimula la producción de ácido hialurónico | • alta cobertura | • probado dermatológicamente | • efecto matte | • cruelty free | • textura mousse | • tipo de tratamiento: control de oleosidad | • subtono: frío | • zona de aplicación: rostro,https://www.natura.cl/p/base-powder-una-15c-20-g/NATCHL-127775
Base Powder UNA,NATCHL-127768,• textura aterciopelada | • combina el rendimiento de una base con la ligereza de un polvo | • fórmula con Tecnología Equilibrium | • regula la oleosidad | • hidrata hasta por 24 horas | • estimula la producción de ácido hialurónico | • alta cobertura | • probado dermatológicamente | • efecto matte | • cruelty free | • textura mousse | • tipo de tratamiento: control de oleosidad | • subtono: frío | • zona de aplicación: rostro,https://www.natura.cl/p/base-powder-una-12f-20-g/NATCHL-127768
Jabones en barra hojas Naturé,NATCHL-102416,"Jabones en barra hojas NaturéJabones en barra con forma de hojas para el lavado y el cuidado de la piel de tus niños(as). Limpian suavemente sin resecar, preservando la hidratación y el Ph natural de la piel. Ayuda a mantener y reforzar la microbiota cutaneaFórmula de eficacia comprobada, probada por pediatras y eligida por padres. Sin lágrimas. Fragancia inspirada en la naturalezaContenido3 unidades de 90 g cada unoSobre la marca Naturé:Diversión y aprendizaje en productos ideales para niños a partir de 4 años. La línea tiene productos con fórmulas suaves y probadas dermatológicamente. Sus en",https://www.natura.cl/p/jabones-en-barra-hojas-nature-3-unidades-de-90-g-cu/NATCHL-102416
Shampoo en Barra uso diario Biome 90g,NATCHL-16266,"eficiencia y rendimiento.• recomendado para cabello liso y ondulado • limpia de forma delicada sin dañar el cabello, aportando brillo y suavidad • su fórmula, con 99% de ingredientes de origen natural, ayuda a eliminar el exceso de grasa y purifica el cabello, eliminando impurezas y equilibrando la salud capilar • además, es libre de alcohol, parabenos, vaselina y silicona, respetando el cabello y protegiéndolo de las agresiones externas.",https://www.natura.cl/p/shampoo-de-uso-diario-en-barra-biome-90-g/NATCHL-16266
Base Matte Una,NATCHL-108125,"• tratamiento para reducción de oleosidad | • después de 8 horas, reducción de más del 50% de la oleosidad de la piel | • el 100% de las voluntarias presentaron reducción de la oleosidad durante el día | • control de brillo inmediato | • acabado mate para piel normal a grasa | • cobertura media | • larga duración | • reduce la apariencia de imperfecciones | • tecnología de pigmentos que protegen contra los daños causados por la luz azul | • probado dermatológica y oftalmológicamente | • no comedogénico | • contiene babaçu, activo de la biodiversidad brasileña que ayuda a controlar inmediata y ",https://www.natura.cl/p/base-matte--10n-una-30ml/NATCHL-108125
Labial mate intransferible de larga duración Faces,NATCHL-111397,"el color que acompaña tu ritmoLabial mate intransferible de larga duración Faces Rosa Wow Un labial que dura por hasta 12 horas, no transfiere, puedes utilizarlo para boca y mejillas como también protege de la luz de las pantallas del celular y computador.Contenido5,5 mlSobre la línea Faces:Faces es una marca de belleza urbana para cuidarse, inventarse y reinventarse. Da color y valentía, para expresar tu belleza del espejo hacia adentro y de la puerta hacia afuera. Y salir a la calle con actitudes positivas, que se reflejan en el próximo y en el alrededor. Faces se trata de una belleza eviden",https://www.natura.cl/p/labial-mate-intransferible-de-larga-duracion-faces-rosa-wow-55-ml/NATCHL-111397
Kit Lumina Matización para Rubios y Canosos,NATCHL-211838,"No incluye bolsa• con BioProteína Acción Triple y Activo Matizador, el Sistema de Matización y Restauración promueve matización progresiva y 7 veces más resistencia* a los cabellos • el shampoo matizador tiene una fórmula que promueve limpieza con matización progresiva y neutraliza los tonos amarillentos no deseados • el leave-in matizador promueve matización intensa con protección UV *resultados obtenidos con el uso de la línea completa. contiene: 1 shampoo matizador 300 ml 1 leave-in matizador 150 ml",https://www.natura.cl/p/kit-lumina-matizacion-para-rubios-y-canosos/NATCHL-211838
Máscara Anticaída y Crecimiento Lumina 250ml,NATCHL-147417,• hasta 9 veces más fuerza* | • acción profunda antirrotura | • reparación en todas las capas del cabello | • 3 veces más suavidad sin pesar | • nuevo envase | • fórmula con BioProteína Triple Acción + Activo Dermoactivador | • acción intensiva y resultados comprobados desde la primera aplicación | • producto vegano,https://www.natura.cl/p/mascara-antiquiebre-250-ml/NATCHL-147417
Jabón Líquido Cremoso para el Cuerpo Ekos Ucuuba,NATCHL-70404,"sensación de baño hidratante con la potencia antiflacidez de la ucuuba.• jabón líquido de ucuuba con espuma cremosa • deja tu piel suave y perfumada • hecho con manteca de ucuuba, rica en trimiristina, que estimula la producción de colágeno y elastina • mantiene el pH de la piel • la línea Ekos Ucuuba contribuye a la regeneración de la Amazonía y ayuda a fortalecer los ingresos de 1054 familias guardianas de la selva vinculadas a la cosecha sustentable• 97% de origen natural.",https://www.natura.cl/p/jabon-liquido-cremoso-para-el-cuerpo-ekos-ucuuba-195-ml/NATCHL-70404
Protector Solar Facial Multiprotector Aclarador FPS 50+,NATCHL-183278,"-45% manchas solares en todos los tipos y tonos de piel.*• unifica, previene y reduce manchas • protege del sol, aclara manchas y previene el fotoenvejecimiento • acabado ultra invisible en todos los tonos de piel • textura ligera y toque seco • tiene rápida absorción y es fácil de esparcir. *resultado comprobado en prueba clínica e instrumental luego de 90 días de uso continuo del producto.",https://www.natura.cl/p/protector-solar-facial-multiprotector-aclarador-fps-50-50-ml/NATCHL-183278
Labial Cc Hidratante Fps 25 Una,NATCHL-93504,"• ingredientes naturales: sésamo, cacao y ceramidas de maracuyá | • combate el envejecimiento | • contribuye a la firmeza* | • más volumen* | • nutre los labios* | • cobertura: alta | • dermatológicamente probado | • protección solar: FPS 25 | • libre de crueldad animal (cruelty free) | • textura: cremosa y confortable | • zona de aplicación: labios",https://www.natura.cl/p/labial-cc-hidratante-fps-25-rouge-2c-38g/NATCHL-93504
Labial Cc Hidratante Fps 25 Una,NATCHL-93506,"• ingredientes naturales: sésamo, cacao y ceramidas de maracuyá | • combate el envejecimiento | • contribuye a la firmeza* | • más volumen* | • nutre los labios* | • cobertura: alta | • dermatológicamente probado | • protección solar: FPS 25 | • libre de crueldad animal (cruelty free) | • textura: cremosa y confortable | • zona de aplicación: labios",https://www.natura.cl/p/labial-cc-hidratante-fps-25-rose-2c-38g/NATCHL-93506
Mochila Creer para Ver,NATCHL-200046,Mochila Creer para VerLleva siempre contigo el compromiso por la educación.ContenidoSobre la línea Creer para Ver: El 100% de sus utilidades son destinadas a financiar proyectos educativos que buscan potenciar la educación pública de nuestro país.,https://www.natura.cl/p/mochila-creer-para-ver/NATCHL-200046
"Shower gel cabello, cuerpo y barba Paz y Humor - 100 g",NATCHL-172406,"• equilibrio perfecto entre frescura y bienestar | • incluye un shower gel corporal y un desodorante en spray | • ideal para quienes buscan una rutina de cuidado diaria | • el shower gel limpia suavemente la piel | • dejando una sensación refrescante y perfumada | • el desodorante ofrece protección duradera y una fragancia envolvente y sofisticada | • equilibra notas cítricas con un fondo amaderado | • perfecto para regalar o disfrutar en cualquier momento del día | • concentración: deo colonia | • familia olfativa: aromática | • notas de salida: mandarina, bergamota, naranja | • notas de cora",https://www.natura.cl/p/shower-gel-cabello-cuerpo-y-barba-paz-y-humor-100-g/NATCHL-172406
Labial Hidra Faces,NATCHL-6319,• colores vivos y seductores | • con manteca de cacao para una hidratación intensa e inmediata | • cobertura: alta | • dermatológicamente probado | • efecto: mate | • protección solar: FPS 10 | • edad sugerida: a partir de 18 años | • cruelty free | • textura: suave | • zona de aplicación: labios,https://www.natura.cl/p/labial-hidra-vino-540-faces-35-g/NATCHL-6319
Pincel PRO cejas,NATCHL-105717,"• cerdas suaves, con dos lados y diferentes formas | • de un lado: borde biselado | • ideal para dibujar las cejas y hacer delineados | • del otro lado: cepillo para peinar cejas y pestañas | • dispensa (NSOC)",https://www.natura.cl/p/pincel-pro-cejas-una/NATCHL-105717
Polvo suelto Una matte natural - 8 g,NATCHL-165384,"• ingredientes naturales: sésamo, cacao y ceramidas de maracuyá | • combate el envejecimiento | • contribuye a la firmeza* | • más volumen* | • nutre los labios* | • cobertura: alta | • dermatológicamente probado | • protección solar: FPS 25 | • libre de crueldad animal (cruelty free) | • textura: cremosa y confortable | • zona de aplicación: labios",https://www.natura.cl/p/polvo-suelto-una-matte-natural-8-g/NATCHL-165384
Set Cuadernos Creer para Ver,NATCHL-227030,haz un regalo con impacto.• 100% de lo recaudado se invierte para mejorar la educación del país • 2 cuadernos de 14 x 20 cms • cuenta con 80 páginas • interior: blanco.,https://www.natura.cl/p/set-cuadernos-creer-para-ver/NATCHL-227030
Primer facial FPS 40 Una,NATCHL-118797,"• acabado mate natural, para todo tipo de piel | • complejo antioxidante exclusivo de natura | • poderosa acción contra los radicales libres | • repara los daños en la piel | • previene los primeros signos de la edad | • tecnología con partículas que absorben la oleosidad de la piel | • proporciona un efecto soft focus",https://www.natura.cl/p/primer-facial-fps-40-una-30-ml/NATCHL-118797
Repuesto Polvo Compacto Nude Me Una,NATCHL-110680,"• efecto natural, como una segunda piel, sin cuartearse | • acabado mate de larga duración con efecto Nude Me | • natural, como si fuera tu propia piel, sin marcar líneas | • cobertura personalizable que disimula poros y líneas finas | • controla la luminosidad | • resistente al agua y al sudor | • dermatológicamente probado | • cruelty free | • vegano | • zona de aplicación: rostro",https://www.natura.cl/p/polvo-compacto-nude-me-repuesto-21n-10g/NATCHL-110680
Kit Shampoo y acondicionador Lumina Antiseñales,NATCHL-245445,"acción antiedad con protección antioxidante para el cuero cabelludo y las fibras capilares• shampoo que neutraliza el efecto de los radicales libres y desacelera los signos del tiempo • fórmula con Tecnología Bioproteína Triple Acción + Activo ProMelanina: protege la melanina y estimula la formación del color natural del cabello • nueva fragancia con bergamota, fresia y sándalo • acondicionador que hidrata sin pesar • deja las fibras revitalizadas y suaves • Triple Acción + Complejo de Colágeno y Biopeptidos • trata los signos de fragilidad, aspereza y porosidad de las fibras grises • redensif",https://www.natura.cl/p/kit-shampoo-y-acondicionador-lumina-antisenales/NATCHL-245445
Jabón en Barra Puro Vegetal Ekos Andiroba,NATCHL-217739,Ekos Andiroba: cuidado integral para vos y la Amazonia• una explosión de fragancia con tecnología biocosmética de activos amazónicos • limpia sin resecar y perfuma la piel • Con aceites 100% vegetales puros de la Amazonia • mantiene la hidratación natural de la piel • contiene 97% de ingredientes de origen natural,https://www.natura.cl/p/jabon-en-barra-puro-vegetal-ekos-andiroba/NATCHL-217739
Kit Tratamiento Cabellos Quimicamente Dañados (1 primer + 1 máscara),NATCHL-148448,"• nuevos envases | • nueva fragancia | • más tecnología para cuidar de tu cabello | • contiene BioProteína de Triple Acción y Activo Reconstrutor | • promueve la reconstrucción de hasta el 89% de los daños extremos | • previene hasta 2,9 veces los daños futuros* | • el primer y la máscara potencian los resultados desde la primera aplicación | • tipo de cabello: todo tipo de cabellos | • cruelty free | • vegano | • tipo de tratamiento: reconstrucción de daños extremos",https://www.natura.cl/p/tratamiento-pro-reconstructor-320-ml/NATCHL-148448
Base Líquida Faces Checkmatte,NATCHL-166344,"base con acabado mate, larga duración, cobertura media y activos de cuidado de la piel.• base resistente al agua y al sudor • formulada con ácido salicílico, que controla la oleosidad y deja la piel sequita todo el día • enriquecida con vitamina E, que tiene acción antioxidante e hidratante • protege de la luz azul • producto no comedogénico • minimiza la apariencia de los poros y disimula imperfecciones • dermatológicamente y oftalmológicamente probado • para todo tipo de piel.",https://www.natura.cl/p/base-liquida-faces-checkmatte-25-ml/NATCHL-166344
Base Stick FPS 50 Una,NATCHL-181518,base cremosa en formato stick con FPS 50 y ácido hialurónico.• hidrata la piel de forma inmediata y duradera • acabado natural y cobertura de leve a media • eficacia comprobada • larga duración de 24 horas • indicada para piel mixta a seca • formato stick fácil de aplicar y de difuminar • protege la piel de los daños causados por el sol • también puede usarse como contorno.,https://www.natura.cl/p/base-stick-fps-50-una-12-g/NATCHL-181518
Base Stick FPS 50 Una,NATCHL-181517,base cremosa en formato stick con FPS 50 y ácido hialurónico.• hidrata la piel de forma inmediata y duradera • acabado natural y cobertura de leve a media • eficacia comprobada • larga duración de 24 horas • indicada para piel mixta a seca • formato stick fácil de aplicar y de difuminar • protege la piel de los daños causados por el sol • también puede usarse como contorno.,https://www.natura.cl/p/base-stick-fps-50-una-12-g/NATCHL-181517
Base Stick FPS 50 Una,NATCHL-181511,base cremosa en formato stick con FPS 50 y ácido hialurónico.• hidrata la piel de forma inmediata y duradera • acabado natural y cobertura de leve a media • eficacia comprobada • larga duración de 24 horas • indicada para piel mixta a seca • formato stick fácil de aplicar y de difuminar • protege la piel de los daños causados por el sol • también puede usarse como contorno.,https://www.natura.cl/p/base-stick-fps-50-una-12-g/NATCHL-181511
Labial ultracare 24 horas Una,NATCHL-148470,"• tratamiento labial de alto rendimiento | • proporciona hidratación continua por hasta 24 horas | • enriquecido con ingredientes nutritivos | • fórmula que actúa como una barrera protectora contra la resequedad, el clima extremo y los agentes contaminantes | • ideal para el uso diario | • deja los labios visiblemente más suaves, rellenados y cómodos | • envase práctico de 7 ml | • perfecto para llevar contigo y reaplicar cuando quieras | • para todo tipo de piel",https://www.natura.cl/p/labial-ultracare-24-horas-una-rojo-2c-8-ml/NATCHL-148470
Labial Cc Hidratante Fps 25 Una,NATCHL-92530,"• ingredientes naturales: sésamo, cacao y ceramidas de maracuyá | • combate el envejecimiento | • contribuye a la firmeza* | • más volumen* | • nutre los labios* | • cobertura: alta | • dermatológicamente probado | • protección solar: FPS 25 | • libre de crueldad animal (cruelty free) | • textura: cremosa y confortable | • zona de aplicación: labios",https://www.natura.cl/p/labial-cc-hidratante-fps-25-violeta-4c-38g/NATCHL-92530
Esmalte De Unas,NATCHL-106544,• acabado cremoso | • esmalte con alta cobertura y secado rápido | • proporciona un look vibrante y moderno | • fácil de aplicar | • uñas increíbles con practicidad y estilo | • uñas fuertes y resistentes | • brillo increíble | • vegano | • fórmula hipoalergénica | • edad sugerida: a partir de 18 años | • hipoalergénico | • cruelty free,https://www.natura.cl/p/esmalte-de-unas-lila-caracas/NATCHL-106544
Guatero Semillas 2026 Creer Para Ver,NATCHL-227041,"regalo que envuelve cuerpo y corazón con calidez• Natura presenta propuesta para mamá como gesto de cuidado con impacto social • regalo entrega alivio corporal y sensación de bienestar reconfortante • producto refuerza vínculo emocional a través de experiencia de autocuidado • iniciativa apoya educación y contribuye a construcción de futuro sostenible • concepto integra afecto, propósito y compromiso con desarrollo social contiene 1 semillas naturales que retienen y liberan calor de forma gradual",https://www.natura.cl/p/guatero-semillas-2026-creer-para-ver/NATCHL-227041
Crema para peinar Selladora de cutículas Cabellos secos o resecos,NATCHL-147453,"• sistema de nutrición y reparación profunda | • nuevos envases | • más tecnología para cuidar tu cabello | • con BioProteína Triple Acción y Activo Nutrirrevitalización | • promueve 2 veces más nutrición | • reparación y sellado de la fibra capilar* | • un paso esencial en tu rutina de cuidado | • fórmula que protege, hidrata y fortalece el cabello | • tipo de cabello: todo tipo de cabello | • cuenta con refil | • cruelty free (no probado en animales) | • vegano | • tipo de tratamiento: nutrición y reparación profunda",https://www.natura.cl/p/crema-para-peinar-selladora-de-cuticulas-250-ml/NATCHL-147453
blush líquido radiance Una,NATCHL-204760,"rubor líquido con acabado radiante y 100% de hidratación de la piel.• con tecnología de partículas, ácido hialurónico y bioactivo • su fórmula promueve hidratación inmediata y por hasta 12 horas • más 63% de hidratación en la piel • blush con efecto natural y acabado radiante • textura fácil de esparcir que se funde a la piel.",https://www.natura.cl/p/rubor-liquido-radiance-una-5-ml/NATCHL-204760
Labial Extremo Confort Fps 25 Una,NATCHL-97701,• color intenso | • acabado cremoso con Manteca de Tucumá | • estimula hasta en un 77%* la producción de ácido hialurónico | • promoviendo una hidratación profunda desde el interior | • labios suaves y cómodos durante todo el día | • protección solar FPS 25: protege contra los daños causados por los rayos UV | • alta cobertura con un acabado luminoso y sofisticado | • producto vegano: libre de ingredientes de origen animal,https://www.natura.cl/p/labial-extremo-confort-fps-25-coral-3c-38g/NATCHL-97701
Labial ultracare 24 horas Una,NATCHL-148474,"• tratamiento labial de alto rendimiento | • proporciona hidratación continua por hasta 24 horas | • enriquecido con ingredientes nutritivos | • fórmula que actúa como una barrera protectora contra la resequedad, el clima extremo y los agentes contaminantes | • ideal para el uso diario | • deja los labios visiblemente más suaves, rellenados y cómodos | • envase práctico de 7 ml | • perfecto para llevar contigo y reaplicar cuando quieras | • para todo tipo de piel",https://www.natura.cl/p/labial-ultracare-24-horas-una-marron-10c-8-ml/NATCHL-148474
Jabón Líquido para Manos Ekos Pitanga,NATCHL-70403,manos suaves y perfumadas con la fragancia refrescante de pitanga.• jabón líquido de pitanga con fragancia refrescante • limpia y perfuma las manos • mantiene el pH de la piel • ideal para quienes buscan un jabón líquido para lavabo • la línea Ekos Pitanga fortalece los ingresos de familias guardianas de la Amazonía vinculadas a la bioagricultura del cultivo de pitanga• 97% de origen natural.,https://www.natura.cl/p/jabon-liquido-para-manos-ekos-pitanga-250-ml/NATCHL-70403
Labial cremoso multimix Faces,NATCHL-116188,"• más color, más cobertura con efecto cremoso | • colores vibrantes, efecto mate y FPS 10 | • viene con espejo en la tapa | • también puede usarse como blush | • perfecto para llevarlo contigo a todas partes | • cobertura: alta | • probado dermatológicamente | • efecto: mate | • protección solar: FPS 10 | • edad recomendada: a partir de 18 años | • cruelty free | • textura: suave | • zona de aplicación: labios | • expresa tu belleza como y donde quieras",https://www.natura.cl/p/labial-cremoso-multimix-faces-vermelho-hot-35-ml/NATCHL-116188
Labial cremoso multimix Faces,NATCHL-114984,"• más color, más cobertura con efecto cremoso | • colores vibrantes, efecto mate y FPS 10 | • viene con espejo en la tapa | • también puede usarse como blush | • perfecto para llevarlo contigo a todas partes | • cobertura: alta | • probado dermatológicamente | • efecto: mate | • protección solar: FPS 10 | • edad recomendada: a partir de 18 años | • cruelty free | • textura: suave | • zona de aplicación: labios | • expresa tu belleza como y donde quieras",https://www.natura.cl/p/labial-multimix-cream-faces-coral-fun-35-g/NATCHL-114984
Repuesto Colonia Infantil Naturé Molinos de vientos 100ml,NATCHL-156244,"• fragancia que combina la ligereza de la lavanda, el toque suave de nubes esponjosas y una brisa agradable en el rostro | • incentiva a los niños a explorar los aromas de la naturaleza | • una invitación a jugar al aire libre | • sin colorantes artificiales | • no contiene alcohol | • con hasta 88% de ingredientes de origen natural y de la biodiversidad brasileña | • concentración: eau de cologne | • familia olfativa: frutal | • subfamilia: floral | • edad sugerida: 4 a 8 años | • cruelty free | • vegano | • ocasión: uso diario, después del baño",https://www.natura.cl/p/repuesto-colonia-nature-molino-de-viento-100-ml/NATCHL-156244
Delineador Retractil De Ojos Faces,NATCHL-109142,"• punta retráctil de textura suave que se desliza fácilmente | • delineador fácil de aplicar | • trazo preciso y uniforme | • ideal para crear desde líneas delicadas hasta delineados intensos | • mantiene tu mirada impecable durante todo el día | • punta retráctil que no requiere sacapuntas, garantizando practicidad en el uso | • dermatológicamente probado | • edad sugerida: 18+ | • cruelty free | • vegano",https://www.natura.cl/p/delineador-retractil-de-ojos-faces-marron-028g/NATCHL-109142
Labial Hidra Faces,NATCHL-3379,• colores vivos y seductores | • con manteca de cacao para una hidratación intensa e inmediata | • cobertura: alta | • dermatológicamente probado | • efecto: mate | • protección solar: FPS 10 | • edad sugerida: a partir de 18 años | • cruelty free | • textura: suave | • zona de aplicación: labios,https://www.natura.cl/p/labial-hidratante-coral-805-faces-35-g/NATCHL-3379
Corrector checkmatte Faces,NATCHL-00089,"• tonos desarrollados para ofrecer alta cobertura | • proporciona un efecto natural | • se adapta a los diferentes tonos de piel | • diseñado para acompañarte durante todo el día | • textura ligera y uniforme, sin importar la ocasión | • efecto de piel uniforme | • no se agrieta | • no deja la piel grasosa | • disimula manchas, marcas de acné, bolsas y ojeras | • minimiza la apariencia de los poros | • larga duración | • acabado: matte | • subtono: neutro | • dermatológicamente probado | • edad recomendada: a partir de 18 años | • zona de aplicación: rostro | • vegano y cruelty free | • envase",https://www.natura.cl/p/corrector-checkmatte-faces/NATCHL-00089
Corrector checkmatte Faces,NATCHL-116688,"• tonos desarrollados para ofrecer alta cobertura | • proporciona un efecto natural | • se adapta a los diferentes tonos de piel | • diseñado para acompañarte durante todo el día | • textura ligera y uniforme, sin importar la ocasión | • efecto de piel uniforme | • no se agrieta | • no deja la piel grasosa | • disimula manchas, marcas de acné, bolsas y ojeras | • minimiza la apariencia de los poros | • larga duración | • acabado: matte | • subtono: neutro | • dermatológicamente probado | • edad recomendada: a partir de 18 años | • zona de aplicación: rostro | • vegano y cruelty free | • envase",https://www.natura.cl/p/corrector-checkmatte-faces-10n-10-g/NATCHL-116688
Delineador Retractil De Ojos Faces,NATCHL-109143,"• punta retráctil de textura suave que se desliza fácilmente | • delineador fácil de aplicar | • trazo preciso y uniforme | • ideal para crear desde líneas delicadas hasta delineados intensos | • mantiene tu mirada impecable durante todo el día | • punta retráctil que no requiere sacapuntas, garantizando practicidad en el uso | • dermatológicamente probado | • edad sugerida: 18+ | • cruelty free | • vegano",https://www.natura.cl/p/delineador-retractil-de-ojos-faces-azul-deep-028g/NATCHL-109143
"Gloss Labial Faces 5,5 g",NATCHL-175105,"• 4 colores tendencia | • el mejor acabado glossy | • labios hidratados y llenos de color | • brillo intenso | • cuantas más capas, más color y brillo | • con vitamina E | • hidrata tus labios intensamente por 24 horas | • pigmentación y un toque radiante | • dermatológicamente probado | • edad sugerida: a partir de 18 años | • cruelty free | • vegano | • textura: gloss",https://www.natura.cl/p/gloss-labial-faces-55-g/NATCHL-175105
Jabón Líquido para el Cuerpo Ekos Maracuyá,NATCHL-70410,"limpia suavemente y perfuma con la fragancia relajante de maracuyá.• mantiene la hidratación natural de la piel • jabón líquido perfumado para usar en el baño • mantiene el PH natural de la piel • hecho con aceite bruto de maracuyá, rico en ácidos grasos esenciales • la línea Ekos Maracuyá fortalece los ingresos de 876 familias guardianas de la Amazonía• 97% de origen natural.",https://www.natura.cl/p/jabon-liquido-para-el-cuerpo-ekos-maracuya-195-ml/NATCHL-70410
Base tint extremo confort FPS40 Una 15Q,NATCHL-134778,"• cobertura ligera y acabado natural | • deja tu piel con una luminosidad radiante | • fórmula con triple ácido hialurónico y manteca de tukumã | • proporciona hidratación activa desde el interior | • ideal para el uso diario, con FPS 40 y protección UVA | • disponible en tonos que unifican y se adaptan al tono de tu piel | • disimula imperfecciones | • indicada para piel mixta a seca | • no se acumula en los poros ni en las líneas de expresión, no se cuartea ni se desmorona | • no deja sensación grasosa ni pegajosa | • protege la piel contra los daños causados por la luz azul y la luz solar |",https://www.natura.cl/p/base-tint-extremo-confort-fps40-una-15q-30-ml/NATCHL-134778
Base tint extremo confort FPS40 Una 15Q,NATCHL-135035,"• cobertura ligera y acabado natural | • deja tu piel con una luminosidad radiante | • fórmula con triple ácido hialurónico y manteca de tukumã | • proporciona hidratación activa desde el interior | • ideal para el uso diario, con FPS 40 y protección UVA | • disponible en tonos que unifican y se adaptan al tono de tu piel | • disimula imperfecciones | • indicada para piel mixta a seca | • no se acumula en los poros ni en las líneas de expresión, no se cuartea ni se desmorona | • no deja sensación grasosa ni pegajosa | • protege la piel contra los daños causados por la luz azul y la luz solar |",https://www.natura.cl/p/base-tint-extremo-confort-fps40-una-21q-30-ml/NATCHL-135035
Base Matte Una,NATCHL-108126,• cobertura de base con resultados de tratamiento | • mucho más que una base matte de larga duración | • reduce la oleosidad de tu piel con el uso continuo | • complementa el tratamiento antibrillo de Chronos | • especialmente formulada para piel normal a grasa | • controla el brillo del rostro de forma inmediata y durante todo el día | • proporciona una cobertura media para la piel del rostro | • cobertura media de larga duración | • uniformiza el tono de la piel y disimula imperfecciones | • tecnología de pigmentos avanzada | • protege contra los daños causados por la luz azul | • disponible,https://www.natura.cl/p/base-matte--12f-una-30ml/NATCHL-108126
Crema nutritiva para cuerpo Hojas de Limón y Guanábana,NATCHL-75363,"• acción prebiótica: mantiene el equilibrio natural de la flora de la piel | • nutrición personalizada: estimula la reposición de nutrientes según cada tipo de piel | • nutrición profunda: piel saludable en todas las capas | • 94% de ingredientes naturales: mayor afinidad con tu piel | • piel suave y protegida: fácil de esparcir y rápida absorción | • fragancia que sorprende: revitalizante y fresca, con notas aromáticas y cremosas",https://www.natura.cl/p/crema-nutritiva-para-cuerpo-hojas-de-limon-y-guanabana-400ml/NATCHL-75363
Base Matte Una,NATCHL-108129,• cobertura de base con resultados de tratamiento | • mucho más que una base matte de larga duración | • reduce la oleosidad de tu piel con el uso continuo | • complementa el tratamiento antibrillo de Chronos | • especialmente formulada para piel normal a grasa | • controla el brillo del rostro de forma inmediata y durante todo el día | • proporciona una cobertura media para la piel del rostro | • cobertura media de larga duración | • uniformiza el tono de la piel y disimula imperfecciones | • tecnología de pigmentos avanzada | • protege contra los daños causados por la luz azul | • disponible,https://www.natura.cl/p/base-matte--19n-una-30ml/NATCHL-108129
Acondicionador Fuerza y Reparación Molecular Lumina 300ml,NATCHL-164517,"• 1º paso: aplique o condicionador nos cabelos molhados | • 2º paso: espalhe por todo o comprimento do cabelo, evitando a raiz. enxágue em seguida",https://www.natura.cl/p/acondicionador-lumina-fuerza-y-reparacion-molecular-300-ml/NATCHL-164517
Repuesto Crema Hidratante para el Cuerpo Ekos Maracuyá,NATCHL-203386,"hasta 95% de acción calmante para la piel con la potencia antiestrés del maracuyá.*• piel protegida e hidratada por hasta 72 horas • hidratante corporal que reequilibra la piel • textura ligera y de rápida absorción • hecho con aceite bruto de maracuyá, rico en ácidos grasos esenciales • la línea Ekos Maracuyá fortalece los ingresos de 876 familias guardianas de la Amazonía • 97% de origen natural. *porcentaje de participantes con resultados positivos en la evaluación del atributo evaluado",https://www.natura.cl/p/repuesto-crema-hidratante-para-el-cuerpo-ekos-maracuya-400-ml/NATCHL-203386
Labial cremoso multimix Faces,NATCHL-116195,"• más color, más cobertura con efecto cremoso | • colores vibrantes, efecto mate y FPS 10 | • viene con espejo en la tapa | • también puede usarse como blush | • perfecto para llevarlo contigo a todas partes | • cobertura: alta | • probado dermatológicamente | • efecto: mate | • protección solar: FPS 10 | • edad recomendada: a partir de 18 años | • cruelty free | • textura: suave | • zona de aplicación: labios | • expresa tu belleza como y donde quieras",https://www.natura.cl/p/labial-multimix-cream-faces-rosa-kiss-me-35-g/NATCHL-116195
Labial cremoso multimix Faces,NATCHL-116198,"• para labios y mejillas | • cobertura tipo cover-up | • di adiós a los labios resecos | • explosión de cremosidad, para aplicar y no querer parar | • cuantas más capas, más color e hidratación | • producto vegano | • dermatológicamente probado | • sensación cremosa en los labios",https://www.natura.cl/p/labial-cremoso-multimix-faces-cereja-drama-35-ml/NATCHL-116198
Labial CC Hidratante FPS 25 Colección Una Nude 2C,NATCHL-205340,"labial nude que promueve volumen labial con 24 horas de hidratación y acción Antiseñales.• 80% labios restaurados* • 76% alta cobertura* • 75% labios más voluminosos* • labial cremoso con una textura que proporciona una aplicación cómoda y uniforme • acabado satinado, luminoso y sofisticado • un nude nada básico que realza la belleza de los labios • fórmula enriquecida con activos hidratantes y antioxidantes • labial con FPS 25 que deja los labios protegidos y suaves • edición especial con diseño personalizado en la barra y empaque inspirado en el icónico color nude 2C. * prueba instrumental i",https://www.natura.cl/p/labial-cc-hidratante-fps-25-coleccion-una-nude-2c-38-g/NATCHL-205340
Hidratante corporal concentrado Ekos castaña,NATCHL-150220,• con aceite puro de castaña concentrado | • fortalece y repara aún más tu piel | • nutre hasta las capas más profundas | • menor impacto ambiental | • un toque sensorial sorprendente que transforma el agua en un poderoso crema hidratante | • 81% menos plástico | • 75% menos camiones en el transporte | • 100% elaborado con plástico retirado de los ríos del Amazonas,https://www.natura.cl/p/hidratante-corporal-concentrado-ekos-castana-30-ml/NATCHL-150220
Corrector Cobertura Extrema Una 8 Ml,NATCHL-122115,"• efecto natural de larga duración | • disimula ojeras, manchas e imperfecciones hasta por 24 horas | • fácil aplicación | • uniformiza el tono de la piel | • dermatológicamente probado | • libre de crueldad | • textura: cremosa | • subtono: neutro | • zona de aplicación: rostro",https://www.natura.cl/p/corrector-cobertura-extrema-una-32n-8-ml/NATCHL-122115
Jabón Exfoliante en Barra Biome,NATCHL-16269,"alta naturalidad y máxima performance.• exfoliante suave adecuado para todo tipo de piel • recomendado especialmente para zonas extremadamente secas, como pies, codos y rodillas • actúa de forma eficiente, pero no agresiva, gracias a sus micropartículas naturales de Açaí • su fórmula utiliza un 99% de ingredientes de origen natural y elimina células muertas sin microplásticos, sin riesgo para el medio ambiente • el resultado es una piel suave y perfumada al instante.",https://www.natura.cl/p/jabon-exfoliante-en-barra-biome-90-g/NATCHL-16269
Corrector Cobertura Extrema Una 8 Ml,NATCHL-122112,"• efecto natural de larga duración | • disimula ojeras, manchas e imperfecciones hasta por 24 horas | • fácil aplicación | • uniformiza el tono de la piel | • dermatológicamente probado | • libre de crueldad | • textura: cremosa | • subtono: neutro | • zona de aplicación: rostro",https://www.natura.cl/p/corrector-cobertura-extrema-una-27n-8-ml/NATCHL-122112
Base Líquida Faces Checkmatte,NATCHL-166330,"base con acabado mate, larga duración, cobertura media y activos de cuidado de la piel.• base resistente al agua y al sudor • formulada con ácido salicílico, que controla la oleosidad y deja la piel sequita todo el día • enriquecida con vitamina E, que tiene acción antioxidante e hidratante • protege de la luz azul • producto no comedogénico • minimiza la apariencia de los poros y disimula imperfecciones • dermatológicamente y oftalmológicamente probado • para todos los tipos de piel.",https://www.natura.cl/p/base-liquida-faces-checkmatte-25-ml/NATCHL-166330
Esponja de maquillaje multifuncional,NATCHL-105718,"• antibacteriana y libre de látex | • textura ultramacia y duradera | • que garantiza el máximo aprovechamiento del producto | • Ideal para todo tipo de texturas y coberturas | • cuenta con 3 superficies ergonómicas | • que permiten una aplicación precisa y personalizada, con rapidez y facilidad",https://www.natura.cl/p/esponja-de-maquillaje-multifuncional-una/NATCHL-105718
Rubor Faces,NATCHL-9456,• textura suave | • dejándola con un aspecto saludable | • llevar contigo a todos lados | • reaplica cuantas veces quieras | • dermatológicamente probado | • edad recomendada: a partir de los 18 años | • cruelty free | • zona de aplicación: rostro,https://www.natura.cl/p/rubor-faces-coral-85-3g/NATCHL-9456
Pincel Pro Base Líquida UNA,NATCHL-55104,"• ideal para la aplicación de bases líquidas | • con cerdas largas, finas y firmes | • proporciona una aplicación precisa | • aplicación uniforme que distribuye la base líquida de forma homogénea | • cerdas suaves y densas | • diseño ergonómico que garantiza un control total al manejarlo",https://www.natura.cl/p/pincel-pro-una/NATCHL-55104
Rubor Faces,NATCHL-9481,• textura suave | • dejándola con un aspecto saludable | • llevar contigo a todos lados | • reaplica cuantas veces quieras | • dermatológicamente probado | • edad recomendada: a partir de los 18 años | • cruelty free | • zona de aplicación: rostro,https://www.natura.cl/p/rubor-faces-rosa-69-3g/NATCHL-9481
Gel crema antiseñales Renovación y prevención Chronos 30+ noche,NATCHL-134593,"• 93% de las mujeres con reducción de arrugas* | • reorganiza el ciclo natural de las funciones de la piel | • promueve hidratación y activa la vitalidad celular** | • trata los signos del envejecimiento | • contiene bioactivo: Jambu, que relaja las microtensiones de la piel | • resultados reales comprobados | • testado dermatológicamente | • edad sugerida: 30+ | • cruelty free | • vegano | • ocasión: antiedad | • tipo de piel: todo tipo de piel | • textura: gel crema | • zona de aplicación: rostro y cuello",https://www.natura.cl/p/gel-crema-antisenales-renovacion-y-prevencion-chronos-30-noche-40-g/NATCHL-134593
Crema de afeitar multifuncional Essencial exclusivo,NATCHL-218362,"Multifuncional - Calma y protege la piel.La fragancia envolvente de Essencial Exclusivo, la comodidad de la Crema de Afeitar y el toque hidratante del Bálsamo para después de afeitar transforman cada momento en un ritual especial de intensidad. • La crema multifuncional de Essencial prepara, protege y calma la piel antes y después de afeitarse. •Perfecto para combinar con el Deo Parfum Essencial Exclusivo masculino. •Creación moderna y sofisticada traducida en la combinación de Copaíba, madera de la biodiversidad brasileña, con especias frescas, como cardamomo y pimienta. •Una fragancia exclus",https://www.natura.cl/p/crema-de-afeitar-multifuncional-essencial-exclusivo/NATCHL-218362
Eau de Parfum Masculino Essencial Exclusivo 100 ml,NATCHL-218361,"Essencial Exclusivo: dejá tu marca con elegancia y sofisticaciónEssencial Exclusivo Masculino es una fragancia que combina sofisticación e intensidad. con notas amaderadas y especiadas, es perfecto para el hombre que busca una presencia marcada y distintiva. ideal para ocasiones especiales y para el día a día.",https://www.natura.cl/p/desodorante-perfume-essencial-exclusivo-masculino-100-ml/NATCHL-218361
Labial Cc Hidratante Fps 25 Una,NATCHL-93505,"• ingredientes naturales: sésamo, cacao y ceramidas de maracuyá | • combate el envejecimiento | • contribuye a la firmeza* | • más volumen* | • nutre los labios* | • cobertura: alta | • dermatológicamente probado | • protección solar: FPS 25 | • libre de crueldad animal (cruelty free) | • textura: cremosa y confortable | • zona de aplicación: labios",https://www.natura.cl/p/labial-cc-hidratante-fps-25-violeta-6c-38g/NATCHL-93505
,NATCHL-140053,UNA BATOM INTRANSF VIOLETA 6M 7ML,https://www.natura.cl/p/una-batom-intransf-violeta-6m-7ml/NATCHL-140053
Gloss Labial Hidratación Activa Una,NATCHL-164826,"brillo sofisticado con acción de relleno labial. • 72 horas de hidratación activa • aumento de la hidratación de los labios en un 100%* • brillo sofisticado que no se pega y no corre • textura cómoda y no pegajosa que se desliza fácilmente • rellena y da volumen a los labios • con tecnología duo cromo: pigmentos y microesferas inteligentes que proporcionan brillo duocromo – el color cambia según la luz o el ángulo • fórmula enriquecida con ácido hialurónico, escualano y manteca de tukumã. *datos obtenidos a través de estudio clínico con evaluación instrumental de la hidratación de la piel.",https://www.natura.cl/p/gloss-labial-hidratacion-activa-una-5-ml/NATCHL-164826
Esmalte De Unas 3D Gel Una 8Ml,NATCHL-15823,• tecnología PRO Color & Care | • enriquecido con extracto de algas | • ingredientes que ayudan al cuidado y nutrición de las uñas | • efecto gel con protección contra la luz UV | • larga duración y brillo extraordinario en gel | • acabado profesional | • fácil remoción | • producto vegano | • sin pruebas en animales | • 9 FREE | • hipoalergénico,https://www.natura.cl/p/esmalte-de-unas-3d-gel-una-collage-100-8ml/NATCHL-15823
Balm Post Barba Humor Beijo de Humor 75 ml,NATCHL-133339,"• 1º paso: aplica sobre la piel, especialmente en las zonas de mayor circulación como el cuello y las muñecas | • 2º paso: reaplica cada vez que quieras renovar la fragancia",https://www.natura.cl/p/balm-post-barba-humor-beijo-de-humor-75-ml/NATCHL-133339
Delineador Matte Peel Off Una,NATCHL-95757,• cobertura: alta | • testado dermatológicamente | • aplicador extrafino de fibra | • garantiza una aplicación precisa y suave | • ideal para delinear trazos finos o dramáticos | • efecto: matte | • color intenso y efecto matte de larga duración | • mirada aún más marcada y poderosa | • remoción peel off: fácil de retirar | • cruelty free | • vegano | • zona de aplicación: ojos | • ultrapigmentado,https://www.natura.cl/p/delineador-matte-peel-off-una-negro-3-ml/NATCHL-95757
Esmalte De Unas,NATCHL-106551,• acabado cremoso | • esmalte con alta cobertura y secado rápido | • proporciona un look vibrante y moderno | • fácil de aplicar | • uñas increíbles con practicidad y estilo | • uñas fuertes y resistentes | • brillo increíble | • vegano | • fórmula hipoalergénica | • edad sugerida: a partir de 18 años | • hipoalergénico | • cruelty free,https://www.natura.cl/p/esmalte-de-unas-verde-canberra/NATCHL-106551
Desodorante en Spray Corporal Perfumado Paz e Humor,NATCHL-155868,protección con fragancia aromática moderada• protege contra los olores de la transpiración • mantiene la hidratación natural de la piel • potencia la perfumación de la colonia desodorante • envase práctico con seguro en la tapa,https://www.natura.cl/p/desodorante-en-spray-corporal-perfumado-paz-e-humor-100-ml/NATCHL-155868
Cepillo Antinudos Creer Para Ver,NATCHL-262988,"cepillo desenredante con cerdas flexibles y diseño ergonómico• cepillo de cabello pequeño que se adapta al formato de las manos • cerdas flexibles uniformemente espaciadas • dejá tu pelo suave y sin enredos indesejados • evita a rotura excessiva de pelo • medidas: 12 cm x 7,5 cm x 4 cm",https://www.natura.cl/p/cepillo-antinudos-creer-para-ver/NATCHL-262988
Corrector Cobertura Extrema Una 8 Ml,NATCHL-122113,"• resistente al agua y sudor con textura cremosa de larga duración | • tecnología HD: alta cobertura incluso frente a videos y fotos | • acabado matte, para todo tipo de piel. Vitamina E | • acción antioxidante, que combate radicales libres previniendo el envejecimiento precoz",https://www.natura.cl/p/corrector-cobertura-extrema-una-21n-8-ml/NATCHL-122113
Shampoo Hidratación y Protección Antipolución Lumina 300ml,NATCHL-147416,"• un paso esencial en tu ritual de cuidado | • no reseca las puntas | • cabello limpio por mucho más tiempo | • 4 veces más fuerza | • 2,5 veces más hidratación | • 2,5 veces más suavidad",https://www.natura.cl/p/shampoo-purificante-300-ml/NATCHL-147416
Corrector Cushion Nude Me 12G,NATCHL-107125,• resistente al agua y al sudor | • duración de 24 horas | • controla el brillo de la piel | • puede usarse en todo el rostro | • probado dermatológicamente | • cruelty free | • textura: ligera | • subtono: neutro | • zona de aplicación: rostro,https://www.natura.cl/p/corrector-cushion-nude-me-19n-12-ml/NATCHL-107125
Crema antiseñales Fortalecimiento y nutrición Chronos 80+ noche,NATCHL-135039,"• suaviza los impactos causados en la piel después de la menopausia | • contiene activo: ceramida, que repone componentes esenciales para la piel | • contiene bioactivo: cupuaçú, que proporciona hidratación nutritiva | • más del 95% de las mujeres con la piel más uniforme en 2 semanas¹ | • 100% más fortalecimiento y nutrición¹ | • reduce las arrugas profundas | • activa la vitalidad celular² | • fortalece las capas de la piel y nutre profundamente | • uniforma marcas blanquecinas u oscurecidas por el envejecimiento | • resultados reales comprobados por dermatólogos | • cuenta con recarga | • c",https://www.natura.cl/p/crema-antisenales-fortalecimiento-y-nutricion-chronos-80-noche-40-g/NATCHL-135039
Jabón Líquido para Manos Ekos Castaña,NATCHL-70402,"manos suaves y perfumadas con la fragancia cremosa de la castaña.• mantiene el pH de la piel • hecho con aceite bruto de castaña, rico en omegas 6 y 9 • ideal para quienes buscan un jabón líquido para lavamanos • la línea Ekos Castaña apoya la regeneración de la Amazonía y ayuda a fortalecer los ingresos de 689 familias guardianas de la selva vinculadas a la cosecha sustentable• 97% de origen natural.",https://www.natura.cl/p/jabon-liquido-para-manos-ekos-castana-250-ml/NATCHL-70402
Esmalte De Unas 3D Gel Una 8Ml,NATCHL-15353,• tecnología PRO Color & Care | • enriquecido con extracto de algas | • ingredientes que ayudan al cuidado y nutrición de las uñas | • efecto gel con protección contra la luz UV | • larga duración y brillo extraordinario en gel | • acabado profesional | • fácil remoción | • producto vegano | • sin pruebas en animales | • 9 FREE | • hipoalergénico,https://www.natura.cl/p/esmalte-de-unas-3d-gel-una-contorno-590-8ml/NATCHL-15353
Esmalte De Unas 3D Gel Una 8Ml,NATCHL-15822,• tecnología PRO Color & Care | • enriquecido con extracto de algas | • ingredientes que ayudan al cuidado y nutrición de las uñas | • efecto gel con protección contra la luz UV | • larga duración y brillo extraordinario en gel | • acabado profesional | • fácil remoción | • producto vegano | • sin pruebas en animales | • 9 FREE | • hipoalergénico,https://www.natura.cl/p/esmalte-de-unas-3d-gel-una-origami-110-8ml/NATCHL-15822
Esmalte De Unas 3D Gel Una 8Ml,NATCHL-15821,• tecnología PRO Color & Care | • enriquecido con extracto de algas | • ingredientes que ayudan al cuidado y nutrición de las uñas | • efecto gel con protección contra la luz UV | • larga duración y brillo extraordinario en gel | • acabado profesional | • fácil remoción | • producto vegano | • sin pruebas en animales | • 9 FREE | • hipoalergénico,https://www.natura.cl/p/esmalte-de-unas-3d-gel-una-mosaico-665-8ml/NATCHL-15821
Pincel PRO ojos esfumador,NATCHL-105715,"Pincel PRO ojos esfumador UnaPincel PRO ojos esfumadorCerdas suaves, por un lado ideal para esfumar sobre el pliegue del ojo y por el otro para depositar producto.Ideal para: Sombras en polvo o cremosasSobre la línea UnaNatura UNA es una línea premium y sofisticada de maquillaje, que despierta el placer por los sentidos. Uniendo performance y tecnología con ingredientes naturales que cuidan la piel de una manera única y que buscan resultados profesionales.",https://www.natura.cl/p/pincel-pro-ojos-esfumador-una/NATCHL-105715
Base Líquida Faces Checkmatte,NATCHL-166338,"base con acabado mate, larga duración, cobertura media y activos de cuidado de la piel.• base resistente al agua y al sudor • formulada con ácido salicílico, que controla la oleosidad y deja la piel sequita todo el día • enriquecida con vitamina E, que tiene acción antioxidante e hidratante • protege de la luz azul • producto no comedogénico • minimiza la apariencia de los poros y disimula imperfecciones • dermatológicamente y oftalmológicamente probado • para todo tipo de piel.",https://www.natura.cl/p/base-liquida-faces-checkmatte-25-ml/NATCHL-166338
Rubor Faces,NATCHL-9432,• textura suave | • dejándola con un aspecto saludable | • llevar contigo a todos lados | • reaplica cuantas veces quieras | • dermatológicamente probado | • edad recomendada: a partir de los 18 años | • cruelty free | • zona de aplicación: rostro,https://www.natura.cl/p/rubor-faces-vino-28-3g/NATCHL-9432
Labial mate intransferible de larga duración Faces,NATCHL-111424,"el color que acompaña tu ritmoLabial mate intransferible de larga duración Faces Chocolate Mousse Un labial que dura por hasta 12 horas, no transfiere, puedes utilizarlo para boca y mejillas como también protege de la luz de las pantallas del celular y computador.Contenido5,5 mlSobre la línea Faces:Faces es una marca de belleza urbana para cuidarse, inventarse y reinventarse. Da color y valentía, para expresar tu belleza del espejo hacia adentro y de la puerta hacia afuera. Y salir a la calle con actitudes positivas, que se reflejan en el próximo y en el alrededor. Faces se trata de una bellez",https://www.natura.cl/p/labial-mate-intransferible-de-larga-duracion-faces-chocolate-mousse-55-ml/NATCHL-111424
Esmalte De Unas 3D Gel Una 8Ml,NATCHL-15479,• tecnología PRO Color & Care | • enriquecido con extracto de algas | • ingredientes que ayudan al cuidado y nutrición de las uñas | • efecto gel con protección contra la luz UV | • larga duración y brillo extraordinario en gel | • acabado profesional | • fácil remoción | • producto vegano | • sin pruebas en animales | • 9 FREE | • hipoalergénico,https://www.natura.cl/p/esmalte-de-unas-3d-gel-una-palette-730-8ml/NATCHL-15479
Repuesto Colonia Infantil Naturé Salta salta 100ml,NATCHL-146474,"• fragancia con el aroma fresco de jugar en el agua | • perfume suave que combina frutas jugosas, ligereza y ternura | • incentiva a los niños a explorar los aromas de la naturaleza | • una invitación a jugar al aire libre | • sin colorantes artificiales | • no contiene alcohol | • con hasta 88% de ingredientes de origen natural y de la biodiversidad brasileña | • concentración: eau de cologne | • edad sugerida: 4 a 8 años | • cruelty free | • vegano | • ocasión: uso diario, después del baño",https://www.natura.cl/p/repuesto-colonia-nature-salta-salta-100-ml/NATCHL-146474
Cartas Creer para Ver,NATCHL-215798,baraja inglesa de 52 cartas. • ¿y si pudieras transformar vidas a través de la educación? • regala Creer para Ver y escribamos juntos un futuro lleno de oportunidades • 100% de lo recaudado es invertido para mejorar la educación del país • baraja inglesa de 52 cartas hecho de cartón reciclado.,https://www.natura.cl/p/cartas-creer-para-ver/NATCHL-215798
Labial Hidra Faces,NATCHL-4953,"Labial Hidra Violeta 603 Faces - 3,5 gLa calidad que ya conoces ahora con Faces. Los labiales Color Hidra tienen colores vivos e intensos para que uses, mezcles y abuses. Su fórmula ultra cremosa hidrata inmediatamente, dejando tus labios suaves durante todo el día. Contiene manteca de cacao y protección FPS 8.",https://www.natura.cl/p/labial-hidra-violeta-603-faces-35-g/NATCHL-4953
Labial Color Hidra Fps 8,NATCHL-00019,• colores vivos y seductores | • con manteca de cacao para una hidratación intensa e inmediata | • cobertura: alta | • dermatológicamente probado | • efecto: mate | • protección solar: FPS 10 | • edad sugerida: a partir de 18 años | • cruelty free | • textura: suave | • zona de aplicación: labios,https://www.natura.cl/p/labial-color-hidra-fps-8--faces-35g/NATCHL-00019
Labial Color Hidra Fps 8,NATCHL-107361,• colores vivos y seductores | • con manteca de cacao para una hidratación intensa e inmediata | • cobertura: alta | • dermatológicamente probado | • efecto: mate | • protección solar: FPS 10 | • edad sugerida: a partir de 18 años | • cruelty free | • textura: suave | • zona de aplicación: labios,https://www.natura.cl/p/labial-color-hidra-fps-8-castano-406-faces-35g/NATCHL-107361
Sombra trío Faces 3 gr,NATCHL-89501,"• colores que iluminan y realzan tu mirada | • tonos audaces y clásicos | • proporciona color, profundidad y luminosidad a la mirada | • perfecto para quienes buscan colores vibrantes con alta pigmentación",https://www.natura.cl/p/sombra-trio-faces-3-gr/NATCHL-89501
Labial Hidra Faces,NATCHL-6422,• colores vivos y seductores | • con manteca de cacao para una hidratación intensa e inmediata | • cobertura: alta | • dermatológicamente probado | • efecto: mate | • protección solar: FPS 10 | • edad sugerida: a partir de 18 años | • cruelty free | • textura: suave | • zona de aplicación: labios,https://www.natura.cl/p/labial-hidra-marron-470-faces-35-g/NATCHL-6422
"Gloss Labial Faces 5,5 g",NATCHL-175103,"• 4 colores tendencia | • el mejor acabado glossy | • labios hidratados y llenos de color | • brillo intenso | • cuantas más capas, más color y brillo | • con vitamina E | • hidrata tus labios intensamente por 24 horas | • pigmentación y un toque radiante | • dermatológicamente probado | • edad sugerida: a partir de 18 años | • cruelty free | • vegano | • textura: gloss",https://www.natura.cl/p/gloss-labial-faces-55-g/NATCHL-175103
Shampoo Revitalizante Naturé,NATCHL-166872,"cabellos limpiecitos en el viento a brillar. ¡en el sol vamos a jugar!• elimina residuos acumulados de playa y piscina • cabellos más fuertes y resistentes • no irrita los ojos • aprobado por pediatras • fragancia con aroma refrescante, como un chapuzón en el agua • fórmula con prebióticos que refuerzan la microbiota • envase Naturé divertido • rendimiento comprobado • 96% de ingredientes naturales • dermatológicamente y oftalmológicamente probadas • sin silicona ni sulfato • 95% de biodegradabilidad.",https://www.natura.cl/p/shampoo-revitalizante-nature-250-ml/NATCHL-166872
Lapiz Para Labios Faces,NATCHL-9583,• úsalo como quieras | • para dar color o para delinear | • resalta aún más tus labios | • alta cobertura | • testado dermatológicamente | • edad sugerida: a partir de 18 años | • textura ultrasuave | • zona de aplicación: labios | • cruelty free,https://www.natura.cl/p/lapiz-para-labios-faces-vino-14g/NATCHL-9583
Labial cremoso multimix Faces,NATCHL-116201,"• más color, más cobertura con efecto cremoso | • colores vibrantes, efecto mate y FPS 10 | • viene con espejo en la tapa | • también puede usarse como blush | • perfecto para llevarlo contigo a todas partes | • cobertura: alta | • probado dermatológicamente | • efecto: mate | • protección solar: FPS 10 | • edad recomendada: a partir de 18 años | • cruelty free | • textura: suave | • zona de aplicación: labios | • expresa tu belleza como y donde quieras",https://www.natura.cl/p/labial-cremoso-multimix-faces-hey-honey-35-ml/NATCHL-116201
Lapiz Para Labios Faces,NATCHL-9586,• úsalo como quieras | • para dar color o para delinear | • resalta aún más tus labios | • alta cobertura | • testado dermatológicamente | • edad sugerida: a partir de 18 años | • textura ultrasuave | • zona de aplicación: labios | • cruelty free,https://www.natura.cl/p/lapiz-para-labios-faces-rojo-14g/NATCHL-9586
Esmalte De Unas,NATCHL-106542,• acabado cremoso | • esmalte con alta cobertura y secado rápido | • proporciona un look vibrante y moderno | • fácil de aplicar | • uñas increíbles con practicidad y estilo | • uñas fuertes y resistentes | • brillo increíble | • vegano | • fórmula hipoalergénica | • edad sugerida: a partir de 18 años | • hipoalergénico | • cruelty free,https://www.natura.cl/p/faces-esmalte-rosa-montevideo/NATCHL-106542
Esmalte De Unas,NATCHL-106535,• acabado cremoso | • esmalte con alta cobertura y secado rápido | • proporciona un look vibrante y moderno | • fácil de aplicar | • uñas increíbles con practicidad y estilo | • uñas fuertes y resistentes | • brillo increíble | • vegano | • fórmula hipoalergénica | • edad sugerida: a partir de 18 años | • hipoalergénico | • cruelty free,https://www.natura.cl/p/faces-esmalte-pink-rio/NATCHL-106535
Repuesto agua micelar Chronos,NATCHL-134588,"• limpieza suave antes y después del maquillaje | • desmaquilla sin enjuague | • elimina impurezas, exceso de grasa y residuos de contaminación | • calma la piel, hidrata de inmediato y a lo largo del día | • contiene bioactivo: candeia, que calma la piel | • testado dermatológicamente | • apto para la zona de los ojos | • edad sugerida: 18+ | • cruelty free | • vegano | • ocasión: limpieza | • tipo de piel: todo tipo de piel | • textura: líquida | • zona de aplicación: rostro y cuello | • mejor para tu piel, mejor para tu tratamiento y mejor para el medio ambiente",https://www.natura.cl/p/repuesto-agua-micelar-chronos--150-ml/NATCHL-134588
Acondicionador Hidratación y Protección Antipolución Lumina,NATCHL-147446,• nuevos envases | • más tecnología para cuidar tu cabello desde la primera aplicación | • con BioProteína de Triple Acción y Activo Antipolución | • sistema que proporciona hasta 6 veces más hidratación en el cabello | • hasta 2 veces más protección contra los radicales libres | • un paso esencial en tu ritual | • fórmula que hidrata las puntas sin apelmazar | • deja el cabello ligero y con movimiento | • para todo tipo de cabello | • disponible en repuesto | • cruelty free | • vegano | • tipo de tratamiento: hidratación y protección antipolución,https://www.natura.cl/p/acondicionador-protector-300-ml/NATCHL-147446
Spray Hidratación y Protección Antipolución Lumina 150ml,NATCHL-147434,• nuevos envases | • más tecnología para cuidar tu cabello desde la primera aplicación | • con BioProteína Triple Acción y Activo Antipolución | • sistema que proporciona hasta 7 veces más hidratación | • 2 veces más protección contra los radicales libres* | • un paso esencial en tu rutina de cuidado capilar | • fórmula con 6 beneficios en un solo producto | • tipo de cabello: todo tipo de cabello | • cruelty free (no probado en animales) | • vegano | • tipo de tratamiento: hidratación y protección antipolución,https://www.natura.cl/p/spray-protector-antipolucion-150-ml/NATCHL-147434
Esencia de Tratamiento Revitalización y luminosidad  Chronos,NATCHL-135043,"• el uso combiando con el Super sérum y el Sérum intensivo lifting y firmeza aporta hasta 2 veces más de colágeno a la piel | • hasta 94% mas vitalidad de la piel* | • hasta 95% Piel renovada* | • inmediatamente reduce la apariencia de la piel cansada | • con su uso contínuo, reduce arrugas, uniformiza la piel y activa la luminosidad natural | • esencia enriquecida con pre y posbiótico que ayuda a mantener el equilibrio de la microbiota | • potencia hasta un 50% los resultados de los sérums y activa la vitalidad celular*",https://www.natura.cl/p/esencia-de-tratamiento-revitalizacion-y-luminosidad--chronos--100-ml/NATCHL-135043
Crema Hidratante Corporal Ekos Tukumá,NATCHL-203390,"piel más firme y rellena con la potencia antiseñales del tukumá.• estimula en 77% la producción de ácido hialurónico* • piel reparada e hidratada por hasta 72 horas • hecho con aceite y manteca bruta de tukumá, que intensifican la producción de ácido hialurónico • combate los signos de envejecimiento prematuro • doble acción que rellena las capas de la piel • deja la piel más hidratada y uniforme • la línea Ekos tukumá contribuye a la regeneración de la Amazonía y fortalece los ingresos de 702 familias guardianas del bosque vinculadas a la cosecha sostenible. *resultado comprobado por prueba i",https://www.natura.cl/p/crema-hidratante-para-el-cuerpo-ekos-tukuma-400-ml/NATCHL-203390
Repuesto Polvo Compacto Nude Me Una,NATCHL-110679,"• efecto natural, como una segunda piel, sin cuartearse | • acabado mate de larga duración con efecto Nude Me | • natural, como si fuera tu propia piel, sin marcar líneas | • cobertura personalizable que disimula poros y líneas finas | • controla la luminosidad | • resistente al agua y al sudor | • dermatológicamente probado | • cruelty free | • vegano | • zona de aplicación: rostro",https://www.natura.cl/p/polvo-compacto-nude-me-repuesto-19n-10g/NATCHL-110679
Jabón liquido para manos Bothanica Ficus herb,NATCHL-139241,"no incluye bolsaJabón liquido para manos Bothanica Ficus herbLimpieza suave.Camino olfativoNotas de gálbano, pachuli y cacao.Contenido230 mlSobre la marca Bothanica:Natura Bothanica se integra en los diferentes ambientes con fragancias potentes y de larga duración. Su Arquitectura olfativa está caracterizada por notas herbales, frescas y cítricas, y presencia de amaderados.",https://www.natura.cl/p/jabon-liquido-para-manos-bothanica-ficus-herb-230-ml/NATCHL-139241
Jabón Líquido para Manos que Cocinan Bothânica Mente Sana,NATCHL-140711,"limpieza fresca con activo neutralizador de olores.• con Saccharomyces Ferment: activo que neutraliza olores desagradables de las manos, como ajo, cebolla y grasa • limpieza suave y sin agredir la piel • contiene tensioactivo a base de aminoácidos compatible con la piel • fórmula sin sulfato y 90% de origen natural • perfuma las manos con un toque herbal y verde • alta concentración de fragancia • principales ingredientes de la fragancia: menta, artemisa y anís • mezcla exclusiva de aceites esenciales latinoamericanos: estoraque y priprioca.",https://www.natura.cl/p/jabon-liquido-para-manos-que-cocinan-bothanica-mente-sana-230-ml/NATCHL-140711
Jabón Líquido para Manos que Cocinan Bothânica Cucumis Acqua,NATCHL-162012,"limpieza fresca con activo neutralizador de olores.• con Saccharomyces Ferment: activo que neutraliza olores desagradables de las manos, como ajo, cebolla y grasa • limpieza suave y sin agredir la piel • contiene tensioactivo a base de aminoácidos compatible con la piel • fórmula sin sulfato y 90% de origen natural • perfuma las manos con un toque aromático, acuoso y fresco • alta concentración de fragancia • principales ingredientes de la fragancia: pepino, romero y mandarina • mezcla exclusiva de aceites esenciales latinoamericanos: estoraque y priprioca.",https://www.natura.cl/p/jabon-liquido-para-manos-que-cocinan-bothanica-cucumis-acqua-230-ml/NATCHL-162012
Jabón Cremoso en Barra Biome,NATCHL-16267,"alta naturalidad y máxima performance.• jabón corporal en barra para todo tipo de piel • durante el baño, el jabón crea una espuma delicada y concentrada que deja la piel con una sensación de limpieza instantánea y sin tirantez • elaborado con 99% de ingredientes de origen natural • transforma el baño en una nueva experiencia.",https://www.natura.cl/p/jabon-cremoso-en-barra-biome-90-g/NATCHL-16267
Base Powder UNA,NATCHL-127763,"24 horas de alta cobertura. piel matte e hidratadaBase Powder Una24Horas de cobertura matte.Estimula el ácido hialurónico de la piel. Tiene una textura aterciopelada que combina la cobertura de una base con ligereza de un polvo.Contenido20 gSobre la línea UnaNatura UNA es una línea premium y sofisticada de maquillaje, que despierta el placer por los sentidos. Uniendo performance y tecnología con ingredientes naturales que cuidan la piel de una manera única y que buscan resultados profesionales.",https://www.natura.cl/p/base-powder-una-29n-20-g/NATCHL-127763
Rubor Intense Me Una,NATCHL-75241,"• posee recarga (refill) | • libre de crueldad animal | • adecuado para todo tipo de piel | • aspecto de piel saludable | • coloración uniforme, delicada y sofisticada | • tecnología de partículas | • pigmentos multidimensionales que se funden con la piel con mayor adherencia | • cobertura: alta | • esencial para tu rutina de maquillaje | • dermatológicamente probado | • textura: ultrafina | • zona de aplicación: rostro",https://www.natura.cl/p/rubor-intense-me-una--bronce-perlado-6-g/NATCHL-75241
Labial ultracare 24 horas Una,NATCHL-148472,"• tratamiento labial de alto rendimiento | • proporciona hidratación continua por hasta 24 horas | • enriquecido con ingredientes nutritivos | • fórmula que actúa como una barrera protectora contra la resequedad, el clima extremo y los agentes contaminantes | • ideal para el uso diario | • deja los labios visiblemente más suaves, rellenados y cómodos | • envase práctico de 7 ml | • perfecto para llevar contigo y reaplicar cuando quieras | • para todo tipo de piel",https://www.natura.cl/p/labial-ultracare-24-horas-una-rosa-2c-8-ml/NATCHL-148472
Polvo Compacto Nude Me,NATCHL-116406,"• fórmula con micropartículas translúcidas | • adaptación total al color de la piel, ajustándose al tono natural | • duración de hasta 24 horas* y acabado mate | • efecto “nude me”: natural como una segunda piel, sin cuartearse | • cobertura personalizable | • disimula poros y líneas finas mientras | • controla el brillo de la piel | • resistente al agua y al sudor",https://www.natura.cl/p/polvo-compacto-nude-me-40n-10g/NATCHL-116406
Base Matte Una,NATCHL-108142,• cobertura de base con resultados de tratamiento | • mucho más que una base matte de larga duración | • reduce la oleosidad de tu piel con el uso continuo | • complementa el tratamiento antibrillo de Chronos | • especialmente formulada para piel normal a grasa | • controla el brillo del rostro de forma inmediata y durante todo el día | • proporciona una cobertura media para la piel del rostro | • cobertura media de larga duración | • uniformiza el tono de la piel y disimula imperfecciones | • tecnología de pigmentos avanzada | • protege contra los daños causados por la luz azul | • disponible,https://www.natura.cl/p/base-matte--31n-una-30ml/NATCHL-108142
Polvo Compacto Faces,NATCHL-8882,"• ideal para quienes buscan una piel con acabado mate y sin brillo durante todo el día | • su fórmula ligera y fácil de aplicar | • unifica el tono de la piel, | • controla la oleosidad | • proporciona un efecto mate natural y saludable | • perfecto para retoques rápidos | • se adapta a diferentes tonos de piel | • disimula las imperfecciones | • ofreciendo una cobertura suave y confortable | • compacto y práctico | • fácil de llevar en la cartera",https://www.natura.cl/p/polvo-compacto-faces-medio-22-65g/NATCHL-8882
Base tint extremo confort FPS40 Una 15Q,NATCHL-135042,"72 horas de hidratación para una piel radianteBase tint extremo confort FPS40 Una 25QCon 72 horas de hidratación para una piel radiante. Con textura ultra ligera y suave al tacto, proporcionando una sensación extremamente confortable en la piel.Tiene triple ácido hialurónico que hidrata las diferentes capas de la piel de forma inmediata y duradera. También manteca de tukumá que estimula la producción de ácido hialurónico.Contenido30 mlSobre la línea UnaNatura UNA es una línea premium y sofisticada de maquillaje, que despierta el placer por los sentidos. Uniendo performance y tecnología con ing",https://www.natura.cl/p/base-tint-extremo-confort-fps40-una-25q-30-ml/NATCHL-135042
Polvo Compacto Nude Me,NATCHL-116401,"• fórmula con micropartículas translúcidas | • adaptación total al color de la piel, ajustándose al tono natural | • duración de hasta 24 horas* y acabado mate | • efecto “nude me”: natural como una segunda piel, sin cuartearse | • cobertura personalizable | • disimula poros y líneas finas mientras | • controla el brillo de la piel | • resistente al agua y al sudor",https://www.natura.cl/p/polvo-compacto-nude-me-12n-10g/NATCHL-116401
Bálsamo Concentrado para el Cuerpo Ekos Tukumá,NATCHL-123735,"rellena las capas profundas de la piel con la potencia antiseñales del tukumá.• hidratante corporal que estimula hasta un 77% más la producción de ácido hialurónico en la piel* • fórmula rica en manteca de tukumá, un potente antiseñales • bálsamo concentrado con textura cremosa y aterciopelada • protege, hidrata y actúa en las primeras señales de envejecimiento • la línea Ekos tukumá contribuye a la regeneración de la Amazonía y fortalece los ingresos de 702 familias guardianas de la selva vinculadas a la cosecha sostenible. *beneficio comprobado por prueba ex vivo para el bioactivo.",https://www.natura.cl/p/balsamo-concentrado-para-el-cuerpo-ekos-tukuma-200-g/NATCHL-123735
Polvo Compacto Nude Me,NATCHL-116403,"• fórmula con micropartículas translúcidas | • adaptación total al color de la piel, ajustándose al tono natural | • duración de hasta 24 horas* y acabado mate | • efecto “nude me”: natural como una segunda piel, sin cuartearse | • cobertura personalizable | • disimula poros y líneas finas mientras | • controla el brillo de la piel | • resistente al agua y al sudor",https://www.natura.cl/p/polvo-compacto-nude-me-21n-10g/NATCHL-116403
Base sérum nude me,NATCHL-110198,"• duración de hasta por 24 horas | • natural como una segunda piel, sin craquelar | • con tecnología oxygen. | • una belleza que une acabado natural con una piel revitalizada. | • 24 horas de duración con efecto Nude Me: natural como una segunda piel, sin arrugas. | • tecnología Complex Oxygen, que permite que la piel respire de forma natural. | • textura ultraligera con cobertura personalizable. | • protege la piel del daño causado por la luz azul. | • para todo tipo de piel excepto acné | • es ligero como el aire porque tiene una textura ultraligera, que garantiza una sensación de ligereza y",https://www.natura.cl/p/base-serum-nude-me-35c-30-ml/NATCHL-110198
Labial ultracare 24 horas Una,NATCHL-148475,"• tratamiento labial de alto rendimiento | • proporciona hidratación continua por hasta 24 horas | • enriquecido con ingredientes nutritivos | • fórmula que actúa como una barrera protectora contra la resequedad, el clima extremo y los agentes contaminantes | • ideal para el uso diario | • deja los labios visiblemente más suaves, rellenados y cómodos | • envase práctico de 7 ml | • perfecto para llevar contigo y reaplicar cuando quieras | • para todo tipo de piel",https://www.natura.cl/p/labial-ultracare-24-horas-una-rose-2c-8-ml/NATCHL-148475
Acondicionador Restaurador Naturé,NATCHL-166873,"cabellos hidratados, chicos a sonreír. en verano, ¡vamos a divertirnos!• restaura daños causados por la playa y la piscina • cabellos más fuertes y fáciles de peinar • más brillo y suavidad • recarga nutrientes • acción antiquiebre • no irrita los ojos • aprobado por pediatras • fragancia con aroma refrescante, como un chapuzón en el agua • envase Naturé divertido.",https://www.natura.cl/p/acondicionador-restaurador-nature-250-ml/NATCHL-166873
Tododia Kit 3 Deos sin Perfume,NATCHL-250351,protege las axilas hasta por 72 horas• alta protección hasta por 72 horas • alta protección que cuida la piel con activos naturales • tecnología invisible que no mancha ropa clara ni oscura • bioinnovación que combina lo mejor de la ciencia y la naturaleza • sin fragancia contiene 3 Desodorante Antitranspirante Roll-on Tododia Sin Perfume 70 ml,https://www.natura.cl/p/tododia-kit-3-deos-sin-perfume/NATCHL-250351
Chronos Kit Antioleosidad Serum y Protector,NATCHL-250273,"control de oleosidad con tecnología y protección diaria• sérum reductor que actúa contra poros dilatados, enrojecimiento, espinillas, puntos negros y marcas de acné • reduce y controla la oleosidad de inmediato y hasta por 12 horas, manteniendo la hidratación • después de 7 días reduce el tamaño y la cantidad de poros visibles y el brillo de la piel • después de 15 días promueve un efecto peeling suave y ayuda a la renovación de la piel, reduciendo la producción de sebo y el enrojecimiento • después de 30 días reduce espinillas y puntos negros y previene su reaparición • suaviza marcas de acné",https://www.natura.cl/p/chronos-kit-antioleosidad-serum-y-protector/NATCHL-250273
Kit Rellenador Chronos con Mini,NATCHL-255927,"piel más fuerteyhidratada en hasta 14 días• Chronos ofrece alta concentración de ácido hialurónico para una piel más hidratada y rellenada • tecnología con triple ácido hialurónico que actúa en diferentes capas cutáneas • resultados indican hasta un 92% de relleno inmediato de la superficie de la piel¹ • en 14 días, piel más fortalecida, hidratada y con textura visiblemente uniforme • activo probiótico ayuda a equilibrar la microbiota y refuerza la barrera cutánea • bioactivo fevillea estimula la auto-hidratación y la producción natural de ácido hialurónico • fórmula que reduce líneas finas y ",https://www.natura.cl/p/kit-rellenador-chronos-con-mini2-unidades/NATCHL-255927
Protector Solar Infantil FPS 50 Natura Solar,NATCHL-176907,"protección inmediata para la piel delicada de los niños.• alta protección solar con FPS UVB 50 y FPUVA 17 • fórmula con textura de rápida absorción y acabado invisible • con tecnología bioprotección triple acción que ayuda en la protección, prevención y cuidado • con doble mecanismo UV combina filtros físicos y orgánicos contra los efectos nocivos de los rayos UVB y UVA • mucha resistencia al agua y al sudor, siendo ideal desde el uso diario hasta la alta exposición solar • aprobado por pediatras • oftalmológicamente probado • envase práctico y sustentable: tapa anti-arena y envase con 100% PE",https://www.natura.cl/p/protector-solar-infantil-fps-50-natura-solar-200-ml/NATCHL-176907
Repuesto Mascarilla Hidratante Lumina para Hidratación y Protección Antipolución,NATCHL-200647,"revierte los daños de la contaminación en el cabello, dejando el cabello 9 veces más hidratado por hasta 96 horas.*• fórmula con acción antioxidante • cabellos 2 veces más protegidos contra la contaminación y los radicales libres • rellena la cutícula y protege contra agresiones diarias • cabello hidratado y con brillo saludable • resultados científicamente comprobados desde la primera aplicación* • tratamiento para cabellos deshidratados, con aspecto seco y daños leves. *beneficios comprobados con el uso de la línea completa.",https://www.natura.cl/p/repuesto-mascarilla-hidratante-lumina-para-hidratacion-y-proteccion-antipolucion-250-ml/NATCHL-200647
Corrector checkmatte Faces,NATCHL-116694,"alta cobertura y protección con vitamina E antioxidanteCorrector checkmatte Faces 30N Un corrector de alta cobertura, acabado natural, textura liviana y larga duración. Producto vegano, no testeado en animales y con ingredientes seguros.Contenido5,5 gSobre la línea Faces:Faces es una marca de belleza urbana para cuidarse, inventarse y reinventarse. Da color y valentía, para expresar tu belleza del espejo hacia adentro y de la puerta hacia afuera. Y salir a la calle con actitudes positivas, que se reflejan en el próximo y en el alrededor. Faces se trata de una belleza evidente. Con una mirada m",https://www.natura.cl/p/corrector-checkmatte-faces-30n-10-g/NATCHL-116694
Hidratante para Manos Bothânica Cucumis Acqua,NATCHL-162079,"manos suaves y perfumadas con fragancia aromática, acuosa y fresca.• 24 horas de hidratación y cuidado • deja las manos suaves, con toque seco y aterciopelado • fácil de esparcir y con rápida absorción • 96% de origen natural • no deja las manos grasosas • no deja residuos blancos en la piel • explosión olfativa a través de la alta concentración de fragancia • principales ingredientes de la fragancia: pepino, romero y mandarina • mezcla exclusiva de aceites esenciales latinoamericanos: estoraque y priprioca.",https://www.natura.cl/p/hidratante-para-manos-bothanica-cucumis-acqua-230-ml/NATCHL-162079
Repuesto Difusor Natura 774 Rosa Capitiú Sin Varilla,NATCHL-139272,"la mayor expresión de la naturaleza en perfumación para tu hogar • una invitación a sentir los aromas vibrantes de la naturaleza y crear una atmósfera única en tu ambiente • para sorprender los sentidos y las emociones • combinaciones exclusivas de nuestros ingredientes naturales latinoamericanos con ingredientes clásicos de la perfumería mundial • el repuesto Difusor Natura 774 trae una combinación exclusiva de los aceites naturales de la rosa, un clásico de la perfumería mundial, y del Capitiú, arbusto nativo de la Amazonía.",https://www.natura.cl/p/repuesto-difusor-natura-774-rosa-capitiu-200-ml-sin-varilla/NATCHL-139272
Base Fluida Hd,NATCHL-107771,• acabado ligero y uniforme | • fórmula ultrafluida de larga duración | • acción antiedad | • alta definición por hasta 24 horas | • enriquecida con activos de hidratación inmediata | • disimula imperfecciones | • efecto antiestrés | • con Complejo Antioxidante | • combate los radicales libres | • previene el envejecimiento prematuro de la piel | • uniformiza la textura de la piel | • ahora con repuesto y 24 tonos | • llena el envase con tu tono preferido | • para todo tipo de piel,https://www.natura.cl/p/base-fluida-hd-12f-30ml/NATCHL-107771
Rubor Faces,NATCHL-9483,• textura suave | • dejándola con un aspecto saludable | • llevar contigo a todos lados | • reaplica cuantas veces quieras | • dermatológicamente probado | • edad recomendada: a partir de los 18 años | • cruelty free | • zona de aplicación: rostro,https://www.natura.cl/p/rubor-faces-bronze-47-3g/NATCHL-9483
Labial ultracare 24 horas Una,NATCHL-148476,"• tratamiento labial de alto rendimiento | • proporciona hidratación continua por hasta 24 horas | • enriquecido con ingredientes nutritivos | • fórmula que actúa como una barrera protectora contra la resequedad, el clima extremo y los agentes contaminantes | • ideal para el uso diario | • deja los labios visiblemente más suaves, rellenados y cómodos | • envase práctico de 7 ml | • perfecto para llevar contigo y reaplicar cuando quieras | • para todo tipo de piel",https://www.natura.cl/p/labial-ultracare-24-horas-una-rojo-4c-8-ml/NATCHL-148476
Corrector Cushion Nude Me 12G,NATCHL-107130,• resistente al agua y al sudor | • duración de 24 horas | • controla el brillo de la piel | • puede usarse en todo el rostro | • probado dermatológicamente | • cruelty free | • textura: ligera | • subtono: neutro | • zona de aplicación: rostro,https://www.natura.cl/p/corrector-cushion-nude-me-32n-12-ml/NATCHL-107130
Base Fluida Hd,NATCHL-107777,• acabado ligero y uniforme | • fórmula ultrafluida de larga duración | • acción antiedad | • alta definición por hasta 24 horas | • enriquecida con activos de hidratación inmediata | • disimula imperfecciones | • efecto antiestrés | • con Complejo Antioxidante | • combate los radicales libres | • previene el envejecimiento prematuro de la piel | • uniformiza la textura de la piel | • ahora con repuesto y 24 tonos | • llena el envase con tu tono preferido | • para todo tipo de piel,https://www.natura.cl/p/base-fluida-hd-27n-30ml/NATCHL-107777
Labial Color Hidra Fps 8,NATCHL-107360,• colores vivos y seductores | • con manteca de cacao para una hidratación intensa e inmediata | • cobertura: alta | • dermatológicamente probado | • efecto: mate | • protección solar: FPS 10 | • edad sugerida: a partir de 18 años | • cruelty free | • textura: suave | • zona de aplicación: labios,https://www.natura.cl/p/labial-color-hidra-fps-8-pink-208-faces-35g/NATCHL-107360
Base Líquida Faces Checkmatte,NATCHL-166345,"base con acabado mate, larga duración, cobertura media y activos de cuidado de la piel.• base resistente al agua y al sudor • formulada con ácido salicílico, que controla la oleosidad y deja la piel sequita todo el día • enriquecida con vitamina E, que tiene acción antioxidante e hidratante • protege de la luz azul • producto no comedogénico • minimiza la apariencia de los poros y disimula imperfecciones • dermatológicamente y oftalmológicamente probado • para todos los tipos de piel.",https://www.natura.cl/p/base-liquida-faces-checkmatte-25-ml/NATCHL-166345
Base Powder UNA,NATCHL-127766,• textura aterciopelada | • combina el rendimiento de una base con la ligereza de un polvo | • fórmula con Tecnología Equilibrium | • regula la oleosidad | • hidrata hasta por 24 horas | • estimula la producción de ácido hialurónico | • alta cobertura | • probado dermatológicamente | • efecto matte | • cruelty free | • textura mousse | • tipo de tratamiento: control de oleosidad | • subtono: frío | • zona de aplicación: rostro,https://www.natura.cl/p/base-powder-una-21c-20-g/NATCHL-127766
Fluido de Masaje para el Cuerpo Ekos Maracuyá,NATCHL-95035,"fluido de masaje con la potencia antiestrés del maracuyá.• fórmula que ayuda a relajar las tensiones que se acumulan en la espalda, hombros, cuello, piernas y pies • perfuma la piel del cuerpo • empaque de 100% aluminio reciclado • la línea Ekos Maracuyá fortalece los ingresos de 876 familias guardianas de la Amazonía• 97% de origen natural.",https://www.natura.cl/p/fluido-de-masaje-para-el-cuerpo-ekos-maracuya-100-g/NATCHL-95035
Base Matte Una,NATCHL-108130,• cobertura de base con resultados de tratamiento | • mucho más que una base matte de larga duración | • reduce la oleosidad de tu piel con el uso continuo | • complementa el tratamiento antibrillo de Chronos | • especialmente formulada para piel normal a grasa | • controla el brillo del rostro de forma inmediata y durante todo el día | • proporciona una cobertura media para la piel del rostro | • cobertura media de larga duración | • uniformiza el tono de la piel y disimula imperfecciones | • tecnología de pigmentos avanzada | • protege contra los daños causados por la luz azul | • disponible,https://www.natura.cl/p/base-matte--20n-una-30ml/NATCHL-108130
Repuesto Base Líquida HD Una,NATCHL-173598,"acabado natural impecable con poderosa acción antiseñales.• 24 horas de duración e hidratación • 100% aprobada por consumidoras • menos 9% arrugas y líneas en 4 semanas • textura ligera y aterciopelada que se funde perfectamente con la piel • base con cobertura alta y alta definición • piel uniforme e imperceptible a simple vista • poderosa acción antiseñales con retinol, péptidos y bioactivo, que provoca una verdadera transformación de tu piel. contiene 1 repuesto de 30 ml con base en el color seleccionado.",https://www.natura.cl/p/repuesto-base-liquida-hd-una-30-ml/NATCHL-173598
Repuesto Base Líquida HD Una,NATCHL-173601,"acabado natural impecable con poderosa acción antiseñales.• 24 horas de duración e hidratación • 100% aprobada por consumidoras • menos 9% arrugas y líneas en 4 semanas • textura ligera y aterciopelada que se funde perfectamente con la piel • base con cobertura alta y alta definición • piel uniforme e imperceptible a simple vista • poderosa acción antiseñales con retinol, péptidos y bioactivo, que provoca una verdadera transformación de tu piel. contiene 1 repuesto de 30 ml con base en el color seleccionado.",https://www.natura.cl/p/repuesto-base-liquida-hd-una-30-ml/NATCHL-173601
Repuesto Base Líquida HD Una,NATCHL-173597,"acabado natural impecable con poderosa acción antiseñales.• 24 horas de duración e hidratación • 100% aprobada por consumidoras • menos 9% arrugas y líneas en 4 semanas • textura ligera y aterciopelada que se funde perfectamente con la piel • base con cobertura alta y alta definición • piel uniforme e imperceptible a simple vista • poderosa acción antiseñales con retinol, péptidos y bioactivo, que provoca una verdadera transformación de tu piel. contiene 1 repuesto de 30 ml con base en el color seleccionado.",https://www.natura.cl/p/repuesto-base-liquida-hd-una-30-ml/NATCHL-173597
Base Stick FPS 50 Una,NATCHL-181514,base cremosa en formato stick con FPS 50 y ácido hialurónico.• hidrata la piel de forma inmediata y duradera • acabado natural y cobertura de leve a media • eficacia comprobada • larga duración de 24 horas • indicada para piel mixta a seca • formato stick fácil de aplicar y de difuminar • protege la piel de los daños causados por el sol • también puede usarse como contorno.,https://www.natura.cl/p/base-stick-fps-50-una-12-g/NATCHL-181514
Tododia Kit 3 Deos Hojas de Limon,NATCHL-250357,protege las axilas y perfuma con una fragancia refrescante• alta protección hasta por 72 horas • cuida la piel con activos naturales • tecnología invisible que no mancha ropa clara ni oscura • bioinnovación: combina lo mejor de la ciencia y la naturaleza • notas cítricas inspiradas en la icónica fragancia de hojas de limón y guanábana contiene 3 Desodorante Antitranspirante Roll-on Tododia Hojas de Limón y Guanábana 70 ml,https://www.natura.cl/p/tododia-kit-3-deos-hojas-de-limon/NATCHL-250357
Base Stick FPS 50 Una,NATCHL-181519,base cremosa en formato stick con FPS 50 y ácido hialurónico.• hidrata la piel de forma inmediata y duradera • acabado natural y cobertura de leve a media • eficacia comprobada • larga duración de 24 horas • indicada para piel mixta a seca • formato stick fácil de aplicar y de difuminar • protege la piel de los daños causados por el sol • también puede usarse como contorno.,https://www.natura.cl/p/base-stick-fps-50-una-12-g/NATCHL-181519
Repuesto Polvo Compacto Nude Me Una,NATCHL-110682,"• efecto natural, como una segunda piel, sin cuartearse | • acabado mate de larga duración con efecto Nude Me | • natural, como si fuera tu propia piel, sin marcar líneas | • cobertura personalizable que disimula poros y líneas finas | • controla la luminosidad | • resistente al agua y al sudor | • dermatológicamente probado | • cruelty free | • vegano | • zona de aplicación: rostro",https://www.natura.cl/p/polvo-compacto-nude-me-repuesto-31n-10g/NATCHL-110682
Spray de ambientes Bothanica Cyan serenum,NATCHL-139802,"no incluye bolsaSpray de ambientes Bothanica Cyan serenumCuidado para tu casa, despierta tus sentidos. Alta concentración de fragancia y óleos esenciales.Camino olfativoNotas de manzanilla azul, benjuí, olíbano y salviaContenido230 mlSobre la marca Bothanica:Natura Bothanica se integra en los diferentes ambientes con fragancias potentes y de larga duración. Su Arquitectura olfativa está caracterizada por notas herbales, frescas y cítricas, y presencia de amaderados.",https://www.natura.cl/p/spray-de-ambientes-bothanica-cyan-serenum-230-ml/NATCHL-139802
Globo Terráqueo Creer para Ver,NATCHL-240484,"haz un regalo con impacto.• 100% de lo recaudado se invierte para mejorar la educación del país • pinta y arma tu globo terráqueo • conoce los océanos, continentes y paisajes alrededor del mundo • tamaño: 29 cms de diámetro.",https://www.natura.cl/p/globo-terraqueo-creer-para-ver/NATCHL-240484
Repuesto Difusor Natura 861 Guaiaco Pataqueira Sin Varilla,NATCHL-139270,"la mayor expresión de la naturaleza en perfumación para tu hogar • una invitación a sentir los aromas vibrantes de la naturaleza y crear una atmósfera única en tu ambiente. para sorprender los sentidos y las emociones • para sorprender los sentidos y las emociones • combinaciones autorales de nuestros ingredientes naturales latinoamericanos con ingredientes clásicos de la perfumería mundial • el repuesto difusor Natura 861 trae una combinación exclusiva de los aceites naturales del guaiaco, un clásico de la perfumería mundial, y de la pataqueira, flor nativa de la amazonía.",https://www.natura.cl/p/repuesto-difusor-natura-861-guaiaco-pataqueira-200-ml-sin-varilla/NATCHL-139270
Spray de ambientes Bothanica Aura gingi,NATCHL-139804,• perfumación ambiental | • fragancia de larga duración | • para crear memorias olfativas | • explosión fresca y cítrica para el ambiente | • vegano y cruelty free | • fragancia premium | • con aceites esenciales de la etnobotánica latinoamericana | • ideal para combinar con otros productos de la línea,https://www.natura.cl/p/spray-de-ambientes-bothanica-aura-gingi-230-ml/NATCHL-139804
Vela Bothanica Nobilis antique,NATCHL-139252,• crea una atmósfera acogedora y serena | • perfecta para tu rutina de autocuidado y bienestar | • ideal para combinar con otros productos de la línea Bothánica | • alta concentración de fragancia | • cera 100% vegetal | • ingredientes de origen natural | • mecha de algodón que facilita la combustión | • frasco de vidrio minimalista y reutilizable | • vegano y cruelty free | • fragancia premium,https://www.natura.cl/p/vela-bothanica-nobilis-antique-170-g/NATCHL-139252
Multiprotector antiseñales FPS 50 Chronos,NATCHL-134189,• hasta 49% reduce la pérdida de colageno con el uso continuo | • tecnología exclusiva Chronos Derma | • bioactivo: ingá/Acaí/ Cacao | • estimulan mecanismos antioxidantes naturales | • potentes ingredientes de la biodiversidad brasileña | • dermoactivos: Vitamina C | • accion antioxidante y antiseñales | • ingredientes reconocidos de la dermatologia | • piel radiante e hidratada profundamente. Acción antioxidante que ayuda a neutralizar los radicales libres | • con su uso continuo: reduce las arrugas y reafirma la piel | • uniformiza la textura del tono de piel. Día. Todo tipo de piel. Rapida,https://www.natura.cl/p/multiprotector-antisenales-fps-50-chronos-50-ml/NATCHL-134189
Kit Sérum lifting & firmeza + repuesto,NATCHL-182810,"No incluye bolsaKit Sérum lifting & firmeza + repuesto Chronos94% firmeza y elasticidad**Porcentaje de mujeres con resultados de pruebas clínicas e instrumentales dentro de los 7 díasResultados comprobados_ EFECTO LIFTING INMEDIATO***_ CONTORNO FACIAL MÁS DEFINIDO _Activa la vitalidad celular para una piel mas saludable ****Protege y estimula los 3 principales colágenos y elastina:Textura no oleosa de rápida absorción. _Ideal para todo tipo de piel. Efecto inmediato: Hidrata profundamente la piel, dejándola radiante y con un aspecto más firme.En 7 días: Estimula la producción de colágeno tipo ",https://www.natura.cl/p/kit-serum-lifting--firmeza--repuesto-chronos-derma/NATCHL-182810
Base Matte Una,NATCHL-108128,• cobertura de base con resultados de tratamiento | • mucho más que una base matte de larga duración | • reduce la oleosidad de tu piel con el uso continuo | • complementa el tratamiento antibrillo de Chronos | • especialmente formulada para piel normal a grasa | • controla el brillo del rostro de forma inmediata y durante todo el día | • proporciona una cobertura media para la piel del rostro | • cobertura media de larga duración | • uniformiza el tono de la piel y disimula imperfecciones | • tecnología de pigmentos avanzada | • protege contra los daños causados por la luz azul | • disponible,https://www.natura.cl/p/base-matte--16f-una-30ml/NATCHL-108128
Base Matte Una,NATCHL-108135,• cobertura de base con resultados de tratamiento | • mucho más que una base matte de larga duración | • reduce la oleosidad de tu piel con el uso continuo | • complementa el tratamiento antibrillo de Chronos | • especialmente formulada para piel normal a grasa | • controla el brillo del rostro de forma inmediata y durante todo el día | • proporciona una cobertura media para la piel del rostro | • cobertura media de larga duración | • uniformiza el tono de la piel y disimula imperfecciones | • tecnología de pigmentos avanzada | • protege contra los daños causados por la luz azul | • disponible,https://www.natura.cl/p/base-matte--25c-una-30ml/NATCHL-108135
Base tint extremo confort FPS40 Una 15Q,NATCHL-135028,"72 horas de hidratación para una piel radianteBase tint extremo confort FPS40 Una 32QCon 72 horas de hidratación para una piel radiante. Con textura ultra ligera y suave al tacto, proporcionando una sensación extremamente confortable en la piel.Tiene triple ácido hialurónico que hidrata las diferentes capas de la piel de forma inmediata y duradera. También manteca de tukumá que estimula la producción de ácido hialurónico.Contenido30 mlSobre la línea UnaNatura UNA es una línea premium y sofisticada de maquillaje, que despierta el placer por los sentidos. Uniendo performance y tecnología con ing",https://www.natura.cl/p/base-tint-extremo-confort-fps40-una-32q-30-ml/NATCHL-135028
Corrector checkmatte Faces,NATCHL-116695,"alta cobertura y protección con vitamina E antioxidanteCorrector checkmatte Faces 32N Un corrector de alta cobertura, acabado natural, textura liviana y larga duración. Producto vegano, no testeado en animales y con ingredientes seguros.Contenido5,5 gSobre la línea Faces:Faces es una marca de belleza urbana para cuidarse, inventarse y reinventarse. Da color y valentía, para expresar tu belleza del espejo hacia adentro y de la puerta hacia afuera. Y salir a la calle con actitudes positivas, que se reflejan en el próximo y en el alrededor. Faces se trata de una belleza evidente. Con una mirada m",https://www.natura.cl/p/corrector-checkmatte-faces-32n-10-g/NATCHL-116695
Corrector Cobertura Extrema Una 8 Ml,NATCHL-122121,"• efecto natural de larga duración | • disimula ojeras, manchas e imperfecciones hasta por 24 horas | • fácil aplicación | • uniformiza el tono de la piel | • dermatológicamente probado | • libre de crueldad | • textura: cremosa | • subtono: neutro | • zona de aplicación: rostro",https://www.natura.cl/p/corrector-cobertura-extrema-una-30n-8-ml/NATCHL-122121
Corrector checkmatte Faces,NATCHL-116691,"• tonos desarrollados para ofrecer alta cobertura | • proporciona un efecto natural | • se adapta a los diferentes tonos de piel | • diseñado para acompañarte durante todo el día | • textura ligera y uniforme, sin importar la ocasión | • efecto de piel uniforme | • no se agrieta | • no deja la piel grasosa | • disimula manchas, marcas de acné, bolsas y ojeras | • minimiza la apariencia de los poros | • larga duración | • acabado: matte | • subtono: neutro | • dermatológicamente probado | • edad recomendada: a partir de 18 años | • zona de aplicación: rostro | • vegano y cruelty free | • envase",https://www.natura.cl/p/corrector-checkmatte-faces-21n-10-g/NATCHL-116691
Kit Super Sérum + repuesto,NATCHL-182811,"No incluye bolsaKit Super Sérum + repuesto ChronosReducción del 100% de todo tipo de arrugas**Resultado de pruebas clínicas e instrumentales.Activa la vitalidad celular para una piel sana. REESTRUCTURA LA PIEL PARA UNA REDUCCIÓN VISIBLE DE TODO TIPO DE ARRUGASEstimula la producción de colágeno, elastina y ácido hialurónico.CONECTA las capas de la pielREORGANIZA la estructura de la piel_Textura del sérum para todas las edades y tipos de piel.2 resultados de estimulación de la piel3 Resultado obtenido mediante tecnología exclusiva de BIOCIÊNCIA CHRONOS.Efecto inmediato: Suaviza las líneas finas ",https://www.natura.cl/p/kit-super-serum--repuesto-chronos-derma/NATCHL-182811
Base Líquida Faces Checkmatte,NATCHL-166349,"base con acabado mate, larga duración, cobertura media y activos de cuidado de la piel.• base resistente al agua y al sudor • formulada con ácido salicílico, que controla la oleosidad y deja la piel sequita todo el día • enriquecida con vitamina E, que tiene acción antioxidante e hidratante • protege de la luz azul • producto no comedogénico • minimiza la apariencia de los poros y disimula imperfecciones • dermatológicamente y oftalmológicamente probado • para todo tipo de piel.",https://www.natura.cl/p/base-liquida-faces-checkmatte-25-ml/NATCHL-166349
Repuesto Base Líquida HD Una,NATCHL-173612,"acabado natural impecable con poderosa acción antiseñales.• 24 horas de duración e hidratación • 100% aprobada por consumidoras • menos 9% arrugas y líneas en 4 semanas • textura ligera y aterciopelada que se funde perfectamente con la piel • base con cobertura alta y alta definición • piel uniforme e imperceptible a simple vista • poderosa acción antiseñales con retinol, péptidos y bioactivo, que provoca una verdadera transformación de tu piel. contiene 1 repuesto de 30 ml con base en el color seleccionado.",https://www.natura.cl/p/repuesto-base-liquida-hd-una-30-ml/NATCHL-173612
Labial Hidra Faces,NATCHL-4960,• colores vivos y seductores | • con manteca de cacao para una hidratación intensa e inmediata | • cobertura: alta | • dermatológicamente probado | • efecto: mate | • protección solar: FPS 10 | • edad sugerida: a partir de 18 años | • cruelty free | • textura: suave | • zona de aplicación: labios,https://www.natura.cl/p/labial-hidra-rojo-120-faces-35-g/NATCHL-4960
Eau de Parfum Femenino Essencial Único 90ml,NATCHL-118459,"• bouquet único: •una combinación de fragancias distintivas | • corazón de la fragancia: •jazmín egipcio en su forma más pura y noble | • nota envolvente: •presencia destacada de copaíba, una madera preciosa de la biodiversidad amazónica | • proceso especial: •sometido a una purificación que resalta sus notas más intensas y envolventes",https://www.natura.cl/p/eau-de-parfum-femenino-essencial-unico-90-ml/NATCHL-118459
Repuesto Base Líquida HD Una,NATCHL-173607,"acabado natural impecable con poderosa acción antiseñales.• 24 horas de duración e hidratación • 100% aprobada por consumidoras • menos 9% arrugas y líneas en 4 semanas • textura ligera y aterciopelada que se funde perfectamente con la piel • base con cobertura alta y alta definición • piel uniforme e imperceptible a simple vista • poderosa acción antiseñales con retinol, péptidos y bioactivo, que provoca una verdadera transformación de tu piel. contiene 1 repuesto de 30 ml con base en el color seleccionado.",https://www.natura.cl/p/repuesto-base-liquida-hd-una-30-ml/NATCHL-173607
Repuesto Base Líquida HD Una,NATCHL-173604,"acabado natural impecable con poderosa acción antiseñales.• 24 horas de duración e hidratación • 100% aprobada por consumidoras • menos 9% arrugas y líneas en 4 semanas • textura ligera y aterciopelada que se funde perfectamente con la piel • base con cobertura alta y alta definición • piel uniforme e imperceptible a simple vista • poderosa acción antiseñales con retinol, péptidos y bioactivo, que provoca una verdadera transformación de tu piel. contiene 1 repuesto de 30 ml con base en el color seleccionado.",https://www.natura.cl/p/repuesto-base-liquida-hd-una-30-ml/NATCHL-173604
Kit Una Cejas perfectas,NATCHL-199064,"No lncluye bolsaKit Una Cejas perfectasDefinición y volumen.Dibuja los pelos de forma precisa y natural con efecto microblading.Nutré y da volumen con el sérum Extremific, para cejas 2 veces más rellenas. Textura gel con toque seco.Contenido1 Lápiz retráctil para cejas Una castaño claro - 250 mg1 Sérum para cejas Extremific Una - 4 g Sobre la línea UnaNatura UNA es una línea premium y sofisticada de maquillaje, que despierta el placer por los sentidos. Uniendo performance y tecnología con ingredientes naturales que cuidan la piel de una manera única y que buscan resultados profesionales.",https://www.natura.cl/p/kit-una-cejas-perfectas/NATCHL-199064
Base Fluida Hd,NATCHL-00002,• acabado ligero y uniforme | • fórmula ultrafluida de larga duración | • acción antiedad | • alta definición por hasta 24 horas | • enriquecida con activos de hidratación inmediata | • disimula imperfecciones | • efecto antiestrés | • con Complejo Antioxidante | • combate los radicales libres | • previene el envejecimiento prematuro de la piel | • uniformiza la textura de la piel | • ahora con repuesto y 24 tonos | • llena el envase con tu tono preferido | • para todo tipo de piel,https://www.natura.cl/p/base-fluida-hd-una-30-ml/NATCHL-00002
Crema de Barbear Multifuncional Homem Identidad  75 ml,NATCHL-222446,"producto multifuncional que facilita el afeitado, hidrata y calma la piel.• facilita el deslizamiento de la cuchilla sobre la piel • posee acción dermocalmante • puede utilizarse antes y después del afeitado • hidrata suavemente la piel • frasco de tamaño compacto que facilita su transporte para el gimnasio, sauna o viajes",https://www.natura.cl/p/crema-de-barbear-multifuncional-homem-identidad-75-ml/NATCHL-222446
Vela Bothanica Cyan serenum,NATCHL-139250,"• abraza momentos de calma y confort | • crea un ambiente sereno para tu rutina de cuidado y bienestar | • ideal para combinar con otros productos de la línea Bothánica | • transforma el día en un ritual de conexión contigo, con los demás y con tus espacios | • fragancia premium | • frasco de vidrio minimalista y reutilizable | • producto vegano | • libre de crueldad animal (Cruelty free) | • cera 100% vegetal",https://www.natura.cl/p/vela-bothanica-cyan-serenum-170-g/NATCHL-139250
Válvula aguas,NATCHL-2273,• disfruta de la agradable sensación del uso abundante del agua | • la válvula se vende por separado | • puede utilizarse con todas las fragancias,https://www.natura.cl/p/valvula-aguas/NATCHL-2273
Jabón Facial Exfoliante Biome,NATCHL-124834,"limpia y exfolia tu piel, eliminando impurezas y células muertas.• limpia tu piel con el mismo cuidado que la prepara para la regeneración • su fórmula contiene Complejo Regenerativo y Complejo de Partículas Exfoliantes con ingredientes de origen natural que estimulan la renovación celular de manera eficaz • deja la piel más saludable y luminosa • un producto en barra, vegano, con 96% de origen natural y empaque sin plástico.",https://www.natura.cl/p/jabon-facial-exfoliante-biome-65-g/NATCHL-124834
Repuesto Rubor Intense Me Una,NATCHL-92576,"• posee recarga (refill) | • libre de crueldad animal | • adecuado para todo tipo de piel | • aspecto de piel saludable | • coloración uniforme, delicada y sofisticada | • tecnología de partículas | • pigmentos multidimensionales que se funden con la piel con mayor adherencia | • cobertura: alta | • esencial para tu rutina de maquillaje | • dermatológicamente probado | • textura: ultrafina | • zona de aplicación: rostro",https://www.natura.cl/p/repuesto-rubor-intense-me--una--bronce-perlado-6-g/NATCHL-92576
Bolso de Mano Creer para Ver,NATCHL-227038,Haz un regalo con impacto.• 100% de lo recaudado es destinado a mejorar la educación del país • lleva todos tus esenciales en un solo lugar medidas 11 x 10 x 4 cms material: 60% poliéster,https://www.natura.cl/p/bolso-de-mano-creer-para-ver-1-unidad/NATCHL-227038
Accesorio Bioresina Biome,NATCHL-118042,"material rígido y resistente.• con un diseño exclusivo, ofrece una doble función: permite transportar tus barras de forma segura cuando viajas y sirve como soporte para hasta dos barras en la ducha • inspirado en las barras Natura Biōme • material compostable y biodegradable.",https://www.natura.cl/p/accesorio-bioresina-biome-1-unidad/NATCHL-118042
TODODIA. Kit Reparación Completo,NATCHL-250272,cuidado completo de reparación para un cabello más fuerte y saludable• Shampoo que repara la fibra capilar y mejora la resistencia • evita la resequedad • espuma envolvente • fragancia femenina y agradable con notas de flor de cerezo • limpieza suave que no daña el cabello • indicado para todo tipo de rizos • repara el cabello dañado por procesos químicos • fórmula con 92% de ingredientes de origen natural • tecnología prebiótica que cuida desde la raíz hasta las puntas • acondicionador que revitaliza la fibra capilar • deja el cabello con apariencia saludable • reduce las puntas abiertas • cu,https://www.natura.cl/p/tododia--kit-reparacion-completo/NATCHL-250272
Perfume en Aceite Natura 379 Benjoin Cumaru 15 ml,NATCHL-139038,"la mayor expresión de la naturaleza en perfume• la combinación dulce amaderada te invita a sentir los aromas vibrantes de la naturaleza • Natura 379 Perfume en Aceite ofrece una combinación exclusiva de los aceites naturales de benjuí, un clásico de la perfumería mundial, y de cumarú, semilla nativa de la Amazonía • sensorial único y nuevo gesto de perfumería en formato gotero • puede ser utilizado de forma individual o combinado con los eau de parfum de esta línea • toque aterciopelado, rápida absorción y larga duración • co-creado por nuestra master perfumista, Verônica Kato, y renombrados p",https://www.natura.cl/p/perfume-en-aceite-natura-379-benjoim-cumaru-15-ml/NATCHL-139038
Spray de ambientes Bothanica Nobilis antique,NATCHL-139803,"no incluye bolsaSpray de ambientes Bothanica Nobilis antiqueCuidado para tu casa, despierta tus sentidos. Alta concentración de fragancia y óleos esenciales.Camino olfativoNotas de Gálbano, pachuli y cacaoContenido230 mlSobre la marca Bothanica:Natura Bothanica se integra en los diferentes ambientes con fragancias potentes y de larga duración. Su Arquitectura olfativa está caracterizada por notas herbales, frescas y cítricas, y presencia de amaderados.",https://www.natura.cl/p/spray-de-ambientes-bothanica-nobilis-antique-230-ml/NATCHL-139803
Hidratante de manos Bothanica Ficus herb,NATCHL-139238,• textura cremosa de rápida absorción | • restaura la hidratación de la piel | • manos mucho más suaves y con tacto aterciopelado | • fácil de aplicar | • tacto aterciopelado | • dermatológicamente probado | • vegano y cruelty free | • disponible con recarga (refill) | • tipo de piel: todo tipo de piel | • textura cremosa y rápida absorción | • frescura verde y frutal | • combínalo con otros productos de la línea Bothánica,https://www.natura.cl/p/hidratante-de-manos-bothanica-ficus-herb-230-ml/NATCHL-139238
TODODIA. Kit Rizos Entrada,NATCHL-250271,"la perfección para rizos limpios, hidratados y llenos de vida• shampoo para cabello rizado y crespo • acondicionador que facilita el desenredo durante la ducha • con tecnología prebiótica • sin sulfatos • limpia profundamente • evita la formación de nudos • fragancia con notas florales y de mora • disponibles en refill • cruelty free • vegano contiene 1 Shampoo Rizos y Crespos Tododia 300 ml 1 Acondicionador Rizos y Crespos Tododia 280 ml",https://www.natura.cl/p/tododia-kit-rizos-entrada/NATCHL-250271
"Repuesto Polvo Compacto Faces 6,5g",NATCHL-9009,• probado dermatológicamente | • uniformiza el tono de la piel | • reduce el brillo causado por la oleosidad | • disimula imperfecciones | • efecto: mate | • edad sugerida: a partir de 18 años | • cruelty free | • textura: ligera | • zona de aplicación: rostro,https://www.natura.cl/p/repuesto-polvo-compacto-faces-65g/NATCHL-9009
Polvo Compacto Nude Me,NATCHL-116404,"• fórmula con micropartículas translúcidas | • adaptación total al color de la piel, ajustándose al tono natural | • duración de hasta 24 horas* y acabado mate | • efecto “nude me”: natural como una segunda piel, sin cuartearse | • cobertura personalizable | • disimula poros y líneas finas mientras | • controla el brillo de la piel | • resistente al agua y al sudor",https://www.natura.cl/p/polvo-compacto-nude-me-27n-10g/NATCHL-116404
Labial cremoso multimix Faces,NATCHL-116199,"• más color, más cobertura con efecto cremoso | • colores vibrantes, efecto mate y FPS 10 | • viene con espejo en la tapa | • también puede usarse como blush | • perfecto para llevarlo contigo a todas partes | • cobertura: alta | • probado dermatológicamente | • efecto: mate | • protección solar: FPS 10 | • edad recomendada: a partir de 18 años | • cruelty free | • textura: suave | • zona de aplicación: labios | • expresa tu belleza como y donde quieras",https://www.natura.cl/p/labial-cremoso-multimix-faces-vino-rocks-35-ml/NATCHL-116199
Base Líquida Faces Checkmatte,NATCHL-166336,"base con acabado mate, larga duración, cobertura media y activos de cuidado de la piel.• base resistente al agua y al sudor • formulada con ácido salicílico, que controla la oleosidad y deja la piel sequita todo el día • enriquecida con vitamina E, que tiene acción antioxidante e hidratante • protege de la luz azul • producto no comedogénico • minimiza la apariencia de los poros y disimula imperfecciones • dermatológicamente y oftalmológicamente probado • para todo tipo de piel.",https://www.natura.cl/p/base-liquida-faces-checkmatte-25-ml/NATCHL-166336
Base Líquida Faces Checkmatte,NATCHL-166335,"base con acabado mate, larga duración, cobertura media y activos de cuidado de la piel.• base resistente al agua y al sudor • formulada con ácido salicílico, que controla la oleosidad y deja la piel sequita todo el día • enriquecida con vitamina E, que tiene acción antioxidante e hidratante • protege de la luz azul • producto no comedogénico • minimiza la apariencia de los poros y disimula imperfecciones • dermatológicamente y oftalmológicamente probado • para todo tipo de piel.",https://www.natura.cl/p/base-liquida-faces-checkmatte-25-ml/NATCHL-166335
Polvo Compacto Nude Me,NATCHL-116405,"• fórmula con micropartículas translúcidas | • adaptación total al color de la piel, ajustándose al tono natural | • duración de hasta 24 horas* y acabado mate | • efecto “nude me”: natural como una segunda piel, sin cuartearse | • cobertura personalizable | • disimula poros y líneas finas mientras | • controla el brillo de la piel | • resistente al agua y al sudor",https://www.natura.cl/p/polvo-compacto-nude-me-31n-10g/NATCHL-116405
Labial Color Hidra Fps 8,NATCHL-107359,• colores vivos y seductores | • con manteca de cacao para una hidratación intensa e inmediata | • cobertura: alta | • dermatológicamente probado | • efecto: mate | • protección solar: FPS 10 | • edad sugerida: a partir de 18 años | • cruelty free | • textura: suave | • zona de aplicación: labios,https://www.natura.cl/p/labial-color-hidra-fps-8-rosa-204-faces-35g/NATCHL-107359
Labial cremoso multimix Faces,NATCHL-116197,"• más color, más cobertura con efecto cremoso | • colores vibrantes, efecto mate y FPS 10 | • viene con espejo en la tapa | • también puede usarse como blush | • perfecto para llevarlo contigo a todas partes | • cobertura: alta | • probado dermatológicamente | • efecto: mate | • protección solar: FPS 10 | • edad recomendada: a partir de 18 años | • cruelty free | • textura: suave | • zona de aplicación: labios | • expresa tu belleza como y donde quieras",https://www.natura.cl/p/labial-cremoso-multimix-faces-cobre-mystic-35-ml/NATCHL-116197
Base Matte Una,NATCHL-108133,• cobertura de base con resultados de tratamiento | • mucho más que una base matte de larga duración | • reduce la oleosidad de tu piel con el uso continuo | • complementa el tratamiento antibrillo de Chronos | • especialmente formulada para piel normal a grasa | • controla el brillo del rostro de forma inmediata y durante todo el día | • proporciona una cobertura media para la piel del rostro | • cobertura media de larga duración | • uniformiza el tono de la piel y disimula imperfecciones | • tecnología de pigmentos avanzada | • protege contra los daños causados por la luz azul | • disponible,https://www.natura.cl/p/base-matte--24f-una-30ml/NATCHL-108133
Repuesto Base Líquida HD Una,NATCHL-173605,"acabado natural impecable con poderosa acción antiseñales.• 24 horas de duración e hidratación • 100% aprobada por consumidoras • menos 9% arrugas y líneas en 4 semanas • textura ligera y aterciopelada que se funde perfectamente con la piel • base con cobertura alta y alta definición • piel uniforme e imperceptible a simple vista • poderosa acción antiseñales con retinol, péptidos y bioactivo, que provoca una verdadera transformación de tu piel. contiene 1 repuesto de 30 ml con base en el color seleccionado.",https://www.natura.cl/p/repuesto-base-liquida-hd-una-30-ml/NATCHL-173605
Corrector Cushion Nude Me 12G,NATCHL-107132,• resistente al agua y al sudor | • duración de 24 horas | • controla el brillo de la piel | • puede usarse en todo el rostro | • probado dermatológicamente | • cruelty free | • textura: ligera | • subtono: neutro | • zona de aplicación: rostro,https://www.natura.cl/p/corrector-cushion-nude-me-37n-12-ml/NATCHL-107132
Hidratante Post-solar Naturé,NATCHL-167174,"piel hidratada, ¡una delicia refrescarse! el calor del verano vamos a disfrutar.• calma e hidrata la piel • contiene aloe vera, vitamina E y provitamina B5, que recuperan la piel de los daños causados por el sol • envase inédito que cambia de color en la nevera • fragancia con aroma refrescante • performance comprobada • 96% de ingredientes naturales • aprobado por pediatras • dermatológicamente probadas.",https://www.natura.cl/p/hidratante-post-solar-nature-125-ml/NATCHL-167174
Lumina Anticaída Kit Completo,NATCHL-250265,"tratamiento completo anticaída para fuerza, crecimiento y resistencia• Shampoo que limpia y estimula el cuero cabelludo • 2 veces menos caída por quiebre* • fortalece el cabello desde la raíz • proporciona resistencia • limpieza suave y eficaz • acondicionador fortificante que combate la caída por quiebre • promueve hasta 6 veces más resistencia • mayor hidratación • cabello 8 veces más fácil de peinar, con hasta 9 veces más fuerza* • nueva presentación • fórmula con BioProteína Triple Acción + Activo Dermoactivador • acción intensiva y resultados comprobados desde la primera aplicación** • pr",https://www.natura.cl/p/lumina-anticaida-kit-completo/NATCHL-250265
Kit Trío Protección Térmica Completa (2 Protector Térmico + 1 Spray),NATCHL-269595,"protección completa para tu rutina capilar antes del secado.• productos con fórmulas que forman un escudo protector contra el estrés térmico causado por el uso frecuente de secador y plancha • el spray Pre-Secado para Restauración y Liso Prolongado protege, alinea y entrega 4 veces más efecto liso • repone aminoácidos, crea una barrera antihumedad en el cabello y recupera las puntas partidas • producto termoactivado que facilita el proceso de brushing y secado • el Protector Térmico Fuerza y Reparación Molecular tiene acción antihumedad y protege el cabello para lograr hasta 80% menos frizz • ",https://www.natura.cl/p/kit-trio-proteccion-termica-completa-2-protector-termico--1-spray/NATCHL-269595
Kit shampoo y Acondicionador Naturé Verano,NATCHL-255922,"cabello brillante para jugar y disfrutar el verano• Naturé Playa y Piscina elimina residuos acumulados después de días de diversión al aire libre • fórmula con prebióticos ayuda a fortalecer la microbiota del cabello de forma delicada • shampoo infantil limpia suavemente sin causar ardor durante el baño de los niños • acondicionador Naturé facilita el peinado y reduce la rotura causada por el verano • el cabello gana brillo, suavidad y una apariencia saludable después de la playa o piscina • fragancia refrescante recuerda un chapuzón en el agua y aporta una sensación divertida al cuidado diari",https://www.natura.cl/p/kit-shampoo-y-acondicionador-nature-verano2-productos/NATCHL-255922
Kit Cereza y Avellana Kit 3 Deos Crema,NATCHL-255930,hidrata y protege las axilas por hasta 48 horas con un cuidado invisible• desodorante que protege ropa clara y oscura contra manchas en el uso diario • fórmula con provitamina B5 hidrata y protege las axilas • protección de hasta 48 horas contra el mal olor con confort prolongado • tecnología que calma la piel y evita la resequedad después de la aplicación • secado rápido con sensación de toque seco durante todo el día • fragancia marcada con notas dulces que garantiza una perfumación elegante • envase práctico que facilita la aplicación directa en la zona de las axilas • activo funcional que ,https://www.natura.cl/p/kit-cereza-y-avellana-kit-3-deos-crema3-unidades/NATCHL-255930
Kit Tododia Cereza y Avellana con Repuesto,NATCHL-255931,"hidrata, perfuma y deja la piel firme y ultra suave• combina ingredientes naturales con alta afinidad para el cuidado diario de la piel • fórmula con prebióticos adapta la nutrición a las necesidades cutáneas a lo largo del día • producto con 94% de origen natural ofrece un cuidado más consciente y equilibrado • manteca de cacao, prebiótico y aceite de linaza actúan en conjunto en la protección de la piel • su acción forma una barrera contra agresiones externas y mantiene la piel más resistente • estimula la producción de elastina y mejora la elasticidad con el uso continuo • activa la hidrata",https://www.natura.cl/p/kit-tododia-cereza-y-avellana-con-repuesto2-unidades/NATCHL-255931
Estuche Creer para Ver,NATCHL-227035,lleva tus artículos favoritos contigo.• el 100% de tu compra de productos Creer para Ver se reinvierte en iniciativas para transformar la educación en el país • medidas: 19x4x5 cm.,https://www.natura.cl/p/estuche-creer-para-ver-1-unidad/NATCHL-227035
Neceser Creer para Ver,NATCHL-227033,para guardar tus cosméticos favoritos.• el 100% de tu compra de productos Creer para Ver se reinvierte en iniciativas para transformar la educación en el país • medidas: 20x9x10 cm.,https://www.natura.cl/p/neceser-creer-para-ver-1-unidad/NATCHL-227033
Regalo Padres EDT Paz e Humor Mini 25ml + Shampoo 100g,NATCHL-247075,"paz e Humor de Natura: una mezcla irreverente de energía, vibración y un poder irresistible• Eau de toilette que aporta ligereza y desenfado para el día a día • resultado de la combinación revitalizante de notas cítricas y amaderadas • una celebración de la vida, invitándote a disfrutar cada momento con tranquilidad y mucho humor • champú que limpia tu cabello y barba con agentes acondicionantes • contribuye a la suavidad de los cabellos y a una limpieza suave para el cuerpo • desarrollado con una perfumación ligera, perfecta para tu día a día • una mezcla irreverente para disfrutar la vida co",https://www.natura.cl/p/regalo-padres-natura-paz-e-humor/NATCHL-247075
Regalo Padres 3 Mini Eau de Parfum Masculino Homem,NATCHL-223387,"colección miniaturas hombre• Natura Homem revela el hombre verdadero, en su entereza, libre de toda y cualquier amarra a la plenitud de su auto expresión • tres tipos de fragancias diferentes con una esencia única para cada ocasión • celebra todas las maneras de ser hombre • contienen fórmulas, texturas y fragancias innovadoras que combinan activos de la biodiversidad brasilera con la ciencia mundial • Homem Potence: amaderado especiado. sándalo, haba, tonka y pimienta negra • Homem clásico: amaderado aromático. sándalo, cedro y jengibre • Homem Elo: amaderado aromático. lavanda blanca, estora",https://www.natura.cl/p/regalo-padres-3-mini-eau-de-parfum-masculino-homem-25ml-cu/NATCHL-223387
Corrector checkmatte Faces,NATCHL-116690,"• tonos desarrollados para ofrecer alta cobertura | • proporciona un efecto natural | • se adapta a los diferentes tonos de piel | • diseñado para acompañarte durante todo el día | • textura ligera y uniforme, sin importar la ocasión | • efecto de piel uniforme | • no se agrieta | • no deja la piel grasosa | • disimula manchas, marcas de acné, bolsas y ojeras | • minimiza la apariencia de los poros | • larga duración | • acabado: matte | • subtono: neutro | • dermatológicamente probado | • edad recomendada: a partir de 18 años | • zona de aplicación: rostro | • vegano y cruelty free | • envase",https://www.natura.cl/p/corrector-checkmatte-faces-19n-10-g/NATCHL-116690
Corrector checkmatte Faces,NATCHL-116693,"alta cobertura y protección con vitamina E antioxidanteCorrector checkmatte Faces 27N Un corrector de alta cobertura, acabado natural, textura liviana y larga duración. Producto vegano, no testeado en animales y con ingredientes seguros.Contenido5,5 gSobre la línea Faces:Faces es una marca de belleza urbana para cuidarse, inventarse y reinventarse. Da color y valentía, para expresar tu belleza del espejo hacia adentro y de la puerta hacia afuera. Y salir a la calle con actitudes positivas, que se reflejan en el próximo y en el alrededor. Faces se trata de una belleza evidente. Con una mirada m",https://www.natura.cl/p/corrector-checkmatte-faces-27n-10-g/NATCHL-116693
Labial CC hidratante FPS 25 Rojo 1 Una,NATCHL-167296,"Labial CC hidratante FPS 25 Rojo 1 UnaRojo para todas con tecnología exclusiva para todos los tonos de piel.Fórmula exclusiva Natura UNA con partículas inteligentes que se adaptan a todos los tonos de piel, logrando un rojo icónico, sofisticado y universal.Labios hidratados por 24h e ingredientes que estimulan el colágeno, recuperan la firmeza y nutren.Contenido3,8 gSobre la línea UnaNatura UNA es una línea premium y sofisticada de maquillaje, que despierta el placer por los sentidos. Uniendo performance y tecnología con ingredientes naturales que cuidan la piel de una manera única y que busca",https://www.natura.cl/p/labial-cc-hidratante-fps-25-rojo-1-una-38-g/NATCHL-167296
Regalo Madres Frambuesa y Pimienta Rosa (1 crema manos + 1 caja jabones barra + bolsa),NATCHL-237610,cuidado manos fragancia frambuesa pimienta rosa ducha explosión Natura regalo• Natura cuidado manos hidrata suaviza piel fragancia frutal pimienta rosa • nutrición profunda con acción prebiótica adaptada a cambios cutáneos • fórmula vegetal limpia suavemente y mantiene hidratación natural • textura cremosa de rápida absorción para uso diario práctico • previene resequedad y aporta confort prolongado a la piel • fragancia cremosa frutal con toque inesperado especiado • producto vegano con ingredientes de origen natural • apto para todo tipo de piel con cuidado equilibrado • formato compacto ide,https://www.natura.cl/p/regalo-madres-frambuesa-y-pimienta-rosa-1-crema-manos--1-caja-jabones-barra--bolsa/NATCHL-237610
Vela Bothanica Aura gingi,NATCHL-139249,"no incluye bolsaVela Bothanica Aura gingiDesarrollados para cuidar y estimular el cuerpo y el hogar, fomentando la conexión diaria con uno mismo, con los demás y con nuestros espacios.Camino olfativoNotas de jengibre, limoncillo rojo, litsea cubeba y romero.Contenido170 gSobre la marca Bothanica:Natura Bothanica se integra en los diferentes ambientes con fragancias potentes y de larga duración. Su Arquitectura olfativa está caracterizada por notas herbales, frescas y cítricas, y presencia de amaderados.",https://www.natura.cl/p/vela-bothanica-aura-gingi-170-g/NATCHL-139249
Base sérum nude me,NATCHL-110194,"• duración de hasta por 24 horas | • natural como una segunda piel, sin craquelar | • con tecnología oxygen. | • una belleza que une acabado natural con una piel revitalizada. | • 24 horas de duración con efecto Nude Me: natural como una segunda piel, sin arrugas. | • tecnología Complex Oxygen, que permite que la piel respire de forma natural. | • textura ultraligera con cobertura personalizable. | • protege la piel del daño causado por la luz azul. | • para todo tipo de piel excepto acné | • es ligero como el aire porque tiene una textura ultraligera, que garantiza una sensación de ligereza y",https://www.natura.cl/p/base-serum-nude-me-31n-30-ml/NATCHL-110194
Repuesto Polvo Compacto Nude Me Una,NATCHL-110684,"• efecto natural, como una segunda piel, sin cuartearse | • acabado mate de larga duración con efecto Nude Me | • natural, como si fuera tu propia piel, sin marcar líneas | • cobertura personalizable que disimula poros y líneas finas | • controla la luminosidad | • resistente al agua y al sudor | • dermatológicamente probado | • cruelty free | • vegano | • zona de aplicación: rostro",https://www.natura.cl/p/polvo-compacto-nude-me-repuesto-40n-10g/NATCHL-110684
Repuesto Polvo Compacto Nude Me Una,NATCHL-110681,"• efecto natural, como una segunda piel, sin cuartearse | • acabado mate de larga duración con efecto Nude Me | • natural, como si fuera tu propia piel, sin marcar líneas | • cobertura personalizable que disimula poros y líneas finas | • controla la luminosidad | • resistente al agua y al sudor | • dermatológicamente probado | • cruelty free | • vegano | • zona de aplicación: rostro",https://www.natura.cl/p/polvo-compacto-nude-me-repuesto-27n-10g/NATCHL-110681
Polvo Compacto Faces,NATCHL-8848,"• ideal para quienes buscan una piel con acabado mate y sin brillo durante todo el día | • su fórmula ligera y fácil de aplicar | • unifica el tono de la piel, | • controla la oleosidad | • proporciona un efecto mate natural y saludable | • perfecto para retoques rápidos | • se adapta a diferentes tonos de piel | • disimula las imperfecciones | • ofreciendo una cobertura suave y confortable | • compacto y práctico | • fácil de llevar en la cartera",https://www.natura.cl/p/polvo-compacto-faces-claro-24-65g/NATCHL-8848
"Sombra mono bright glam - 1,5 g",NATCHL-109154,"Sombra mono laranja hype - 1,5 gSombra mono laranja hype - 1,5 g0Sobre la línea Faces:Faces es una marca de belleza urbana para cuidarse, inventarse y reinventarse. Da color y valentía, para expresar tu belleza del espejo hacia adentro y de la puerta hacia afuera. Y salir a la calle con actitudes positivas, que se reflejan en el próximo y en el alrededor. Faces se trata de una belleza evidente. Con una mirada multilook, ofrece variedad, practicidad y versatilidad en productos que son 2 en 1, multibeneficios y que se pueden combinar entre sí. Para hacerlo todo a tu manera. Faces es la belleza q",https://www.natura.cl/p/sombra-mono-laranja-hype-15-g/NATCHL-109154
Base Matte Una,NATCHL-108131,• cobertura de base con resultados de tratamiento | • mucho más que una base matte de larga duración | • reduce la oleosidad de tu piel con el uso continuo | • complementa el tratamiento antibrillo de Chronos | • especialmente formulada para piel normal a grasa | • controla el brillo del rostro de forma inmediata y durante todo el día | • proporciona una cobertura media para la piel del rostro | • cobertura media de larga duración | • uniformiza el tono de la piel y disimula imperfecciones | • tecnología de pigmentos avanzada | • protege contra los daños causados por la luz azul | • disponible,https://www.natura.cl/p/base-matte--21c-una-30ml/NATCHL-108131
"Sombra mono bright glam - 1,5 g",NATCHL-109150,"Sombra mono wil black - 1,5 gSombra mono wil black - 1,5 g0Sobre la línea Faces:Faces es una marca de belleza urbana para cuidarse, inventarse y reinventarse. Da color y valentía, para expresar tu belleza del espejo hacia adentro y de la puerta hacia afuera. Y salir a la calle con actitudes positivas, que se reflejan en el próximo y en el alrededor. Faces se trata de una belleza evidente. Con una mirada multilook, ofrece variedad, practicidad y versatilidad en productos que son 2 en 1, multibeneficios y que se pueden combinar entre sí. Para hacerlo todo a tu manera. Faces es la belleza que est",https://www.natura.cl/p/sombra-mono-wil-black-15-g/NATCHL-109150
Base Líquida Faces Checkmatte,NATCHL-166326,"base con acabado mate, larga duración, cobertura media y activos de cuidado de la piel.• base resistente al agua y al sudor • formulada con ácido salicílico, que controla la oleosidad y deja la piel sequita todo el día • enriquecida con vitamina E, que tiene acción antioxidante e hidratante • protege de la luz azul • producto no comedogénico • minimiza la apariencia de los poros y disimula imperfecciones • dermatológicamente y oftalmológicamente probado • para todo tipo de piel.",https://www.natura.cl/p/base-liquida-faces-checkmatte-25-ml/NATCHL-166326
Repuesto Base Líquida HD Una,NATCHL-173600,"acabado natural impecable con poderosa acción antiseñales.• 24 horas de duración e hidratación • 100% aprobada por consumidoras • menos 9% arrugas y líneas en 4 semanas • textura ligera y aterciopelada que se funde perfectamente con la piel • base con cobertura alta y alta definición • piel uniforme e imperceptible a simple vista • poderosa acción antiseñales con retinol, péptidos y bioactivo, que provoca una verdadera transformación de tu piel. contiene 1 repuesto de 30 ml con base en el color seleccionado.",https://www.natura.cl/p/repuesto-base-liquida-hd-una-30-ml/NATCHL-173600
Gel Hidratante Post Solar Natura Solar,NATCHL-178865,"refresca, recupera e hidrata la piel por hasta 24 horas. • alivio instantáneo de la sensación de incomodidad causada por el sol • reposición eficaz de la hidratación, acelerando la recuperación de la piel • prolonga el bronceado, manteniendo el color radiante por más tiempo • fragancia refrescante • fórmula gel fácil de esparcir • con aloe vera, que posee propiedades calmantes que ayudan en el cuidado de la piel después de la exposición solar • fragancia refrescante: con complejo de notas acuosas y frutas frescas, evoca recuerdos vibrantes de los momentos al sol • empaque práctico y sostenible",https://www.natura.cl/p/gel-hidratante-post-solar-natura-solar-120-g/NATCHL-178865
Eau de Toilette unisex Ekos Ryo floresta 75ml,NATCHL-193489,"fragancia que celebra los 25 años de Natura en la Amazonia.• Ekos Floresta es una fragancia verde e intensa • con aceites esenciales de breu blanco, pataqueira y estoraque • ingredientes traídos para la perfumería mundial por Natura • bioesencias que reproducen los aromas y las sensaciones de la selva. •fragancia unisex",https://www.natura.cl/p/eau-de-toilette-ekos-ryo-floresta-unisex-75-ml/NATCHL-193489
Base Stick FPS 50 Una,NATCHL-181516,base cremosa en formato stick con FPS 50 y ácido hialurónico.• hidrata la piel de forma inmediata y duradera • acabado natural y cobertura de leve a media • eficacia comprobada • larga duración de 24 horas • indicada para piel mixta a seca • formato stick fácil de aplicar y de difuminar • protege la piel de los daños causados por el sol • también puede usarse como contorno.,https://www.natura.cl/p/base-stick-fps-50-una-12-g/NATCHL-181516
TODODIA. Kit Reparación Entrada,NATCHL-250269,reparación y cuidado para un cabello fuerte y saludable• Shampoo que repara la fibra capilar y mejora la resistencia • evita la resequedad • forma una espuma envolvente • fragancia femenina y agradable con notas de flor de cerezo • limpieza suave que no daña el cabello • indicado para todo tipo de rizos • repara el cabello dañado por procesos químicos • fórmula con 92% de ingredientes de origen natural • tecnología prebiótica que cuida desde la raíz hasta las puntas • acondicionador que revitaliza la fibra capilar • fórmula con 94% de ingredientes de origen natural • deja el cabello con aparie,https://www.natura.cl/p/tododia--kit-reparacion-entrada/NATCHL-250269
Libro Mandalas Creer para Ver,NATCHL-240483,haz un regalo con impacto.• 100% de lo recaudado se invierte para mejorar la educación del país • libro con 40 ilustraciones para pintar • la relajación que tanto necesitabas con estos increíbles mandalas • medidas: 20x15 cms.,https://www.natura.cl/p/libro-mandalas-creer-para-ver/NATCHL-240483
Vela Bothanica Divinus plantae,NATCHL-139251,• crea un ambiente acogedor y sereno para tu rutina de autocuidado y bienestar | • ideal para combinar con otros productos de la línea Bothánica | • fragancia premium | • frasco de vidrio minimalista y reutilizable | • producto vegano | • cruelty free | • cera 100% vegetal,https://www.natura.cl/p/vela-bothanica-divinus-plantae-170-g/NATCHL-139251
Labial mate intransferible de larga duración Faces,NATCHL-111428,"el color que acompaña tu ritmoLabial mate intransferible de larga duración Faces Violeta Digital Un labial que dura por hasta 12 horas, no transfiere, puedes utilizarlo para boca y mejillas como también protege de la luz de las pantallas del celular y computador.Contenido5,5 mlSobre la línea Faces:Faces es una marca de belleza urbana para cuidarse, inventarse y reinventarse. Da color y valentía, para expresar tu belleza del espejo hacia adentro y de la puerta hacia afuera. Y salir a la calle con actitudes positivas, que se reflejan en el próximo y en el alrededor. Faces se trata de una belleza",https://www.natura.cl/p/labial-mate-intransferible-de-larga-duracion-faces-violeta-digital-55-ml/NATCHL-111428
Base Powder UNA,NATCHL-127772,"24 horas de alta cobertura. piel matte e hidratadaBase Powder Una24Horas de cobertura matte.Estimula el ácido hialurónico de la piel. Tiene una textura aterciopelada que combina la cobertura de una base con ligereza de un polvo.Contenido20 gSobre la línea UnaNatura UNA es una línea premium y sofisticada de maquillaje, que despierta el placer por los sentidos. Uniendo performance y tecnología con ingredientes naturales que cuidan la piel de una manera única y que buscan resultados profesionales.",https://www.natura.cl/p/base-powder-una-31n-20-g/NATCHL-127772
Corrector Cushion Nude Me 12G,NATCHL-107127,• resistente al agua y al sudor | • duración de 24 horas | • controla el brillo de la piel | • puede usarse en todo el rostro | • probado dermatológicamente | • cruelty free | • textura: ligera | • subtono: neutro | • zona de aplicación: rostro,https://www.natura.cl/p/corrector-cushion-nude-me-24n-12-ml/NATCHL-107127
Base tint extremo confort FPS40 Una 15Q,NATCHL-135025,"72 horas de hidratación para una piel radianteBase tint extremo confort FPS40 Una 29NCon 72 horas de hidratación para una piel radiante. Con textura ultra ligera y suave al tacto, proporcionando una sensación extremamente confortable en la piel.Tiene triple ácido hialurónico que hidrata las diferentes capas de la piel de forma inmediata y duradera. También manteca de tukumá que estimula la producción de ácido hialurónico.Contenido30 mlSobre la línea UnaNatura UNA es una línea premium y sofisticada de maquillaje, que despierta el placer por los sentidos. Uniendo performance y tecnología con ing",https://www.natura.cl/p/base-tint-extremo-confort-fps40-una-29n-30-ml/NATCHL-135025
Labial Cc Hidratante Fps 25 Una,NATCHL-92531,"• ingredientes naturales: sésamo, cacao y ceramidas de maracuyá | • combate el envejecimiento | • contribuye a la firmeza* | • más volumen* | • nutre los labios* | • cobertura: alta | • dermatológicamente probado | • protección solar: FPS 25 | • libre de crueldad animal (cruelty free) | • textura: cremosa y confortable | • zona de aplicación: labios",https://www.natura.cl/p/labial-cc-hidratante-fps-25-rouge-4c-38g/NATCHL-92531
Base Líquida Faces Checkmatte,NATCHL-166329,"base con acabado mate, larga duración, cobertura media y activos de cuidado de la piel.• base resistente al agua y al sudor • formulada con ácido salicílico, que controla la oleosidad y deja la piel sequita todo el día • enriquecida con vitamina E, que tiene acción antioxidante e hidratante • protege de la luz azul • producto no comedogénico • minimiza la apariencia de los poros y disimula imperfecciones • dermatológicamente y oftalmológicamente probado • para todo tipo de piel.",https://www.natura.cl/p/base-liquida-faces-checkmatte-25-ml/NATCHL-166329
Base Matte Una,NATCHL-108150,• cobertura de base con resultados de tratamiento | • mucho más que una base matte de larga duración | • reduce la oleosidad de tu piel con el uso continuo | • complementa el tratamiento antibrillo de Chronos | • especialmente formulada para piel normal a grasa | • controla el brillo del rostro de forma inmediata y durante todo el día | • proporciona una cobertura media para la piel del rostro | • cobertura media de larga duración | • uniformiza el tono de la piel y disimula imperfecciones | • tecnología de pigmentos avanzada | • protege contra los daños causados por la luz azul | • disponible,https://www.natura.cl/p/base-matte--35c-una-30ml/NATCHL-108150
Base Matte Una,NATCHL-108132,• cobertura de base con resultados de tratamiento | • mucho más que una base matte de larga duración | • reduce la oleosidad de tu piel con el uso continuo | • complementa el tratamiento antibrillo de Chronos | • especialmente formulada para piel normal a grasa | • controla el brillo del rostro de forma inmediata y durante todo el día | • proporciona una cobertura media para la piel del rostro | • cobertura media de larga duración | • uniformiza el tono de la piel y disimula imperfecciones | • tecnología de pigmentos avanzada | • protege contra los daños causados por la luz azul | • disponible,https://www.natura.cl/p/base-matte--23f-una-30ml/NATCHL-108132
Corrector Cobertura Extrema Una 8 Ml,NATCHL-122118,"• efecto natural de larga duración | • disimula ojeras, manchas e imperfecciones hasta por 24 horas | • fácil aplicación | • uniformiza el tono de la piel | • dermatológicamente probado | • libre de crueldad | • textura: cremosa | • subtono: neutro | • zona de aplicación: rostro",https://www.natura.cl/p/corrector-cobertura-extrema-una-37n-8-ml/NATCHL-122118
Corrector Cushion Nude Me 12G,NATCHL-107129,• resistente al agua y al sudor | • duración de 24 horas | • controla el brillo de la piel | • puede usarse en todo el rostro | • probado dermatológicamente | • cruelty free | • textura: ligera | • subtono: neutro | • zona de aplicación: rostro,https://www.natura.cl/p/corrector-cushion-nude-me-30n-12-ml/NATCHL-107129
Base Powder UNA,NATCHL-127762,• textura aterciopelada | • combina el rendimiento de una base con la ligereza de un polvo | • fórmula con Tecnología Equilibrium | • regula la oleosidad | • hidrata hasta por 24 horas | • estimula la producción de ácido hialurónico | • alta cobertura | • probado dermatológicamente | • efecto matte | • cruelty free | • textura mousse | • tipo de tratamiento: control de oleosidad | • subtono: frío | • zona de aplicación: rostro,https://www.natura.cl/p/base-powder-una-40c-20-g/NATCHL-127762
Repuesto Sérum Intensivo Reductor de Oleosidad Chronos Derma,NATCHL-169244,"tu sérum ahora con repuesto y 88% menos residuo en el planeta.• sérum intensivo con acción inmediata y progresiva en los 6 signos de la piel grasa: poros, enrojecimiento, espinillas, puntos negros y marcas de acné • inmediatamente: reduce y controla la oleosidad por hasta 12 horas, manteniendo la hidratación • después de 7 días de uso: reduce el tamaño, la cantidad de poros visibles y el brillo de la piel • después de 15 días de uso: promueve un efecto peeling suave y ayuda en la renovación de la piel. disminuye progresivamente la producción de sebo y mejora el enrojecimiento de la piel • desp",https://www.natura.cl/p/repuesto-serum-intensivo-reductor-de-oleosidad-chronos-derma-30-ml/NATCHL-169244
Exfoliante Térmico Relajante Ekos Andiroba,NATCHL-162090,"exfolia y calienta la piel para ayudar en la relajación de las tensiones diarias.• textura sorprendente, que proporciona una sensación de calor en la piel al entrar en contacto con el agua 93% afirman que brinda una sensación inmediata de relajación* • ayuda a aliviar la sensación de fatiga corporal • deja la piel suave y perfumada • estimula la renovación celular • piel más uniforme. *estudio realizado con 120 consumidores después de 7 días de uso del producto.",https://www.natura.cl/p/exfoliante-termico-relajante-ekos-andiroba-100-g/NATCHL-162090
Kit 3 Deos Roll On Tododia Cereza y Avellana,NATCHL-255933,"hidratación con vitaminaypara el cuidado suave de las axilas• desodorante con protección que no mancha ropa clara ni oscura en el uso diario • fórmula con vitaminayayuda a recuperar la piel evitando la resequedad de las axilas • secado rápido garantiza practicidad en la rutina y una sensación de confort inmediata • mantiene las axilas con toque seco y protección prolongada durante todo el día • fragancia dulzona ofrece un aroma marcado, suave y fácilmente reconocible • cuidado diario que promueve confort y equilibrio de la piel sensible de las axilas • textura ligera que facilita la aplicación",https://www.natura.cl/p/kit-3-deos-roll-on-tododia-cereza-y-avellana3-unidades/NATCHL-255933
Kit Hidratación y Perfumación Luna Divina,NATCHL-255924,"luna divina: libertad y perfumación irresistible• combina notas intensas y femeninas en una fragancia sofisticada y envolvente • frambuesa, pimienta rosa y pétalos de peonía crean un aroma moderno y radiante • la presencia de la priprioca brasileña revela autenticidad y conexión con la biodiversidad nacional • perfumación marcada acompaña a mujeres versátiles en diferentes momentos de la rutina • hidratante Luna Divina proporciona hasta 48 horas de cuidado con un toque confortable • fórmula iluminadora entrega un brillo elegante con efecto glow uniforme sobre la piel • partículas centelleantes",https://www.natura.cl/p/kit-hidratacion-y-perfumacion-luna-divina2-productos/NATCHL-255924
