nombre,codigo,descripcion,url
Labial CC Hidratante FPS 25 Colección Una Nude 2C,NATCHL-205323,"labial nude que promueve volumen labial con 24 horas de hidratación y acción Antiseñales.• 80% labios restaurados* • 76% alta cobertura* • 75% labios más voluminosos* • labial cremoso con textura que proporciona una aplicación cómoda y uniforme • acabado satinado, luminoso y sofisticado • un nude nada básico que realza la belleza de los labios • fórmula enriquecida con activos hidratantes y antioxidantes • labial con FPS 25 que deja los labios protegidos y suaves • edición especial con diseño personalizado en la barra y empaque inspirado en el icónico color nude 2C. * prueba instrumental in vi",https://www.natura.cl/p/labial-cc-hidratante-fps-25-coleccion-una-nude-2c-38-g/NATCHL-205323
Base Stick FPS 50 Una,NATCHL-181521,base cremosa en formato stick con FPS 50 y ácido hialurónico.• hidrata la piel de forma inmediata y duradera • acabado natural y cobertura de leve a media • eficacia comprobada • larga duración de 24 horas • indicada para piel mixta a seca • formato stick fácil de aplicar y de difuminar • protege la piel de los daños causados por el sol • también puede usarse como contorno.,https://www.natura.cl/p/base-stick-fps-50-una-12-g/NATCHL-181521
Lumina  Matización Kit Shampoo y Leave In,NATCHL-250281,desempeño aún más avanzado para cabellos rubios y canosos• shampoo y fluido matizador con nueva fórmula • sistema de matización y restauración progresiva • efecto antiamarilleo y antidesvanecimiento del color • cabello más fuerte y resistente • 7 veces más resistencia* • nueva fragancia • fórmula con BioProteína Triple Acción + activo matizador • cabello reconstruido y saludable desde la primera aplicación • protección contra los rayos UV • para cabellos rubios y canosos • cruelty free • vegano • tipo de tratamiento: matización y restauración contiene 1 Shampoo Matizador 300 ml 1 Fluido Matiza,https://www.natura.cl/p/lumina--matizacion-kit-shampoo-y-leave-in/NATCHL-250281
Spray de ambientes Bothanica Divinus plantae,NATCHL-139805,"no incluye bolsaSpray de ambientes Bothanica Divinus plantaeCuidado para tu casa, despierta tus sentidos. Alta concentración de fragancia y óleos esenciales.Camino olfativoNotas de lavanda, melaleuca y hoja de violeta.Contenido230 mlSobre la marca Bothanica:Natura Bothanica se integra en los diferentes ambientes con fragancias potentes y de larga duración. Su Arquitectura olfativa está caracterizada por notas herbales, frescas y cítricas, y presencia de amaderados.",https://www.natura.cl/p/spray-de-ambientes-bothanica-divinus-plantae-230-ml/NATCHL-139805
Frasco para Difusor de Ambientes,NATCHL-149327,crea el ambiente perfectoeste frasco vacío de difusor es ideal para tu recarga favorita. una opción simple y versátil para perfumar tus espacios.,https://www.natura.cl/p/frasco-para-difusor-de-ambientes-200-ml/NATCHL-149327
Base tint extremo confort FPS40 Una 15Q,NATCHL-135026,"• cobertura ligera y acabado natural | • deja tu piel con una luminosidad radiante | • fórmula con triple ácido hialurónico y manteca de tukumã | • proporciona hidratación activa desde el interior | • ideal para el uso diario, con FPS 40 y protección UVA | • disponible en tonos que unifican y se adaptan al tono de tu piel | • disimula imperfecciones | • indicada para piel mixta a seca | • no se acumula en los poros ni en las líneas de expresión, no se cuartea ni se desmorona | • no deja sensación grasosa ni pegajosa | • protege la piel contra los daños causados por la luz azul y la luz solar |",https://www.natura.cl/p/base-tint-extremo-confort-fps40-una-31n-30-ml/NATCHL-135026
Base tint extremo confort FPS40 Una 15Q,NATCHL-135034,"72 horas de hidratación para una piel radianteBase tint extremo confort FPS40 Una 35QCon 72 horas de hidratación para una piel radiante. Con textura ultra ligera y suave al tacto, proporcionando una sensación extremamente confortable en la piel.Tiene triple ácido hialurónico que hidrata las diferentes capas de la piel de forma inmediata y duradera. También manteca de tukumá que estimula la producción de ácido hialurónico.Contenido30 mlSobre la línea UnaNatura UNA es una línea premium y sofisticada de maquillaje, que despierta el placer por los sentidos. Uniendo performance y tecnología con ing",https://www.natura.cl/p/base-tint-extremo-confort-fps40-una-35q-30-ml/NATCHL-135034
Labial mate intransferible de larga duración Faces,NATCHL-111399,"el color que acompaña tu ritmoLabial mate intransferible de larga duración Faces Ocean Hype Un labial que dura por hasta 12 horas, no transfiere, puedes utilizarlo para boca y mejillas como también protege de la luz de las pantallas del celular y computador.Contenido5,5 mlSobre la línea Faces:Faces es una marca de belleza urbana para cuidarse, inventarse y reinventarse. Da color y valentía, para expresar tu belleza del espejo hacia adentro y de la puerta hacia afuera. Y salir a la calle con actitudes positivas, que se reflejan en el próximo y en el alrededor. Faces se trata de una belleza evid",https://www.natura.cl/p/labial-mate-intransferible-de-larga-duracion-faces-ocean-hype-55-ml/NATCHL-111399
Crema Hidratante para el Cuerpo Ekos Andiroba,NATCHL-163706,"tu piel restaurada e hidratada por hasta 72 horas. • rica en aceite puro de andiroba, ayuda a aliviar la sensación de fatiga corporal • 70% afirman que alivia la sensación de fatiga corporal* 55% afirman aliviar la sensación de hinchazón en el cuerpo* • piel más nutrida y con aspecto saludable • textura cremosa y rápida absorción • proporciona un ritual de cuidado y bienestar. *estudio realizado con 120 consumidores después de 7 días de uso del producto",https://www.natura.cl/p/crema-hidratante-para-el-cuerpo-ekos-andiroba-400-ml/NATCHL-163706
Base tint extremo confort FPS40 Una 15Q,NATCHL-135024,"• cobertura ligera y acabado natural | • deja tu piel con una luminosidad radiante | • fórmula con triple ácido hialurónico y manteca de tukumã | • proporciona hidratación activa desde el interior | • ideal para el uso diario, con FPS 40 y protección UVA | • disponible en tonos que unifican y se adaptan al tono de tu piel | • disimula imperfecciones | • indicada para piel mixta a seca | • no se acumula en los poros ni en las líneas de expresión, no se cuartea ni se desmorona | • no deja sensación grasosa ni pegajosa | • protege la piel contra los daños causados por la luz azul y la luz solar |",https://www.natura.cl/p/base-tint-extremo-confort-fps40-una-12f-30-ml/NATCHL-135024
Polvo Compacto Nude Me,NATCHL-116402,• probado dermatológicamente | • cuenta con repuesto | • cruelty free | • zona de aplicación: rostro | • proporciona un acabado mate natural | • ofrece cobertura media | • adecuado para todo tipo de piel | • duración de 24 horas | • no comedogénico | • mejora la piel del rostro y unifica su tono | • efecto nude me: natural como una segunda piel | • no se cuartea | • resistente al agua y al sudor | • el repuesto es pura belleza: 77% menos embalaje que el producto regular,https://www.natura.cl/p/polvo-compacto-nude-me-19n-10g/NATCHL-116402
Base Powder UNA,NATCHL-127776,"24 horas de alta cobertura. piel matte e hidratadaBase Powder Una24Horas de cobertura matte.Estimula el ácido hialurónico de la piel. Tiene una textura aterciopelada que combina la cobertura de una base con ligereza de un polvo.Contenido20 gSobre la línea UnaNatura UNA es una línea premium y sofisticada de maquillaje, que despierta el placer por los sentidos. Uniendo performance y tecnología con ingredientes naturales que cuidan la piel de una manera única y que buscan resultados profesionales.",https://www.natura.cl/p/base-powder-una-32c-20-g/NATCHL-127776
Repuesto Base Líquida HD Una,NATCHL-173593,"acabado natural impecable con poderosa acción antiseñales.• 24 horas de duración e hidratación • 100% aprobada por consumidoras • menos 9% arrugas y líneas en 4 semanas • textura ligera y aterciopelada que se funde perfectamente con la piel • base con cobertura alta y alta definición • piel uniforme e imperceptible a simple vista • poderosa acción antiseñales con retinol, péptidos y bioactivo, que provoca una verdadera transformación de tu piel. contiene 1 repuesto de 30 ml con base en el color seleccionado.",https://www.natura.cl/p/repuesto-base-liquida-hd-una-30-ml/NATCHL-173593
Base Matte Una,NATCHL-108138,• cobertura de base con resultados de tratamiento | • mucho más que una base matte de larga duración | • reduce la oleosidad de tu piel con el uso continuo | • complementa el tratamiento antibrillo de Chronos | • especialmente formulada para piel normal a grasa | • controla el brillo del rostro de forma inmediata y durante todo el día | • proporciona una cobertura media para la piel del rostro | • cobertura media de larga duración | • uniformiza el tono de la piel y disimula imperfecciones | • tecnología de pigmentos avanzada | • protege contra los daños causados por la luz azul | • disponible,https://www.natura.cl/p/base-matte--29n-una-30ml/NATCHL-108138
Base sérum nude me,NATCHL-110187,"• duración de hasta por 24 horas | • natural como una segunda piel, sin craquelar | • con tecnología oxygen. | • una belleza que une acabado natural con una piel revitalizada. | • 24 horas de duración con efecto Nude Me: natural como una segunda piel, sin arrugas. | • tecnología Complex Oxygen, que permite que la piel respire de forma natural. | • textura ultraligera con cobertura personalizable. | • protege la piel del daño causado por la luz azul. | • para todo tipo de piel excepto acné | • es ligero como el aire porque tiene una textura ultraligera, que garantiza una sensación de ligereza y",https://www.natura.cl/p/base-serum-nude-me-21c-30-ml/NATCHL-110187
Base Matte Una,NATCHL-108127,• cobertura de base con resultados de tratamiento | • mucho más que una base matte de larga duración | • reduce la oleosidad de tu piel con el uso continuo | • complementa el tratamiento antibrillo de Chronos | • especialmente formulada para piel normal a grasa | • controla el brillo del rostro de forma inmediata y durante todo el día | • proporciona una cobertura media para la piel del rostro | • cobertura media de larga duración | • uniformiza el tono de la piel y disimula imperfecciones | • tecnología de pigmentos avanzada | • protege contra los daños causados por la luz azul | • disponible,https://www.natura.cl/p/base-matte--15c-una-30ml/NATCHL-108127
Repuesto Base Líquida HD Una,NATCHL-173602,"acabado natural impecable con poderosa acción antiseñales.• 24 horas de duración e hidratación • 100% aprobada por consumidoras • menos 9% arrugas y líneas en 4 semanas • textura ligera y aterciopelada que se funde perfectamente con la piel • base con cobertura alta y alta definición • piel uniforme e imperceptible a simple vista • poderosa acción antiseñales con retinol, péptidos y bioactivo, que provoca una verdadera transformación de tu piel. contiene 1 repuesto de 30 ml con base en el color seleccionado.",https://www.natura.cl/p/repuesto-base-liquida-hd-una-30-ml/NATCHL-173602
Kit limpieza y firmeza,NATCHL-194904,"No incluye bolsaKit limpieza y firmeza ChronosEfecto lifting inmediato, contorno facial más definido y activa la vitalidad celular. Mantiene la hidratación y suavidad de la piel.Contenido1 Sérum intensivo lifting y firmeza Chronos - 30 ml1 Mousse de limpieza intensiva Chronos Sobre la línea Chronos:Chronos ofrece tecnología patentada que une los activos más eficaces de la biodiversidad brasilera y de la ciencia mundial. Productos de rutina de cuidado facial. Con fórmulas libres de aceite y con textura leve. La que tu piel precisa en cada edad, junto a una alta protección solar, de la mano de l",https://www.natura.cl/p/kit-limpieza-y-firmeza-chronos-derma/NATCHL-194904
Kit Dúo Protector Térmico Aminoácidos (2 Spray),NATCHL-269592,"cabello protegido y alineado con 4 veces más efecto liso.• efecto antifrizz por hasta 4 días* • promueve una barrera antihumedad • reposición de aminoácidos • recuperación total de puntas partidas • alta protección térmica hasta 230°C • desenredo inmediato • producto termoactivado que facilita el proceso de brushing y secado • forma un escudo protector que protege el cabello contra el estrés térmico del uso frecuente de secador y plancha • hasta 97% menos frizz • fragancia moderna y original. combina la frescura de la mandarina con la manzana verde, un bouquet floral y la sofisticación del mus",https://www.natura.cl/p/kit-duo-protector-termico-aminoacidos-2-sprays/NATCHL-269592
Kit Completo Ekos Murumuru,NATCHL-240958,"ritual de cuidados con la potencia antidaños del murumuru.• hecho con manteca bruta de murumuru, potente bioactivo que reconstruye el cabello • reduce las puntas abiertas hasta 3 veces¹ • estimula la producción de queratina, dejando el cabello con un aspecto más saludable • shampoo que prepara el cabello para recibir el tratamiento • limpia sin agredir el cuero cabelludo • acondicionador que desenreda el cabello y reconstruye la fibra capilar • cabello nutrido, suave y restaurado • crema para peinar desenreda el cabello y reconstruye la fibra capilar • cabello nutrido y hasta 10 veces más fáci",https://www.natura.cl/p/kit-completo-ekos-murumuru/NATCHL-240958
Corrector checkmatte Faces,NATCHL-116692,"alta cobertura y protección con vitamina E antioxidanteCorrector checkmatte Faces 24N Un corrector de alta cobertura, acabado natural, textura liviana y larga duración. Producto vegano, no testeado en animales y con ingredientes seguros.Contenido5,5 gSobre la línea Faces:Faces es una marca de belleza urbana para cuidarse, inventarse y reinventarse. Da color y valentía, para expresar tu belleza del espejo hacia adentro y de la puerta hacia afuera. Y salir a la calle con actitudes positivas, que se reflejan en el próximo y en el alrededor. Faces se trata de una belleza evidente. Con una mirada m",https://www.natura.cl/p/corrector-checkmatte-faces-24n-10-g/NATCHL-116692
Eau de Parfum Natura 679 Ambrette Copaíba 50 ml,NATCHL-151024,"la mayor expresión de la naturaleza en perfume • una invitación a sentir los aromas vibrantes de la naturaleza • combinaciones autorales y exclusivas de nuestros ingredientes naturales latinoamericanos con ingredientes clásicos de la perfumería mundial, que sorprenden los sentidos y las emociones • Natura 679 Eau de Parfum trae una combinación exclusiva de los aceites naturales de ambrette, ingrediente del camino olfativo musk, y de copaíba, árbol nativo de la Amazonía • co-creado por nuestra master perfumista, Verônica Kato, y renombrados perfumistas del mundo • ingredientes naturales desarro",https://www.natura.cl/p/eau-de-parfum-natura-679-ambrette-copaiba-50-ml/NATCHL-151024
Base sérum nude me,NATCHL-110190,"• duración de hasta por 24 horas | • natural como una segunda piel, sin craquelar | • con tecnología oxygen. | • una belleza que une acabado natural con una piel revitalizada. | • 24 horas de duración con efecto Nude Me: natural como una segunda piel, sin arrugas. | • tecnología Complex Oxygen, que permite que la piel respire de forma natural. | • textura ultraligera con cobertura personalizable. | • protege la piel del daño causado por la luz azul. | • para todo tipo de piel excepto acné | • es ligero como el aire porque tiene una textura ultraligera, que garantiza una sensación de ligereza y",https://www.natura.cl/p/base-serum-nude-me-25c-30-ml/NATCHL-110190
Repuesto Crema antiseñales fortalecimiento y nutrición Chronos 80+ noche,NATCHL-134594,"• suaviza los impactos causados en la piel después de la menopausia | • contiene activo: ceramida, que repone componentes esenciales para la piel | • contiene bioactivo: cupuaçú, que proporciona hidratación nutritiva | • más del 95% de las mujeres con la piel más uniforme en 2 semanas¹ | • 100% más fortalecimiento y nutrición¹ | • reduce las arrugas profundas | • activa la vitalidad celular² | • fortalece las capas de la piel y nutre profundamente | • uniforma manchas blanquecinas u oscurecidas por el envejecimiento | • resultados reales comprobados por dermatólogos | • cuenta con recarga | • ",https://www.natura.cl/p/repuesto-crema-antisenales-fortalecimiento-y-nutricion-chronos-80-noche-40-g/NATCHL-134594
Rubor Intense Me Una,NATCHL-75239,"• producto con recarga (refil) | • cruelty free | • apto para todo tipo de piel | • aspecto de piel saludable | • coloración uniforme, delicada y sofisticada | • tecnología de partículas: pigmentos multidimensionales que se fusionan con la piel para una mayor adherencia | • cobertura: alta | • dermatológicamente testado | • textura: ultrafina | • zona de aplicación: rostro",https://www.natura.cl/p/rubor-intense-me-una--rose-matte-6-g/NATCHL-75239
Base tint extremo confort FPS40 Una 15Q,NATCHL-135023,"• cobertura ligera y acabado natural | • deja tu piel con una luminosidad radiante | • fórmula con triple ácido hialurónico y manteca de tukumã | • proporciona hidratación activa desde el interior | • ideal para el uso diario, con FPS 40 y protección UVA | • disponible en tonos que unifican y se adaptan al tono de tu piel | • disimula imperfecciones | • indicada para piel mixta a seca | • no se acumula en los poros ni en las líneas de expresión, no se cuartea ni se desmorona | • no deja sensación grasosa ni pegajosa | • protege la piel contra los daños causados por la luz azul y la luz solar |",https://www.natura.cl/p/base-tint-extremo-confort-fps40-una-40q-30-ml/NATCHL-135023
Base Powder UNA,NATCHL-127760,• textura aterciopelada | • combina el rendimiento de una base con la ligereza de un polvo | • fórmula con Tecnología Equilibrium | • regula la oleosidad | • hidrata hasta por 24 horas | • estimula la producción de ácido hialurónico | • alta cobertura | • probado dermatológicamente | • efecto matte | • cruelty free | • textura mousse | • tipo de tratamiento: control de oleosidad | • subtono: frío | • zona de aplicación: rostro,https://www.natura.cl/p/base-powder-una-25c-20-g/NATCHL-127760
Base sérum nude me,NATCHL-110181,"• tecnología de partículas minerales | • protege la piel de los daños causados por la luz azul | • la piel respira naturalmente gracias al complejo oxygen | • proporciona un acabado en polvo y alta deslizamiento, para un relleno natural de las cejas | • fácil de aplicar | • cepillo de cerdas firmes para peinar y difuminar, suavizando los trazos | • efecto de cejas naturalmente definidas y rellenadas | • textura ultraligera con cobertura personalizable | • duración de 24 horas | • resistente al agua | • apto para todo tipo de piel | • cobertura: alta | • dermatológicamente probado | • cruelty f",https://www.natura.cl/p/base-serum-nude-me-10n-30-ml/NATCHL-110181
Base sérum nude me,NATCHL-110189,"• duración de hasta por 24 horas | • natural como una segunda piel, sin craquelar | • con tecnología oxygen. | • una belleza que une acabado natural con una piel revitalizada. | • 24 horas de duración con efecto Nude Me: natural como una segunda piel, sin arrugas. | • tecnología Complex Oxygen, que permite que la piel respire de forma natural. | • textura ultraligera con cobertura personalizable. | • protege la piel del daño causado por la luz azul. | • para todo tipo de piel excepto acné | • es ligero como el aire porque tiene una textura ultraligera, que garantiza una sensación de ligereza y",https://www.natura.cl/p/base-serum-nude-me-24f-30-ml/NATCHL-110189
Esmalte De Unas 3D Gel Una 8Ml,NATCHL-15815,• tecnología PRO Color & Care | • enriquecido con extracto de algas | • ingredientes que ayudan al cuidado y nutrición de las uñas | • efecto gel con protección contra la luz UV | • larga duración y brillo extraordinario en gel | • acabado profesional | • fácil remoción | • producto vegano | • sin pruebas en animales | • 9 FREE | • hipoalergénico,https://www.natura.cl/p/esmalte-de-unas-3d-gel-una-una-n2-8ml/NATCHL-15815
Labial Extremo Confort Fps 25 Una,NATCHL-97700,"Labial extremo confort FPS 25 violeta 8c - 3,8 gLabial extremo confort FPS 25 violeta 8c Un labial indispensable en tu maquillajeContenido3,8 gSobre la línea UnaNatura UNA es una línea premium y sofisticada de maquillaje, que despierta el placer por los sentidos. Uniendo performance y tecnología con ingredientes naturales que cuidan la piel de una manera única y que buscan resultados profesionales.",https://www.natura.cl/p/labial-extremo-confort-fps-25-violeta-8c-38-g/NATCHL-97700
Base Matte Una,NATCHL-108144,• cobertura de base con resultados de tratamiento | • mucho más que una base matte de larga duración | • reduce la oleosidad de tu piel con el uso continuo | • complementa el tratamiento antibrillo de Chronos | • especialmente formulada para piel normal a grasa | • controla el brillo del rostro de forma inmediata y durante todo el día | • proporciona una cobertura media para la piel del rostro | • cobertura media de larga duración | • uniformiza el tono de la piel y disimula imperfecciones | • tecnología de pigmentos avanzada | • protege contra los daños causados por la luz azul | • disponible,https://www.natura.cl/p/base-matte--32c-una-30ml/NATCHL-108144
Base sérum nude me,NATCHL-110195,"• duración de hasta por 24 horas | • natural como una segunda piel, sin craquelar | • con tecnología oxygen. | • una belleza que une acabado natural con una piel revitalizada. | • 24 horas de duración con efecto Nude Me: natural como una segunda piel, sin arrugas. | • tecnología Complex Oxygen, que permite que la piel respire de forma natural. | • textura ultraligera con cobertura personalizable. | • protege la piel del daño causado por la luz azul. | • para todo tipo de piel excepto acné | • es ligero como el aire porque tiene una textura ultraligera, que garantiza una sensación de ligereza y",https://www.natura.cl/p/base-serum-nude-me-32c-30-ml/NATCHL-110195
Kit Dúo Fuerza y Aminoácidos (1 Protector Térmico + 1 Spray),NATCHL-269597,"efecto más liso y con menos frizz para mantener el cabello siempre protegido y alineado.• productos con fórmulas que forman un escudo protector contra el estrés térmico causado por el uso frecuente de secador y plancha • el spray Pre-Secado para Restauración y Liso Prolongado protege, alinea y entrega 4 veces más efecto liso • repone aminoácidos, crea una barrera antihumedad en el cabello y recupera las puntas partidas • protección térmica hasta 230 grados • producto termoactivado que facilita el proceso de brushing y secado • la fragancia combina la frescura de la mandarina con la manzana ver",https://www.natura.cl/p/kit-duo-fuerza-y-aminoacidos-protector-termico-y-spray/NATCHL-269597
"Kit Jabón, Crema, Body Splash y BálsamoTododia Cereza y Avellana",NATCHL-255928,"perfuma, limpiayhidrata con un toque ligero y envolvente• el jabón líquido en gel entrega una limpieza suave que respeta la microbiota y preserva el equilibrio de la piel • fórmula con ingredientes naturales que promueve hidratación y protección a lo largo del día • espuma cremosa y textura en gel proporcionan un baño más confortable y sensorial • body splash con fragancia dulzona frutal ofrece un aroma marcado y sensación de frescor prolongado • crema con 94% de origen natural, el producto garantiza mayor afinidad y cuidado diario con la piel • manteca de cacao, prebiótico y aceite de linaza ",https://www.natura.cl/p/kit-jabon-crema-bosy-splash-y-balsamotododia-cereza-y-avellana-4-productos/NATCHL-255928
Kit Hidratación y Perfumación Ekos Cacao,NATCHL-255925,"cacao nutritivo con hidratación intensa y toque suave• Ekos Cacao entrega hidratación intensa con piel suave, aterciopelada y perfumación sofisticada • hidratante corporal con manteca bruta amazónica que garantiza hasta 72 horas de cuidado continuo • fórmula nutritiva ayuda a estimular el colágeno, reforzando firmeza y sustentación de la piel • textura cremosa con notas cítricas dulces para un cuidado ligero y sofisticado • desodorante colonia Ekos Cacao aporta frescura diaria con notas inspiradas en la Amazonía • Frescor combina cacao amazónico y cítricos, resultando en un perfume auténtico y",https://www.natura.cl/p/kit-hidratacion-y-perfumacion-ekos-cacao-3-productos/NATCHL-255925
Kit Manteca y Exfoliante Tododia Pera y Flor de Loto,NATCHL-255934,"piel restaurada en 2 semanas y prevención de pelos encarnados• promueve una piel más uniforme, iluminada y con apariencia renovada con el uso continuo • fórmula con niacinamida, pantenol y aceite de sésamo actúa en la recuperación de la piel • la tecnología prebiótica se adapta a los cambios cutáneos y ayuda en la prevención de pelos encarnados • producto indicado para zonas con tonalidad desigual como axilas, rodillasyingles • acción antioxidante reduce hasta un 64% de los radicales libres y protege contra daños externos • la exfoliación natural elimina células muertas y estimula una renovaci",https://www.natura.cl/p/kit-manteca-y-exfoliante-tododia-pera-y-flor-de-loto2-productos/NATCHL-255934
Base Stick FPS 50 Una,NATCHL-181510,base cremosa en formato stick con FPS 50 y ácido hialurónico.• hidrata la piel de forma inmediata y duradera • acabado natural y cobertura de leve a media • eficacia comprobada • larga duración de 24 horas • indicada para piel mixta a seca • formato stick fácil de aplicar y de difuminar • protege la piel de los daños causados por el sol • también puede usarse como contorno.,https://www.natura.cl/p/base-stick-fps-50-una-12-g/NATCHL-181510
Lapicera Creer para Ver,NATCHL-227029,haz un regalo con impacto.• 100% de lo recaudado es destinado a mejorar la educación del país • escribe hoy el futuro de la educación • bolígrafo tinta negra,https://www.natura.cl/p/lapicera-creer-para-ver/NATCHL-227029
Repuesto Máscara Reparación Flor de cereza y Palta Tododia,NATCHL-154864,"• cuidado intenso desde el primer uso | • contiene arginina y aceite de aguacate | • repara el cabello dañado con una recarga de aminoácidos | • fórmula con Tecnología Prebiótica | • cuida el cabello desde la raíz hasta las puntas | • fragancia femenina e envolvente, con notas de flor de cerezo | • devuelve el aspecto saludable del cabello | • recupera los cabellos debilitados | • 95% de ingredientes de origen natural | • repuesto más económico y sostenible | • fabricado con 86% menos plástico que el envase regular | • para todo tipo de rizos",https://www.natura.cl/p/mascara-concentrada-reparadora-tododia-flor-de-cereza-y-aguacate-250-ml/NATCHL-154864
Tododia Fresa y Vainilla Dorada Kit Productivo,NATCHL-250280,"hidratación profunda con una nueva fragancia envolvente• hidratante corporal con una combinación equilibrada de ingredientes naturales • nutrición prebiótica que se adapta a lo que tu piel necesita cada día • crea una barrera de protección y protege contra los daños externos • estimula la producción de elastina • activa mecanismos que combaten la resequedad de la piel, dejándola profundamente nutrida • acelera la renovación celular: piel saludable e iluminada • textura cremosa que se esparce fácilmente y se absorbe rápidamente • fragancia dulce floral con notas jugosas de frutilla, que se mezc",https://www.natura.cl/p/tododia--fresa-y-vainilla-dorada-kit-productivo/NATCHL-250280
Jabón Líquido de Cabeza a los Pies Mamá y Bebé,NATCHL-92800,"• fórmula 100 % segura, para usarse desde el primer día de vida | • limpieza delicada | • mantiene la hidratación de la piel del bebé | • solo con lo esencial para la piel sensible del bebé | • no irrita los ojos | • envase 100 % plástico verde | • sin ingredientes controversiales | • dermatológica y oftalmológicamente testado | • edad sugerida: 0 a 3 años | • disponible en refil | • hipoalergénico | • cruelty free | • vegano | • tipo de piel: piel sensible | • textura líquida | • 98 % de ingredientes naturales | • fragancia suave y segura | • producto formulado para minimizar la aparición de ",https://www.natura.cl/p/jabon-liquido-de-cabeza-a-los-pies-mama-y-bebe-200ml/NATCHL-92800
Cintillo Desmaquillante,NATCHL-240482,el 100% de lo recaudado se invierte en mejorar la educación del país• banda desmaquillante Creer Para Ver • kit spa • para disfrutar tu rutina de belleza sin preocupaciones • incluye 1 banda + 2 muñequeras contiene 1 Banda Desmaquillante Creer Para Ver,https://www.natura.cl/p/cintillo-desmaquillante-creer-para-ver/NATCHL-240482
Crema Nutritiva para el Cuerpo Tododia Fresa y Vainilla Dorada,NATCHL-205935,"hidratación profunda con nueva fragancia envolvente• combinación equilibrada de ingredientes naturales • nutrición prebiótica que se adapta a lo que tu piel necesita cada día • crea una barrera de protección: piel fuerte y protegida de los daños externos • estimula la producción de elastina: piel con más elasticidad • activa mecanismos de hidratación: combate la resequedad de la piel, dejándola profundamente nutrida • acelera la renovación celular: piel sana e iluminada • textura cremosa que se extiende fácilmente y se absorbe rápidamente • fragancia dulce floral con notas suculentas de fresa,",https://www.natura.cl/p/crema-nutritiva-para-el-cuerpo-tododia-fresa-y-vainilla-dorada-400-ml/NATCHL-205935
Labial cremoso multimix Faces,NATCHL-116202,"• más color, más cobertura con efecto cremoso | • colores vibrantes, efecto mate y FPS 10 | • viene con espejo en la tapa | • también puede usarse como blush | • perfecto para llevarlo contigo a todas partes | • cobertura: alta | • probado dermatológicamente | • efecto: mate | • protección solar: FPS 10 | • edad recomendada: a partir de 18 años | • cruelty free | • textura: suave | • zona de aplicación: labios | • expresa tu belleza como y donde quieras",https://www.natura.cl/p/labial-multimix-cream-faces-rosa-crush-35-g/NATCHL-116202
Body splash Hojas de Limon y Guanaban Tododia 200ml,NATCHL-72198,• combinación de notas sorprendentes | • fragancia con aroma cítrico | • combina hojas de limón con la cremosidad de la guanábana,https://www.natura.cl/p/body-splash-hojas-de-limon-y-guanabana-tododia-200ml/NATCHL-72198
Repuesto sombras Studio Palette Una,NATCHL-106126,"• alta pigmentación y fijación | • nuevo refil14 opciones de colores | • multifuncionales: pueden usarse en ojos, cejas y rostro | • fáciles de difuminar | • variedad de acabados",https://www.natura.cl/p/repuestos-de-sombras-personalizable-una-champagne-glow-2-g/NATCHL-106126
Frescor Pitanga Eau de Toilette Ekos 150ml,NATCHL-73573,"fragancia vibrante y fresca para tus días.• aporta un brillo radiante, típico de un día de sol • hojas de pitanga se unen al acorde de frutas frescas para revelar toda la vibración de la fruta, que es símbolo de la tropicalidad brasileña • eau de toilette con ingrediente natural inédito, extraído de las hojas del pitanguero • la línea Ekos Pitanga fortalece los ingresos de familias guardianas de la Amazonía vinculadas a la bioagricultura del cultivo de pitanga• 97% de origen natural.",https://www.natura.cl/p/ekos-frescor-pitanga-150-ml/NATCHL-73573
Humor a Dois masculino Eau de Toilette masculino 75 ml,NATCHL-64748,"• fragancia sofisticada y artística | • chipre floral como una pieza hecha a mano | • costura perfecta entre flores y maderas cálidas | • toque cremoso de vainilla y grosella negra (cassis) | • enriquecida con priprioca, ingrediente natural de la biodiversidad brasileña | • larga duración con notas intensas y marcadas | • ideal para hombres que aprecian la combinación de arte y naturaleza",https://www.natura.cl/p/humor-a-dois-edt-masculino-75-ml/NATCHL-64748
Regalo Madres Meu Primeiro Humor Body Splash y Jabón Barra (con bolsa),NATCHL-237607,jabón en barra limpia suavemente y perfuma la piel• Natura Meu Primeiro Humor Body Splash propone fragancia frutal icónica juvenil y divertida • notas cítricas se mezclan con cóctel de frutas vibrantes y pera frozen • perfume ligero ideal para uso diario con sensación fresca y dulce • experiencia juvenil con aroma vibrante para baño divertido y suave • jabón en barra limpia delicadamente y perfuma la piel con toque floral • producto Natura transforma cualquier uso en regalo especial con packaging dedicado • embalaje de regalo Natura con medidas 22 cm x 9 cm x 25 cm • fragancia captura espíritu,https://www.natura.cl/p/regalo-madres-meu-primeiro-humor-body-splash-y-jabon-barra-con-bolsa/NATCHL-237607
Repuesto Base Fluida Hd Una,NATCHL-104876,• tecnología HD avanzada | • disimula imperfecciones | • hace imperceptible el uso del maquillaje en videos o fotos | • con vitamina E y antioxidantes | • ayuda a prevenir los signos de estrés en la piel | • posee pigmentos recubiertos con alta afinidad con la piel | • garantizando color duradero | • protege contra los daños causados por la luz azul | • cobertura: alta | • probado dermatológicamente | • cruelty free | • textura: líquida y ligera | • tipo de tratamiento: antiedad | • zona de aplicación: rostro,https://www.natura.cl/p/repuesto-base-fluida-hd-16f/NATCHL-104876
Regalo Ekos Pitanga Preta,NATCHL-225754,"la fragancia vibrante y colorida de Pitanga Preta para tus días.• notas de pitanga negra se combinan con flores coloridas y reciben un toque de notas amaderadas • transmite una deliciosa sensación de calor y frescura • con ingrediente natural inédito, extraído de las hojas del pitanguero contiene 1 frescor eau de toilette 150 ml 1 hidratante corporal 250 ml 1 bolsa de regalo",https://www.natura.cl/p/regalo-ekos-pitanga-preta/NATCHL-225754
Base Fluida Hd,NATCHL-107772,• acabado ligero y uniforme | • fórmula ultrafluida de larga duración | • acción antiedad | • alta definición por hasta 24 horas | • enriquecida con activos de hidratación inmediata | • disimula imperfecciones | • efecto antiestrés | • con Complejo Antioxidante | • combate los radicales libres | • previene el envejecimiento prematuro de la piel | • uniformiza la textura de la piel | • ahora con repuesto y 24 tonos | • llena el envase con tu tono preferido | • para todo tipo de piel,https://www.natura.cl/p/base-fluida-hd-16f-30ml/NATCHL-107772
Eau de Toilette Masculino Paz e Humor 75ml,NATCHL-64750,"• concentración eau de toilette | • familia olfativa: aromática | • relajación para tu día a día | • combinación vigorizante de notas cítricas y amaderadas | • notas de salida: mandarina, bergamota, naranja | • notas de corazón: geranio, jazmín, lavanda | • notas de fondo: almizcle, sándalo, vainilla | • disfruta cada momento con tranquilidad y mucho humor | • cruelty free | • vegano | • ocasión: día a día, para salir | • subfamilia: cítrica",https://www.natura.cl/p/humor-paz-e-humor-edt-masculino-75ml/NATCHL-64750
Labial cremoso multimix Faces,NATCHL-116204,"• más color, más cobertura con efecto cremoso | • colores vibrantes, efecto mate y FPS 10 | • viene con espejo en la tapa | • también puede usarse como blush | • perfecto para llevarlo contigo a todas partes | • cobertura: alta | • probado dermatológicamente | • efecto: mate | • protección solar: FPS 10 | • edad recomendada: a partir de 18 años | • cruelty free | • textura: suave | • zona de aplicación: labios | • expresa tu belleza como y donde quieras",https://www.natura.cl/p/labial-cremoso-multimix-faces-cobre-sunset-35-ml/NATCHL-116204
Base Liquida Mate Faces 20Ml,NATCHL-00003,"• hecha para cuidarte, inventar y reinventarte | • enfocada en desempeño, diversidad y valentía | • Natura Faces es para todes | • cobertura media | • probado dermatológicamente | • acabado matte | • protección solar FPS 8 | • edad recomendada: a partir de los 18 años | • cruelty free | • textura líquida y ligera | • subtono cálido | • zona de aplicación: rostro",https://www.natura.cl/p/base-liquida-mate-faces-20ml/NATCHL-00003
Perfume Biografia clásico masculino EDT,NATCHL-120832,"Perfume Biografia clásico masculino EDTLa biografía más importante es la que sólo tú puedes escribir. Es tu historia, tu trabajo abierto. Tienes tu camino, tu aroma, tus recuerdos, tus sueños. Ella está aprendiendo el pulso de la vida. Sonríe por todo lo que te trajo aquí y deja que los sueños crezcan para los nuevos días por venir. Esa es la sorprendente experiencia de estar vivo. Cada biografía es fascinante. Biografía, escribe tu historia.Contenido25 mlSobre la línea Biografía:Toda biografía es fascinante. Se hace en cada momento, a cada relación. Construir los ciclos de la vida es la sorpr",https://www.natura.cl/p/perfume-biografia-clasico-masculino-edt-25ml/NATCHL-120832
Base Líquida HD Una,NATCHL-191635,"acabado natural impecable con poderosa acción antiseñales.• 24 horas de duración e hidratación • 100% aprobada por consumidoras • menos 9% arrugas y líneas en 4 semanas • textura ligera y aterciopelada que se funde perfectamente con la piel • base con cobertura alta y alta definición • piel uniforme e imperceptible a simple vista • poderosa acción antiseñales con retinol, péptidos y bioactivo, que provoca una verdadera transformación de tu piel. contiene 1 frasco de vidrio vacío con capacidad de 30 ml y 1 repuesto de 30 ml con base en el color seleccionado.",https://www.natura.cl/p/base-liquida-hd-una-30-ml/NATCHL-191635
Base Líquida HD Una,NATCHL-191618,"acabado natural impecable con poderosa acción antiseñales.• 24 horas de duración e hidratación • 100% aprobada por consumidoras • menos 9% arrugas y líneas en 4 semanas • textura ligera y aterciopelada que se funde perfectamente con la piel • base con cobertura alta y alta definición • piel uniforme e imperceptible a simple vista • poderosa acción antiseñales con retinol, péptidos y bioactivo, que provoca una verdadera transformación de tu piel. contiene 1 frasco de vidrio vacío con capacidad de 30 ml y 1 repuesto de 30 ml con base en el color seleccionado.",https://www.natura.cl/p/base-liquida-hd-una-30-ml/NATCHL-191618
Base Líquida HD Una,NATCHL-191617,"acabado natural impecable con poderosa acción antiseñales.• 24 horas de duración e hidratación • 100% aprobada por consumidoras • menos 9% arrugas y líneas en 4 semanas • textura ligera y aterciopelada que se funde perfectamente con la piel • base con cobertura alta y alta definición • piel uniforme e imperceptible a simple vista • poderosa acción antiseñales con retinol, péptidos y bioactivo, que provoca una verdadera transformación de tu piel. contiene 1 frasco de vidrio vacío con capacidad de 30 ml y 1 repuesto de 30 ml con base en el color seleccionado.",https://www.natura.cl/p/base-liquida-hd-una-30-ml/NATCHL-191617
Base Líquida HD Una,NATCHL-191636,"acabado natural impecable con poderosa acción antiseñales.• 24 horas de duración e hidratación • 100% aprobada por consumidoras • menos 9% arrugas y líneas en 4 semanas • textura ligera y aterciopelada que se funde perfectamente con la piel • base con cobertura alta y alta definición • piel uniforme e imperceptible a simple vista • poderosa acción antiseñales con retinol, péptidos y bioactivo, que provoca una verdadera transformación de tu piel. contiene 1 frasco de vidrio vacío con capacidad de 30 ml y 1 repuesto de 30 ml con base en el color seleccionado.",https://www.natura.cl/p/base-liquida-hd-una-30-ml/NATCHL-191636
Regalo Pareja Humor de Mi Vida,NATCHL-225771,"una fragancia para disfrutar la vida y salir esparciendo tu humor.• Humor da Minha Vida trae la dulzura y el encanto de la manzana caramelizada • la fragancia gana potencia con toques burbujeantes de cítricos y especias en un fondo ambarado dulce • una combinación irreverente, enriquecida con acordes únicos de la priprioca, ingrediente natural de la biodiversidad brasileña contiene 2 eau de toilette femenino 75 ml 1 bolsa de regalo",https://www.natura.cl/p/regalo-pareja-humor-de-mi-vida/NATCHL-225771
Kaiak Vibe infantil miniatura 25 ml,NATCHL-218363,miniatura exclusiva que celebra la conexión única entre padre e hijo.• una versión especial de Kaiak para los jóvenes exploradores • fragancia aromática frutal • combina notas frutales coloridas y aromáticas en una frescura alegre y energizante.,https://www.natura.cl/p/colonia-desodorante-kaiak-vibe-infantil-miniatura-25-ml/NATCHL-218363
Hidratante Corporal Kaiak Femenino,NATCHL-206753,hidratante con la fragancia clásica de Kaiak.• piel suave • toque suave • piel naturalmente iluminada • realza la fragancia del eau de toilette.,https://www.natura.cl/p/hidratante-corporal-kaiak-femenino-100-ml/NATCHL-206753
Base Líquida HD Una,NATCHL-193846,"acabado natural impecable con poderosa acción antiseñales.• 24 horas de duración e hidratación • 100% aprobada por consumidoras • menos 9% arrugas y líneas en 4 semanas • textura ligera y aterciopelada que se funde perfectamente con la piel • base con cobertura alta y alta definición • piel uniforme e imperceptible a simple vista • poderosa acción antiseñales con retinol, péptidos y bioactivo, que provoca una verdadera transformación de tu piel. contiene 1 frasco de vidrio vacío con capacidad de 30 ml y 1 repuesto de 30 ml con base en el color seleccionado.",https://www.natura.cl/p/base-liquida-hd-una-30-ml/NATCHL-193846
Marcapáginas Creer Para Ver,NATCHL-251499,"para hacer que el ritual de la lectura sea aún más especial y único.• set de marcadores de colores para uso escolar y creativo • producto ideal para escritura, dibujo y organización visual • colores vibrantes que facilitan la identificación y el destaque • punta práctica que permite trazos precisos y uniformes • indicado para estudiantes, profesores y uso profesional • ayuda al aprendizaje y potencia la expresión artística • 100% de lo recaudado se destina a mejorar la educación nacional • iniciativa con impacto social directo en el sistema educativo contiene 1 Marcador CPV",https://www.natura.cl/p/marcapaginas-creer-para-ver/NATCHL-251499
Regalo Una Dúo Radiante con Blush Peach,NATCHL-230579,"maquillaje con tratamiento de skincare.• gloss que da volumen a los labios con acción refrescante • brillo sofisticado • textura cómoda y no pegajosa, que se desliza fácilmente por los labios sin correrse • con ácido hialurónico, escualano y bioactivos: hidratan y, con el uso continuo, aumentan el volumen natural de los labios • blush con alta pigmentación, textura cremosa y acabado luminoso • un producto multifuncional que se puede usar como blush y sombra. contiene 1 blush líquido cushion 10 g – color peach 1 gloss labial de volumen inmediato incoloro 5 ml",https://www.natura.cl/p/regalo-una-duo-radiante-con-blush-peach/NATCHL-230579
"Sombra mono bright glam - 1,5 g",NATCHL-109149,"Sombra mono bright glam - 1,5 gSombra mono bright glam - 1,5 g0Sobre la línea Faces:Faces es una marca de belleza urbana para cuidarse, inventarse y reinventarse. Da color y valentía, para expresar tu belleza del espejo hacia adentro y de la puerta hacia afuera. Y salir a la calle con actitudes positivas, que se reflejan en el próximo y en el alrededor. Faces se trata de una belleza evidente. Con una mirada multilook, ofrece variedad, practicidad y versatilidad en productos que son 2 en 1, multibeneficios y que se pueden combinar entre sí. Para hacerlo todo a tu manera. Faces es la belleza que",https://www.natura.cl/p/sombra-mono-bright-glam-15-g/NATCHL-109149
Labial cremoso multimix Faces,NATCHL-116203,"• más color, más cobertura con efecto cremoso | • colores vibrantes, efecto mate y FPS 10 | • viene con espejo en la tapa | • también puede usarse como blush | • perfecto para llevarlo contigo a todas partes | • cobertura: alta | • probado dermatológicamente | • efecto: mate | • protección solar: FPS 10 | • edad recomendada: a partir de 18 años | • cruelty free | • textura: suave | • zona de aplicación: labios | • expresa tu belleza como y donde quieras",https://www.natura.cl/p/labial-cremoso-multimix-faces-pink-paradise-35-ml/NATCHL-116203
"Sombra mono bright glam - 1,5 g",NATCHL-109152,"Sombra mono rosa like - 1,5 gSombra mono rosa like - 1,5 g0Sobre la línea Faces:Faces es una marca de belleza urbana para cuidarse, inventarse y reinventarse. Da color y valentía, para expresar tu belleza del espejo hacia adentro y de la puerta hacia afuera. Y salir a la calle con actitudes positivas, que se reflejan en el próximo y en el alrededor. Faces se trata de una belleza evidente. Con una mirada multilook, ofrece variedad, practicidad y versatilidad en productos que son 2 en 1, multibeneficios y que se pueden combinar entre sí. Para hacerlo todo a tu manera. Faces es la belleza que est",https://www.natura.cl/p/sombra-mono-rosa-like-15-g/NATCHL-109152
Lapiz Pro Labial A Prueba De Agua Una,NATCHL-92551,"• puede usarse para delinear o rellenar los labios | • ofrece alta pigmentación, gran deslizamiento y una textura ultracremosa | • fácil y cómoda de aplicar | • un resultado profesional en segundos | • cobertura: alta | • dermatológicamente probado | • cruelty free | • vegano",https://www.natura.cl/p/lapiz-pro-labial-a-prueba-de-agua-una-114g/NATCHL-92551
Esmalte De Unas,NATCHL-106538,• acabado cremoso | • esmalte con alta cobertura y secado rápido | • proporciona un look vibrante y moderno | • fácil de aplicar | • uñas increíbles con practicidad y estilo | • uñas fuertes y resistentes | • brillo increíble | • vegano | • fórmula hipoalergénica | • edad sugerida: a partir de 18 años | • hipoalergénico | • cruelty free,https://www.natura.cl/p/esmalte-de-unas-coral-atacama-6ml/NATCHL-106538
Delineador Retractil De Ojos Faces,NATCHL-109144,"• punta retráctil de textura suave que se desliza fácilmente | • delineador fácil de aplicar | • trazo preciso y uniforme | • ideal para crear desde líneas delicadas hasta delineados intensos | • mantiene tu mirada impecable durante todo el día | • punta retráctil que no requiere sacapuntas, garantizando practicidad en el uso | • dermatológicamente probado | • edad sugerida: 18+ | • cruelty free | • vegano",https://www.natura.cl/p/delineador-retractil-de-ojos-faces/NATCHL-109144
Base Líquida HD Una,NATCHL-191637,"acabado natural impecable con poderosa acción antiseñales.• 24 horas de duración e hidratación • 100% aprobada por consumidoras • menos 9% arrugas y líneas en 4 semanas • textura ligera y aterciopelada que se funde perfectamente con la piel • base con cobertura alta y alta definición • piel uniforme e imperceptible a simple vista • poderosa acción antiseñales con retinol, péptidos y bioactivo, que provoca una verdadera transformación de tu piel. contiene 1 frasco de vidrio vacío con capacidad de 30 ml y 1 repuesto de 30 ml con base en el color seleccionado.",https://www.natura.cl/p/base-liquida-hd-una-30-ml/NATCHL-191637
crema merengue para el cuerpo Tododia fresa y vainilla dorada,NATCHL-205941,"crema con textura deliciosa y beneficios 6 en 1• hidratación intensa, con tecnología prebiótica • más firmeza para tu piel, con activo que estimula la producción de colágeno • mejora la textura de la piel, dejándola **suave como terciopelo** • perfumación intensa y prolongada, con **dos veces más fragancia** • piel protegida de daños externos • toque seco, no deja la piel pegajosa y es fácil de esparcir",https://www.natura.cl/p/crema-merengue-para-el-cuerpo-tododia-fresa-y-vainilla-dorada-250-g/NATCHL-205941
Crema Desodorante Nutritiva Corporal Tododia Nuez Pecán y Cacao,NATCHL-116860,"piel suave y ultrasuave con la nutrición prebiótica de Tododia.• hidratante en un empaque especial para regalo, con el tamaño perfecto para llevar en el bolso • fragancia cremosa envolvente con delicadas notas florales y un toque amaderado.",https://www.natura.cl/p/crema-desodorante-nutritiva-corporal-tododia-nuez-pecan-y-cacao-80-ml/NATCHL-116860
Eau de Parfum Femenino Essencial,NATCHL-174917,"• una fragancia marcada para quienes son protagonistas de su vida | • flores blancas preciosas, como jazmín y magnolia, combinadas con un irresistible aroma a frutas | • rodeada por el toque picante de la priprioca, ingrediente de la biodiversidad brasileña | • notas ambarinas y amaderadas | • subfamilia: frutal | • cruelty free | • vegano | • ocasión: Salidas, ocasiones especiales",https://www.natura.cl/p/eau-de-parfum-femenino-essencial-25-ml/NATCHL-174917
Bothânica Hidratante Fructus Corporal,NATCHL-180492,hidratación y frescor que acompañan tu día,https://www.natura.cl/p/bothanica-hidratante-fructus-corporal-480ml/NATCHL-180492
Regalo Padres EDT Beijos de Humor + Post Barba 75ml,NATCHL-247072,"beijo de Humor de Natura para mujer: una invitación a una vida más atrevida y divertida• colonia con fragancia que combina ligereza, irreverencia y un toque de seducción • hecha para hombres que valoran la espontaneidad y el buen humor • ideal para momentos casuales y hace que cada día sea más ligero y encantador • calma e hidrata la piel • bálsamo multifuncional post afeitado e hidratante • piel suave y perfumada durante todo el día • todo tipo de piel contiene 1 eau de toilette masculino 75 ml 1 bálsamo post barba 75 ml 1 bolsa de regalo",https://www.natura.cl/p/regalo-padres-natura-beijos-de-humor/NATCHL-247072
Regalo Ekos Pitanga,NATCHL-225777,"piel perfumada e hidratada con notas vibrantes y frescas.• aporta un brillo radiante, típico de un día soleado • hojas de pitanga se unen al acorde de frutas frescas para revelar toda la vibración de la fruta, que es símbolo de la tropicalidad brasileña • eau de toilette con ingrediente natural inédito, extraído de las hojas del pitanguero • aceite corporal hidrata, realza el tono de la piel y forma una película protectora sobre el cuerpo • úsalo con o sin enjuague. contiene 1 frescor eau de toilette pitanga 150 ml 1 aceite trifásico corporal pitanga 200 ml 1 bolsa de regalo",https://www.natura.cl/p/regalo-ekos-pitanga/NATCHL-225777
Frescor Açaí Eau de Toilette Ekos 150ml,NATCHL-75955,"siente la energía de la selva y la frescura de las palmeras en las notas de açaí.• perfumación tropical y vital • un encuentro con notas verdes y frescas, finalizado por un leve toque floral • eau de toilette con ingrediente natural inédito, extraído de la pulpa del açaí, fruto ícono de la Amazonía • la línea Ekos Açaí contribuye a la regeneración de la selva y ayuda a fortalecer los ingresos de 368 familias guardianas de la Amazonía• 97% de origen natural.",https://www.natura.cl/p/ekos-frescor-acai-150-ml/NATCHL-75955
Base Liquida Mate Faces 20Ml,NATCHL-97639,"• hecha para cuidarte, inventar y reinventarte | • enfocada en desempeño, diversidad y valentía | • Natura Faces es para todes | • cobertura media | • probado dermatológicamente | • acabado matte | • protección solar FPS 8 | • edad recomendada: a partir de los 18 años | • cruelty free | • textura líquida y ligera | • subtono cálido | • zona de aplicación: rostro",https://www.natura.cl/p/faces-base-liquida-matte-16f-20ml/NATCHL-97639
Mascarilla Exfoliante Renova+ Faces,NATCHL-166350,la Máscara Exfoliante es el segundo paso en tu nueva rutina de cuidado de la piel.• contiene activos de cuidado de la piel • controla la oleosidad de la piel por hasta 8 horas • promueve exfoliación química y física • piel renovada.,https://www.natura.cl/p/mascarilla-exfoliante-renova-faces-50-ml/NATCHL-166350
Base Matte Una,NATCHL-108154,• cobertura de base con resultados de tratamiento | • mucho más que una base matte de larga duración | • reduce la oleosidad de tu piel con el uso continuo | • complementa el tratamiento antibrillo de Chronos | • especialmente formulada para piel normal a grasa | • controla el brillo del rostro de forma inmediata y durante todo el día | • proporciona una cobertura media para la piel del rostro | • cobertura media de larga duración | • uniformiza el tono de la piel y disimula imperfecciones | • tecnología de pigmentos avanzada | • protege contra los daños causados por la luz azul | • disponible,https://www.natura.cl/p/base-matte--43n-una-30ml/NATCHL-108154
Repuesto Base Fluida Hd Una,NATCHL-00067,• tecnología HD avanzada | • disimula imperfecciones | • hace imperceptible el uso del maquillaje en videos o fotos | • con vitamina E y antioxidantes | • ayuda a prevenir los signos de estrés en la piel | • posee pigmentos recubiertos con alta afinidad con la piel | • garantizando color duradero | • protege contra los daños causados por la luz azul | • cobertura: alta | • probado dermatológicamente | • cruelty free | • textura: líquida y ligera | • tipo de tratamiento: antiedad | • zona de aplicación: rostro,https://www.natura.cl/p/repuesto-base-fluida-hd-una-30ml/NATCHL-00067
Base Líquida HD Una,NATCHL-191628,"acabado natural impecable con poderosa acción antiseñales.• 24 horas de duración e hidratación • 100% aprobada por consumidoras • menos 9% arrugas y líneas en 4 semanas • textura ligera y aterciopelada que se funde perfectamente con la piel • base con cobertura alta y alta definición • piel uniforme e imperceptible a simple vista • poderosa acción antiseñales con retinol, péptidos y bioactivo, que provoca una verdadera transformación de tu piel. contiene 1 frasco de vidrio vacío con capacidad de 30 ml y 1 repuesto de 30 ml con base en el color seleccionado.",https://www.natura.cl/p/base-liquida-hd-una-30-ml/NATCHL-191628
Ekos Acaí Kit Productivo,NATCHL-250277,"experiencia amazónica de hidratación, perfume y protección• crema que hidrata hasta por 72 horas • protege, reenergiza y deja la piel radiante y con aspecto saludable • elaborada con extracto y aceite puro de açaí, con acción antioxidante que combate los radicales libres • doble acción para una piel hidratada y uniforme desde la primera aplicación • piel 2 veces más iluminada con el poder antioxidante del açaí* • 97% de origen natural • eau de Toilette con ingrediente natural inédito, extraído de la pulpa del açaí, fruto símbolo de la Amazonía • perfume tropical y vibrante • un encuentro de no",https://www.natura.cl/p/ekos-acai-kit-productivo/NATCHL-250277
Spray corporal perfumado Kaiak Clásico Masculino,NATCHL-108877,"Spray corporal perfumado Kaiak Clásico Masculino Rituales cotidianos.Frescura ideal para revigorizar el día a día.Productos cuidado diario de una fragancia acuática, que combina notas aromáticas,Contenido100 mlSobre la marca Kaiak:El movimiento es el oxígeno de la vida. Y es en el movimiento que el hombre se encuentra, se fortalece, se transforma y evoluciona.Perfumes marcados por la sensación de frescura, que incita al movimiento al aire libre.",https://www.natura.cl/p/spray-corporal-perfumado-kaiak-clasico-masculino-100-ml/NATCHL-108877
Lapiz Pro Labial A Prueba De Agua Una,NATCHL-00051,"• puede usarse para delinear o rellenar los labios | • ofrece alta pigmentación, gran deslizamiento y una textura ultracremosa | • fácil y cómoda de aplicar | • un resultado profesional en segundos | • cobertura: alta | • dermatológicamente probado | • cruelty free | • vegano",https://www.natura.cl/p/lapiz-pro-labial-a-prueba-de-agua-una-114g/NATCHL-00051
Polvo Compacto Nude Me,NATCHL-00034,• probado dermatológicamente | • cuenta con repuesto | • cruelty free | • zona de aplicación: rostro | • proporciona un acabado mate natural | • ofrece cobertura media | • adecuado para todo tipo de piel | • duración de 24 horas | • no comedogénico | • mejora la piel del rostro y unifica su tono | • efecto nude me: natural como una segunda piel | • no se cuartea | • resistente al agua y al sudor | • el repuesto es pura belleza: 77% menos embalaje que el producto regular,https://www.natura.cl/p/polvo-compacto-nude-me-10-g/NATCHL-00034
Máscara para Pestañas Volumen Marrón Una,NATCHL-206730,"máscara de pestañas que promueve 136% más volumen en la primera aplicación.*• combina ceras naturales y pigmento marrón para un efecto sofisticado • máscara de pestañas marrón que da volumen a las pestañas con fórmula ligera* • deja tus pestañas impactantes y con un color natural • cuenta con aplicador con cerdas de silicona y formato ovalado que facilita la aplicación, brindando alta cobertura y color desde la raíz hasta las puntas de las pestañas. * beneficios comprobados con pruebas instrumentales versus pestañas sin aplicación del producto.",https://www.natura.cl/p/mascara-para-pestanas-volumen-marron-una-7-g/NATCHL-206730
Regalo Natura Ekos Jabones Surtidos,NATCHL-179432,"caja de jabones para regalo con 4 fragancias exitosas.• jabones que limpian sin resecar • perfuman todo el cuerpo • 100% libres de grasa animal • 97% de ingredientes de origen natural • biodegradables • con aceites 100% vegetales puros de la Amazonía • eficaces contra virus, gérmenes y bacterias • decimos no a pruebas en animales y a ingredientes como siliconas, parabenos y aceites minerales. contiene caja de jabones en barra puro vegetal con 4 unidades de 100 gramos, siendo 1 castaña, 1 maracuyá, 1 pitanga y 1 ucuuba.",https://www.natura.cl/p/regalo-natura-ekos-jabones-surtidos-4-un-de-100-g/NATCHL-179432
Repuesto sombras Studio Palette Una,NATCHL-106137,"• alta pigmentación y fijación | • nuevo refil14 opciones de colores | • multifuncionales: pueden usarse en ojos, cejas y rostro | • fáciles de difuminar | • variedad de acabados",https://www.natura.cl/p/repuestos-sombras-studio-palette-una-dorado-sparkling-2-g/NATCHL-106137
Spray Reactivador Tododia Cabello Rizado,NATCHL-173583,"• tipo de cabello: rizado y crespo | • fórmula que promueve la definición de los mechones | • recupera el volumen, el movimiento y el brillo | • rizos más definidos | • cabello crespo sin apelmazar | • fragancia con notas florales y de mora | • disponible en repuesto | • cruelty free | • vegano",https://www.natura.cl/p/spray-reactivador-cabello-rizado-rizos/NATCHL-173583
Lapiz Kajal Faces,NATCHL-10045,• realza la mirada con facilidad | • color intenso y duradero | • esponja difuminadora | • efecto difuminado al instante | • más seguridad y confort | • sin irritaciones,https://www.natura.cl/p/lapiz-kajal-faces-marron-13g/NATCHL-10045
Aceite Trifásico Corporal Ekos Andiroba,NATCHL-97430,"mejora la textura de la piel, dejándola más iluminada e hidratada durante todo el día.• nuevo Natura Ekos Andiroba, misma fragancia y textura, más potencia para tu piel • 72% afirman alivia la sensación de fatiga corporal* • 54% afirman ayudar a reducir la sensación de retención de líquidos* • restaura la piel y forma una película protectora • deja la piel suave desde el baño • fragancia vigorizante con notas verdes y frescas • textura sorprendente y no pegajosa. *estudio realizado con 120 consumidores después de 7 días de uso del producto.",https://www.natura.cl/p/aceite-trifasico-corporal-ekos-andiroba-200-ml/NATCHL-97430
Esmalte De Unas,NATCHL-106534,• acabado cremoso | • esmalte con alta cobertura y secado rápido | • proporciona un look vibrante y moderno | • fácil de aplicar | • uñas increíbles con practicidad y estilo | • uñas fuertes y resistentes | • brillo increíble | • vegano | • fórmula hipoalergénica | • edad sugerida: a partir de 18 años | • hipoalergénico | • cruelty free,https://www.natura.cl/p/faces-esmalte-rosa-nude-buenos-aire/NATCHL-106534
Caja de jabones en barra tallados puro vegetal Ekos,NATCHL-162220,• somos veganos | • nuestras fórmulas son de origen natura | • activos y bioactivos brutos de la Amazonía | • biocompatibles con la piel y biodegradables con el medio ambiente | • nuestros productos tienen repuestos a partir de plástico reciclado,https://www.natura.cl/p/caja-de-jabones-en-barra-tallados-puro-vegetal-ekos-4-unidades-de-100-g-cu/NATCHL-162220
Regalo Essencial Atrai Masculino,NATCHL-225758,regalo que exhala intensidad y elegancia.• fragancia sofisticada y llamativa que dura hasta 10 horas en la piel • combina un blend de maderas nobles con la pimienta rosa brasileña y un toque dulce de vainilla y cacao • shampoo enriquecido con nutrientes que dejan el cabello suave y radiante • limpieza profunda y revitalización para el cabello y el cuerpo. contiene 1 eau de parfum masculino 100 ml 1 shampoo masculino 125 ml 1 bolsa de regalo,https://www.natura.cl/p/regalo-essencial-atrai-masculino/NATCHL-225758
Repuesto sombras Studio Palette Una,NATCHL-00091,"• alta pigmentación y fijación | • nuevo refil14 opciones de colores | • multifuncionales: pueden usarse en ojos, cejas y rostro | • fáciles de difuminar | • variedad de acabados",https://www.natura.cl/p/repuesto-sombras-studio-palette-una/NATCHL-00091
Base Stick FPS 50 Una,NATCHL-181520,base cremosa en formato stick con FPS 50 y ácido hialurónico.• hidrata la piel de forma inmediata y duradera • acabado natural y cobertura de leve a media • eficacia comprobada • larga duración de 24 horas • indicada para piel mixta a seca • formato stick fácil de aplicar y de difuminar • protege la piel de los daños causados por el sol • también puede usarse como contorno.,https://www.natura.cl/p/base-stick-fps-50-una-12-g/NATCHL-181520
Regalo Dúo Humor Beijos Femenino y Masculino,NATCHL-225775,"regala una fragancia irreverente y llamativa.• fragancia femenina combina ligereza, irreverencia y un toque de seducción • fragancia con notas de ciruela, el calor del sándalo y un toque cremoso del cacao • fragancia masculina ideal para hombres espontáneos y divertidos • mezcla apasionante de especias cálidas, ciruela y un toque cremoso de cacao • fragancia que despierta la atracción y proporciona momentos llenos de amor y Humor. contiene 1 eau de toilette femenino 75 ml 1 eau de toilette masculino 75 ml 1 bolsa de regalo",https://www.natura.cl/p/regalo-duo-humor-beijos-femenino-y-masculino/NATCHL-225775
Regalo Kriska Drama,NATCHL-225778,regalo para quienes aman las fragancias dulces.• la crema hidratante para manos deja la piel suave e hidratada por hasta 48 horas • el eau de toilette perfuma con una fragancia intensa y envolvente. contiene 1 eau de toilette femenino 100 ml 1 crema hidratante para manos perfumada 40 gramos 1 bolsa de regalo,https://www.natura.cl/p/regalo-kriska-drama/NATCHL-225778
Pulpa Desodorante Hidratante Corporal Ekos Pitanga,NATCHL-122481,"piel hidratada y perfumada con la fragancia frutal ligera de pitangaesta pulpa protege, hidrata y suaviza la piel con textura cremosa y el poder de la Pitanga, uno de los bioactivos preferidos de Ekos y símbolo de la tropicalidad de Brasil. Ideal para armar un regalo ultraperfumado con otros productos de la línea Ekos Pitanga. Beneficios: •Hidratación que dura todo el día. •Textura cremosa envolvente. •Fragancia frutal ligera. •Perfuma e hidrata todo el cuerpo. •Protege y suaviza la piel. •Producido con bioactivos de la Amazonia. •Producto vegano. Contenido: 1 pulpa desodorante hidratante corp",https://www.natura.cl/p/pulpa-desodorante-hidratante-corporal-ekos-pitanga/NATCHL-122481
Regalo Ekos Ucuuba,NATCHL-225789,"regalo con la potencia antiflacidez de la ucuuba.• jabón líquido de ucuuba con espuma cremosa • deja tu piel suave y perfumada • hecho con manteca de ucuuba, rica en trimiristina, que estimula la producción de colágeno y elastina • mantiene el pH de la piel • crema para manos con 48h de hidratación • textura cremosa y de rápida absorción, recupera y fortalece la piel • 100% aluminio reciclado. contiene 1 jabón líquido corporal 195 ml 1 pulpa hidratante para manos 75 g",https://www.natura.cl/p/regalo-ekos-ucuuba/NATCHL-225789
Regalo Tododia Todanoche,NATCHL-225763,regalo con fragancia relajante que ayuda a dormir mejor.*• crema para pies que combate los olores • frescura e hidratación durante todo el día • crema corporal que deja la piel recuperada y protegida • nutrición prebiótica y vitamina B5 • hidrata hasta las capas más profundas de la piel. contiene 1 crema corporal nocturna té de manzanilla y lavanda 200 ml 1 crema nutritiva para pies 50 ml 1 bolsa de regalo *comprobado mediante investigación sensorial con consumidores.,https://www.natura.cl/p/regalo-tododia-todanoche/NATCHL-225763
"Delineador líquido para ojos Faces 2,5 ml",No detectado,• color intenso | • pincel con aplicador preciso | • color desde la primera aplicación | • perfecto para cualquier look | • fácil de aplicar | • vegano | • cruelty free | • oftalmológicamente testado,https://www.natura.cl/p/delineador-liquido-para-ojos-faces-25-ml/NATCHL-PADRE118448
Regalo Tododia Granada y Flor de Mora,NATCHL-225783,"regalo con fragancia refrescante y femenina.• incluye 2 productos para un ritual de hidratación perfumada • el jabón en barra entrega un baño delicioso, mientras que la crema nutritiva deja la piel más firme y suave • la fragancia de granada y flor de mora brinda una sensación de frescura y bienestar contiene 1 crema nutritiva para el cuerpo 100 ml 1 jabón en barra puro vegetal 90 g 1 bolsa de regalo",https://www.natura.cl/p/regalo-tododia-granada-y-flor-de-mora/NATCHL-225783
Regalo Rutina Sève,NATCHL-225785,dupla perfecta para el cuidado diario de la piel.• piel suave y perfumada con fragancia envolvente y sensual • combina la suavidad de las almendras con el toque cálido de la canela • jabón líquido que limpia suavemente • no reseca la piel • baño perfumado • aceite que realza el brillo natural de la piel • forma una película protectora en la piel • combate la resequedad • fórmula con aceite de almendras contiene 1 aceite corporal 200 ml 1 jabón en gel corporal 100 g 1 bolsa de regalo,https://www.natura.cl/p/regalo-rutina-seve/NATCHL-225785
Tododia Kit Rizos Completo,NATCHL-250274,"tú Tododia con rizos definidos, hidratados y llenos de vida• shampoo para cabello rizado y crespo • tecnología prebiótica • sin sulfatos • limpieza profunda • evita la formación de nudos • fragancia con notas florales y de mora • acondicionador con textura que facilita el desenredo durante la ducha • deja el cabello más suave • fragancia con notas florales y de mora • crema para peinar que cuida y fortalece las fibras capilares • ayuda a prevenir la quiebra • deja los rizos definidos, con brillo y movimiento • fragancia deliciosa con notas florales y de mora • con refill • cruelty free • vegan",https://www.natura.cl/p/tododia--kit-rizos-completo/NATCHL-250274
Caja de regalo con imán,NATCHL-154849,"• caja reutilizable como organizadora | • hecha de papel texturizado | • incluye papel de seda | • detalles en brillo dorado | • cierre con imán | • contiene el sello “reutilizame” | • estimula la creatividad | • promueve la sostenibilidad | • dimensiones: 24,7 cm de largo x 8,6 cm de alto x 19,5 cm de ancho",https://www.natura.cl/p/caja-de-regalo-con-iman/NATCHL-154849
Repuesto Base Fluida Hd Una,NATCHL-104879,• tecnología HD avanzada | • disimula imperfecciones | • hace imperceptible el uso del maquillaje en videos o fotos | • con vitamina E y antioxidantes | • ayuda a prevenir los signos de estrés en la piel | • posee pigmentos recubiertos con alta afinidad con la piel | • garantizando color duradero | • protege contra los daños causados por la luz azul | • cobertura: alta | • probado dermatológicamente | • cruelty free | • textura: líquida y ligera | • tipo de tratamiento: antiedad | • zona de aplicación: rostro,https://www.natura.cl/p/una-repuesto-base-hd-medio-claro-3/NATCHL-104879
Caja de regalo redonda,NATCHL-148397,"• hecha de papel decorado | • colores neutros y elegantes | • detalles en brillo dorado | • diseño diferenciado | • realza el regalo | • puede reutilizarse después como caja organizadora | • incluye papel de seda para envolver el regalo | • tamaño: 19 cm de alto x 12,5 cm de diámetro",https://www.natura.cl/p/caja-de-regalo-redonda/NATCHL-148397
Repuesto Base Fluida Hd Una,NATCHL-104889,• tecnología HD avanzada | • disimula imperfecciones | • hace imperceptible el uso del maquillaje en videos o fotos | • con vitamina E y antioxidantes | • ayuda a prevenir los signos de estrés en la piel | • posee pigmentos recubiertos con alta afinidad con la piel | • garantizando color duradero | • protege contra los daños causados por la luz azul | • cobertura: alta | • probado dermatológicamente | • cruelty free | • textura: líquida y ligera | • tipo de tratamiento: antiedad | • zona de aplicación: rostro,https://www.natura.cl/p/una-repuesto-base-hd-35q-35c/NATCHL-104889
Rubor Intense Me Una,NATCHL-75242,"• producto con recarga (refil) | • cruelty free | • apto para todo tipo de piel | • aspecto de piel saludable | • coloración uniforme, delicada y sofisticada | • tecnología de partículas: pigmentos multidimensionales que se fusionan con la piel para una mayor adherencia | • cobertura alta | • dermatológicamente testado | • textura ultrafina | • zona de aplicación: rostro",https://www.natura.cl/p/rubor-intense-me-una--coral-perlado-6-g/NATCHL-75242
Base Fluida Hd,NATCHL-107759,• acabado ligero y uniforme | • fórmula ultrafluida de larga duración | • acción antiedad | • alta definición por hasta 24 horas | • enriquecida con activos de hidratación inmediata | • disimula imperfecciones | • efecto antiestrés | • con Complejo Antioxidante | • combate los radicales libres | • previene el envejecimiento prematuro de la piel | • uniformiza la textura de la piel | • ahora con repuesto y 24 tonos | • llena el envase con tu tono preferido | • para todo tipo de piel,https://www.natura.cl/p/base-fluida-hd-32c-30ml/NATCHL-107759
"Delineador líquido para ojos Faces 2,5 ml",NATCHL-118449,• color intenso | • pincel con aplicador preciso | • color desde la primera aplicación | • perfecto para cualquier look | • fácil de aplicar | • vegano | • cruelty free | • oftalmológicamente testado,https://www.natura.cl/p/delineador-liquido-para-ojos-faces-25-ml/NATCHL-118449
Base Líquida HD Una,NATCHL-191638,"acabado natural impecable con poderosa acción antiseñales.• 24 horas de duración e hidratación • 100% aprobada por consumidoras • menos 9% arrugas y líneas en 4 semanas • textura ligera y aterciopelada que se funde perfectamente con la piel • base con cobertura alta y alta definición • piel uniforme e imperceptible a simple vista • poderosa acción antiseñales con retinol, péptidos y bioactivo, que provoca una verdadera transformación de tu piel. contiene 1 frasco de vidrio vacío con capacidad de 30 ml y 1 repuesto de 30 ml con base en el color seleccionado.",https://www.natura.cl/p/base-liquida-hd-una-30-ml/NATCHL-191638
Regalo Humor Beijos Masculino,NATCHL-225779,"regala una fragancia irreverente y llamativa.• ideal para hombres espontáneos y entretenidos • mezcla apasionante de especias cálidas, ciruela y un toque cremoso de cacao • fragancia que despierta la atracción y entrega momentos llenos de amor y Humor. contiene 1 eau de toilette masculino 75 ml jabones en barra 2 unidades de 90 g c/u 1 bolsa de regalo",https://www.natura.cl/p/regalo-humor-beijos-masculino/NATCHL-225779
Regalo Humor de Mi Vida Rutina,NATCHL-225750,"una fragancia para disfrutar la vida y salir contagiando tu humor.• Humor da Minha Vida trae la dulzura y el encanto de la manzana de amor caramelizada • la fragancia gana potencia con toques burbujeantes de cítricos y especias en un fondo ambarado dulce • una combinación irreverente, enriquecida con acordes únicos de la priprioca, ingrediente natural de la biodiversidad brasileña • el regalo incluye un hidratante corporal con textura ligera y sorprendente. contiene 1 eau de toilette femenino 75 ml 1 hidratante corporal 120 ml 1 bolsa de regalo",https://www.natura.cl/p/regalo-humor-de-mi-vida-rutina/NATCHL-225750
Regalo Pareja Humor a Dois,NATCHL-225759,"presente que te invita a llevar la vida con más humor.el regalo Natura Humor a Dois Masculino viene con 2 unidades de fragancia amaderada cítrica moderada. perfumación provocativa, con el contraste de notas frescas con picantes. contiene 2 eau de toilette masculino 75 ml 1 bolsa de regalo",https://www.natura.cl/p/regalo-pareja-humor-a-dois/NATCHL-225759
Regalo Ilía Clásico,NATCHL-225751,una fragancia floral envolvente y femenina para inspirar a mujeres de actitud.• combina notas florales y amaderadas • traduce la esencia de una feminidad auténtica y elegante. contiene 1 eau de toilette 50 ml 1 hidratante corporal 80 ml,https://www.natura.cl/p/regalo-ilia-clasico/NATCHL-225751
Base Líquida HD Una,NATCHL-191619,"acabado natural impecable con poderosa acción antiseñales.• 24 horas de duración e hidratación • 100% aprobada por consumidoras • menos 9% arrugas y líneas en 4 semanas • textura ligera y aterciopelada que se funde perfectamente con la piel • base con cobertura alta y alta definición • piel uniforme e imperceptible a simple vista • poderosa acción antiseñales con retinol, péptidos y bioactivo, que provoca una verdadera transformación de tu piel. contiene 1 frasco de vidrio vacío con capacidad de 30 ml y 1 repuesto de 30 ml con base en el color seleccionado.",https://www.natura.cl/p/base-liquida-hd-una-30-ml/NATCHL-191619
Base Líquida HD Una,NATCHL-191622,"acabado natural impecable con poderosa acción antiseñales.• 24 horas de duración e hidratación • 100% aprobada por consumidoras • menos 9% arrugas y líneas en 4 semanas • textura ligera y aterciopelada que se funde perfectamente con la piel • base con cobertura alta y alta definición • piel uniforme e imperceptible a simple vista • poderosa acción antiseñales con retinol, péptidos y bioactivo, que provoca una verdadera transformación de tu piel. contiene 1 frasco de vidrio vacío con capacidad de 30 ml y 1 repuesto de 30 ml con base en el color seleccionado.",https://www.natura.cl/p/base-liquida-hd-una-30-ml/NATCHL-191622
Regalo Homem Rutina Barba,NATCHL-225770,cuidado completo para la barba del hombre.• crema de afeitar hidrata profundamente y previene irritaciones en la piel • facilita el deslizamiento de la cuchilla • fortalece la piel • rápida absorción • sin aspecto graso • bálsamo post barba ayuda a prevenir los microdaños causados por la máquina de afeitar • productos con tecnología DermoTech: cuida y fortalece la piel. contiene 1 crema de afeitar multifuncional 75 ml 1 bálsamo post barba 75 ml,https://www.natura.cl/p/regalo-homem-rutina-barba/NATCHL-225770
Regalo Ekos Pitanga Preta Ritual,NATCHL-225762,"piel limpia, hidratada y perfumada con fragancia vibrante y colorida.• piel restaurada e intensamente nutrida • perfuma el cuerpo • enriquecido con aceite esencial 100% natural extraído de las hojas del árbol de pitanga • base vegetal biocompatible con la piel • altamente biodegradable. contiene 1 pulpa hidratante corporal pitanga preta 250 ml 1 pulpa hidratante para manos pitanga preta 40 g 1 caja con jabones en barra puro vegetal surtidos pitanga preta 4 unidades de 25 g c/u 1 bolsa de regalo",https://www.natura.cl/p/regalo-ekos-pitanga-preta-ritual/NATCHL-225762
Repuesto Base Fluida Hd Una,NATCHL-104875,• tecnología HD avanzada | • disimula imperfecciones | • hace imperceptible el uso del maquillaje en videos o fotos | • con vitamina E y antioxidantes | • ayuda a prevenir los signos de estrés en la piel | • posee pigmentos recubiertos con alta afinidad con la piel | • garantizando color duradero | • protege contra los daños causados por la luz azul | • cobertura: alta | • probado dermatológicamente | • cruelty free | • textura: líquida y ligera | • tipo de tratamiento: antiedad | • zona de aplicación: rostro,https://www.natura.cl/p/repuesto-base-fluida-hd-19n/NATCHL-104875
Corrector checkmatte Faces,NATCHL-116689,"alta cobertura y protección con vitamina E antioxidanteCorrector checkmatte Faces 15N Un corrector de alta cobertura, acabado natural, textura liviana y larga duración. Producto vegano, no testeado en animales y con ingredientes seguros.Contenido5,5 gSobre la línea Faces:Faces es una marca de belleza urbana para cuidarse, inventarse y reinventarse. Da color y valentía, para expresar tu belleza del espejo hacia adentro y de la puerta hacia afuera. Y salir a la calle con actitudes positivas, que se reflejan en el próximo y en el alrededor. Faces se trata de una belleza evidente. Con una mirada m",https://www.natura.cl/p/corrector-checkmatte-faces-15n-10-g/NATCHL-116689
Varilla para Difusor de Ambientes,NATCHL-180820,"completa tu difusor de ambientesestas varillas absorben y liberan la fragancia de forma continua, garantizando un ambiente siempre perfumado y acogedor.",https://www.natura.cl/p/varilla-para-difusor-de-ambientes/NATCHL-180820
Repuesto sombras Studio Palette Una,NATCHL-106134,"• alta pigmentación y fijación | • nuevo refil14 opciones de colores | • multifuncionales: pueden usarse en ojos, cejas y rostro | • fáciles de difuminar | • variedad de acabados",https://www.natura.cl/p/repuestos-sombras-studio-palette-una-azul-metalico-2-g/NATCHL-106134
"Delineador De Cejas En Fibra Una 1,1Ml",NATCHL-17042,"• definición precisa | • punta fina que permite dibujar trazos delgados y naturales | • larga duración | • fórmula resistente al agua y al sudor | • acabado natural | • rellena y define las cejas con una apariencia suave y sin imperfecciones | • aplicación práctica y rápida para un look impecable | • producto vegano | • fórmula libre de ingredientes de origen animal | • cepillo de fibra en forma de micropeine que ofrece 4 veces más definición al trazo | • tecnología de partículas | • desarrollado con la concentración ideal de pigmentos para reproducir el vello de forma natural, con una duració",https://www.natura.cl/p/delineador-de-cejas-en-fibra-una-tono-castano-claro-11-ml/NATCHL-17042
Kit Ritual Anticansancio Ekos Andiroba,NATCHL-211865,"No incluye bolsa• nuevo Ekos Andiroba, misma fragancia y textura, más potencia para tu piel • jabón con espuma cremosa que limpia y masajea la piel sin resecar • exfoliante que calienta la piel en contacto con el agua, auxiliando en la relajación de las tensiones diarias • pulpa para el cuerpo que promueve hasta 72 horas de hidratación, alivia la sensación de cansancio y la hinchazón en el cuerpo • perfuma la piel con notas verdes y frescas. contiene 1 caja de jabones en barra masajeadores puro vegetal con 2 unidades de 100 gramos cada uno. 1 exfoliante térmico relajante 100 g 1 pulpa hidratan",https://www.natura.cl/p/kit-ritual-anticansancio-ekos-andiroba/NATCHL-211865
Jabón en Barra Puro Vegetal Exfoliante Ekos,NATCHL-129797,"piel limpia y protegida con la potencia de los activos amazónicos.• limpia sin resecar • jabón exfoliante que ayuda a renovar la piel • 4 fragancias deliciosas para perfumar el cuerpo • jabones veganos que mantienen la hidratación natural de la piel • hechos con aceites de la biodiversidad brasileña • la línea Ekos contribuye a la regeneración de la selva y ayuda a fortalecer los ingresos de familias guardianas de la Amazonía contiene caja con 4 jabones en barra de 100 gramos cada uno, siendo 1 castaña, 1 maracuyá, 1 açaí y 1 andiroba • 97% de origen natural.",https://www.natura.cl/p/jabon-en-barra-puro-vegetal-exfoliante-ekos-4-un-de-100-g/NATCHL-129797
Base Líquida HD Una,NATCHL-191623,"acabado natural impecable con poderosa acción antiseñales.• 24 horas de duración e hidratación • 100% aprobada por consumidoras • menos 9% arrugas y líneas en 4 semanas • textura ligera y aterciopelada que se funde perfectamente con la piel • base con cobertura alta y alta definición • piel uniforme e imperceptible a simple vista • poderosa acción antiseñales con retinol, péptidos y bioactivo, que provoca una verdadera transformación de tu piel. contiene 1 frasco de vidrio vacío con capacidad de 30 ml y 1 repuesto de 30 ml con base en el color seleccionado.",https://www.natura.cl/p/base-liquida-hd-una-30-ml/NATCHL-191623
"Delineador líquido para ojos Faces 2,5 ml",NATCHL-118448,• color intenso | • pincel con aplicador preciso | • color desde la primera aplicación | • perfecto para cualquier look | • fácil de aplicar | • vegano | • cruelty free | • oftalmológicamente testado,https://www.natura.cl/p/delineador-liquido-para-ojos-faces-25-ml/NATCHL-118448
Regalo Dúo Humor Beijos Masculino,NATCHL-225780,"regala una fragancia irreverente y llamativa.• ideal para hombres espontáneos y entretenidos • mezcla apasionante de especias cálidas, ciruela y un toque cremoso de cacao • fragancia que despierta la atracción y entrega momentos llenos de amor y Humor. contiene 1 eau de toilette masculino 75 ml 1 bolsa de regalo",https://www.natura.cl/p/regalo-duo-humor-beijos-masculino/NATCHL-225780
Regalo Pareja Humor a Dois y da Minha Vida,NATCHL-225755,"fragancias para usar en pareja y salir esparciendo buen humor.femenino: frutal floral. manzana caramelizada, bergamota, pimienta rosa masculino: amaderado cítrico. vetiver, bergamota, pimienta negra. contiene 1 eau de toilette femenino 75 ml 1 eau de toilette masculino 75 ml 1 bolsa de regalo",https://www.natura.cl/p/regalo-pareja-humor-a-dois-y-da-minha-vida/NATCHL-225755
Regalo Humor de Mi Vida,NATCHL-225748,"una fragancia para disfrutar la vida y salir esparciendo tu humor.• Humor da Minha Vida trae la dulzura y el encanto de la manzana caramelizada • la fragancia gana potencia con toques burbujeantes de cítricos y especias en un fondo ambarado dulce • una combinación irreverente, enriquecida con acordes únicos de priprioca, ingrediente natural de la biodiversidad brasileña • el regalo incluye un hidratante corporal con textura ligera y sorprendente. contiene 1 eau de toilette femenino 25 ml 1 hidratante corporal 120 ml 1 bolsa de regalo",https://www.natura.cl/p/regalo-humor-de-mi-vida/NATCHL-225748
Eau De Toilette Femenino Kaiak Aventura 25 ml,NATCHL-181130,"siente la agitación de los rápidos.• combinación perfecta entre agua, sol y selva • notas acuosas y verdes se unen a la vibración floral del muguet y del jazmín con el calor acogedor del musk • mucha energía para acompañar tu día a día lleno de aventura • proporciona frescura y bienestar • 70% del envase hecho con plástico reciclado • perfume con activo desodorante, ideal para el uso diario • contiene hasta 30% de vidrio reciclado.",https://www.natura.cl/p/eau-de-toilette-femenino-kaiak-aventura-25-ml/NATCHL-181130
Aceite Monofásico Ekos Pitanga Negra,NATCHL-206747,"piel iluminada, protegida y perfumada con la fragancia de pitanga negra.• deja la piel perfumada, protegida e iluminada • promueve brillo inmediato para la piel • hecho con aceite esencial de pitanga",https://www.natura.cl/p/aceite-monofasico-ekos-pitanga-negra-100-ml/NATCHL-206747
N/A,NATCHL-180480,No disponible,https://www.natura.cl/p//NATCHL-180480
Neceser Creer Para Ver,NATCHL-251500,"un accesorio para elevar la sofisticación y la practicidad de tu día a día.• neceser con asa de transporte que facilita llevarlo a donde vayas • compacto, cabe fácilmente en la cartera, mochila o maleta • espacioso: permite guardar diversos artículos • dos compartimentos internos y un bolsillo adicional en el costado interior para una mejor organización • con cierre de cremallera y detalles dorados en el tirador del cierre y en el logotipo frontal, aportando un toque elegante • 100% de lo recaudado se destina a mejorar la educación nacional",https://www.natura.cl/p/-neceser-creer-para-ver/NATCHL-251500
Eau de Toilette Masculino Beijo de Humor 75ml,NATCHL-1921,"• fragancia ligera y relajada | • combinación vibrante de notas amaderadas y cálidas | • ingredientes de la biodiversidad amazónica | • aroma de larga duración | • Ideal para ocasiones casuales y momentos relajados | • notas de salida (topo): piña, cardamomo, nuez moscada, manzana, lavanda, mandarina, canela, priprioca* | • notas de corazón (cuerpo): jazmín, geranio, ciruela | • notas de fondo (base): sándalo, cashmeran, musgo, patchouli, acorde “calienta el beso”, haba tonka, cacao, cumarú* | • concentración: deo colonia | • familia olfativa: amaderada | • subfamilia: frutal | • apto para: us",https://www.natura.cl/p/humor-beijos-edt-masculino-75ml/NATCHL-1921
Crema para Peinar Tododia Cabello Rizado,NATCHL-173581,"• tipo de cabello: rizado y crespo | • tecnología prebiótica | • fórmula que fortalece y evita la rotura al peinar | • rizos más definidos, con brillo y movimiento | • fragancia deliciosa con notas florales y de mora | • disponible en repuesto | • cruelty free | • vegano",https://www.natura.cl/p/crema-para-peinar-cabello-rizado-rizos/NATCHL-173581
Repuesto Base Fluida Hd Una,NATCHL-104873,• tecnología HD avanzada | • disimula imperfecciones | • hace imperceptible el uso del maquillaje en videos o fotos | • con vitamina E y antioxidantes | • ayuda a prevenir los signos de estrés en la piel | • posee pigmentos recubiertos con alta afinidad con la piel | • garantizando color duradero | • protege contra los daños causados por la luz azul | • cobertura: alta | • probado dermatológicamente | • cruelty free | • textura: líquida y ligera | • tipo de tratamiento: antiedad | • zona de aplicación: rostro,https://www.natura.cl/p/repuesto-base-fluida-hd--10n/NATCHL-104873
Polvo Compacto Faces,NATCHL-8885,"• ideal para quienes buscan una piel con acabado mate y sin brillo durante todo el día | • su fórmula ligera y fácil de aplicar | • unifica el tono de la piel, | • controla la oleosidad | • proporciona un efecto mate natural y saludable | • perfecto para retoques rápidos | • se adapta a diferentes tonos de piel | • disimula las imperfecciones | • ofreciendo una cobertura suave y confortable | • compacto y práctico | • fácil de llevar en la cartera",https://www.natura.cl/p/polvo-compacto-faces-castano-20-65g/NATCHL-8885
Blush Stick Una 6 g,NATCHL-170504,• formato que facilita la aplicación y el transporte | • producto multiusos para un maquillaje práctico | • acción antioxidante que combate los radicales libres e hidrata la piel | • se extiende fácilmente y garantiza mayor fijación | • alta pigmentación | • textura aterciopelada | • micropérolas que garantizan una piel con efecto saludable y radiante | • piel naturalmente iluminada | • permite construir capas | • edición especial | • cabe en el bolso,https://www.natura.cl/p/blush-stick-una-6-g/NATCHL-170504
Labial extremo confort Una Violeta 8C,NATCHL-168348,"Labial extremo confort Una Violeta 8C24h de hidratación, color intenso y confort. Textura ultra cremosa con alta pigmentación y acabado satinado.Labios protegidos con SPF 25 e hidratados por 24 horas con manteca de Tukumã. VITAMINA E: Protege contra los radicales libres previniendo el envejecimiento de los labios.MANTECA DE TUKUMÁ: Estimula la producción de hasta un 77%* de ácido hialurónico, favoreciendo la hidratación de adentro hacia afuera. Contenido3,8 gSobre la línea UnaNatura UNA es una línea premium y sofisticada de maquillaje, que despierta el placer por los sentidos. Uniendo performa",https://www.natura.cl/p/labial-extremo-confort-una-violeta-8c-38-g/NATCHL-168348
Base Fluida Hd,NATCHL-107773,• acabado ligero y uniforme | • fórmula ultrafluida de larga duración | • acción antiedad | • alta definición por hasta 24 horas | • enriquecida con activos de hidratación inmediata | • disimula imperfecciones | • efecto antiestrés | • con Complejo Antioxidante | • combate los radicales libres | • previene el envejecimiento prematuro de la piel | • uniformiza la textura de la piel | • ahora con repuesto y 24 tonos | • llena el envase con tu tono preferido | • para todo tipo de piel,https://www.natura.cl/p/base-fluida-hd-19n-30ml/NATCHL-107773
Labial Hidra Faces,NATCHL-6585,"• la calidad que ya conoces, ahora con Faces | • labiales con colores vivos e intensos para usar, mezclar y atreverte | • fórmula ultracremosa | • hidrata de inmediato, dejando los labios suaves durante todo el día | • contiene manteca de cacao y protección FPS 8",https://www.natura.cl/p/labial-hidra-pink-135-faces-35-g/NATCHL-6585
Frescor Castaña Eau de Toilette Ekos 150ml,NATCHL-73572,"fragancia envolvente y acogedora como la brisa cálida que permea la selva.• perfumación envolvente y acogedora • las notas dulces y almendradas de la castaña se unen al toque fresco de las notas cítricas • fragancia que transmite una deliciosa sensación de calor y frescura • eau de toilette enriquecido con aromático 100% natural, extraído del castaño, árbol nativo de la Amazonía • la línea Ekos Castaña contribuye a la regeneración de la Amazonía y ayuda a fortalecer los ingresos de 689 familias guardianas de la selva vinculadas a la cosecha sustentable• 97% de origen natural.",https://www.natura.cl/p/ekos-frescor-castana-150-ml/NATCHL-73572
Crema manteca corporal perfumada Tododia Cereza y Avellana,NATCHL-174612,"recuperación intensa y piel más firme y perfumada.• restaurayhidrata hasta las capas más profundas de la piel • fórmula rica en mantecas y aceites naturales • forma una película protectora • puede usarse en las zonas más resecas, como talones y codos • fácil de extender, con toque seco y rápida absorción • piel profundamente hidratada, más firme, suave y perfumada • manteca de cacao, prebiótico y aceite de linaza: poderosa combinación de ingredientes naturales que hidrata hasta las capas más profundas • fragancia atractiva y distintiva con notas dulces frutales.",https://www.natura.cl/p/crema-manteca-corporal-perfumada-tododia-cereza-y-avellana-200ml/NATCHL-174612
Frescor Maracuyá Eau de Toilette Ekos 150ml,NATCHL-73574,"fragancia encantadora y refrescante como un descanso en el vaivén de una hamaca.• destaca el ácido dulce del maracuyá en contraste con el confort de las notas de musk y maderas • eau de toilette con ingrediente natural de la biodiversidad brasileña, extraído de la pulpa del maracuyá • la línea Ekos Maracuyá fortalece los ingresos de 876 familias guardianas de la Amazonía• 97% de origen natural.",https://www.natura.cl/p/ekos-frescor-maracuya-150-ml/NATCHL-73574
Frescor Pitanga Preta Eau de Toilette Ekos 150ml,NATCHL-73575,"la fragancia vibrante y colorida de Pitanga Preta para tus días.• notas de pitanga preta conviven con flores coloridas y reciben un toque de notas amaderadas • transmite una deliciosa sensación de calor y frescura • con ingrediente natural inédito, extraído de las hojas del pitanguero • la línea Ekos Pitanga Preta contribuye a la regeneración de la Amazonía y ayuda a fortalecer los ingresos de familias guardianas de la selva vinculadas a la cosecha sustentable• 97% de origen natural.",https://www.natura.cl/p/ekos-frescor-pitanga-preta-150-ml/NATCHL-73575
Base Líquida HD Una,NATCHL-191634,"acabado natural impecable con poderosa acción antiseñales.• 24 horas de duración e hidratación • 100% aprobada por consumidoras • menos 9% arrugas y líneas en 4 semanas • textura ligera y aterciopelada que se funde perfectamente con la piel • base con cobertura alta y alta definición • piel uniforme e imperceptible a simple vista • poderosa acción antiseñales con retinol, péptidos y bioactivo, que provoca una verdadera transformación de tu piel. contiene 1 frasco de vidrio vacío con capacidad de 30 ml y 1 repuesto de 30 ml con base en el color seleccionado.",https://www.natura.cl/p/base-liquida-hd-una-30-ml/NATCHL-191634
Leave-in Densificador Antiseñales Regenerador Capilar Lumina,NATCHL-176398,"reemplaza proteínas y aminoácidos para combatir el afinamiento y recuperar la densidad del cabello.• cabellos más gruesos y 100% alineados por 24 horas • el doble de brillo • ofrece protección térmica • fórmula con Tecnología Bioproteína Triple Acción + Complejo de Colágeno y Biopeptidos: trata los signos de fragilidad, aspereza y porosidad de los cabellos canosos, redensifica los cabellos mediante la reposición de proteínas y aminoácidos perdidos con el envejecimiento • nueva fragancia con bergamota, fresia y sándalo. beneficios con el uso de la línea completa: • previene y revierte la aparic",https://www.natura.cl/p/leave-in-densificador-antisenales-regenerador-capilar-lumina-150ml/NATCHL-176398
Regalo Águas Lírio,NATCHL-225776,"• floral cítrico • lirio, lima, pomelo contiene 1 colonia Águas Lirios 150 ml 1 bolsa de regalo",https://www.natura.cl/p/regalo-aguas-lirio/NATCHL-225776
Regalo Humor Beijos Femenino,NATCHL-225772,"protege y perfuma con una fragancia divertida y llamativa.• combina ligereza, irreverencia y un toque de seducción • fragancia con notas de ciruela, el calor del sándalo y un toque cremoso de cacao • desodorante corporal que protege contra los olores de la transpiración y mantiene la hidratación natural de la piel • perfumación para todo el cuerpo. contiene 1 eau de toilette femenino 75 ml 1 desodorante corporal femenino 100 ml 1 bolsa de regalo",https://www.natura.cl/p/regalo-humor-beijos-femenino/NATCHL-225772
Regalo Set Abrazos Perfumados (3 aguas de colonia para bebé),NATCHL-212713,regalo con las colonias más amadas de Mamá y bebé.• 3 fragancias suaves y delicadas • el trío de colonias aporta un toque de frescura y bienestar para el día a día del bebé • con fórmulas seguras y aprobadas por pediatras para usar desde el primer día de vida. contiene 1 agua de colonia clásica 50 ml 1 agua de colonia relajante 50 ml 1 agua de colonia flor de naranjo 50 ml 1 caja de regalo,https://www.natura.cl/p/regalo-set-abrazos-perfumados-3-aguas-de-colonia-para-bebe/NATCHL-212713
Regalo Humor a Dois,NATCHL-225756,"regalo que te invita a llevar la vida con más humor.el regalo Natura Humor a Dois Masculino viene con 2 productos de fragancia amaderada moderada. un dúo que promueve limpieza del cuerpo, cabello y barba. además de una perfumación provocativa, con el contraste de notas frescas con picantes. contiene 1 eau de toilette masculino 25 ml 1 shampoo 3 en 1 masculino 100 ml 1 bolsa de regalo",https://www.natura.cl/p/regalo-humor-a-dois/NATCHL-225756
Regalo Kaiak Vital Femenino,NATCHL-225773,"revitalízate con la energía del mar.• combina notas de algas marinas, limón, pomelo, pitanga contiene caja exclusiva con: 1 eau de toilette 25 ml 1 hidratante corporal 80 ml",https://www.natura.cl/p/regalo-kaiak-vital-femenino/NATCHL-225773
Base Stick FPS 50 Una,NATCHL-181509,base cremosa en formato stick con FPS 50 y ácido hialurónico.• hidrata la piel de forma inmediata y duradera • acabado natural y cobertura de leve a media • eficacia comprobada • larga duración de 24 horas • indicada para piel mixta a seca • formato stick fácil de aplicar y de difuminar • protege la piel de los daños causados por el sol • también puede usarse como contorno.,https://www.natura.cl/p/base-stick-fps-50-una-12-g/NATCHL-181509
Kit Una Cejas perfectas,NATCHL-199063,"No lncluye bolsaKit Una Cejas perfectasDefinición y volumen.Dibuja los pelos de forma precisa y natural con efecto microblading.Nutré y da volumen con el sérum Extremific, para cejas 2 veces más rellenas. Textura gel con toque seco.Contenido1 Lápiz retráctil para cejas Una castaño oscuro - 250 mg1 Sérum para cejas Extremific Una - 4 g Sobre la línea UnaNatura UNA es una línea premium y sofisticada de maquillaje, que despierta el placer por los sentidos. Uniendo performance y tecnología con ingredientes naturales que cuidan la piel de una manera única y que buscan resultados profesionales.",https://www.natura.cl/p/kit-una-cejas-perfectas/NATCHL-199063
blush líquido radiance Una,NATCHL-205322,"rubor líquido con acabado radiante y 100% de hidratación de la piel.• con tecnología de partículas, ácido hialurónico y bioactivo • su fórmula promueve hidratación inmediata y por hasta 12 horas • más 63% de hidratación en la piel • rubor con efecto natural y acabado radiante • textura fácil de esparcir que se funde a la piel.",https://www.natura.cl/p/rubor-liquido-radiance-una-5-ml/NATCHL-205322
Regalo Homem Rutina Cabello,NATCHL-225769,"cuidado completo para el cabello del hombre.• shampoo deja el cabello con aspecto saludable • fácil de esparcir, con espuma abundante • frescura y cuidado para tu cabello • fórmula práctica que limpia y acondiciona sin apelmazar • pomada modela los mechones como quieras, de forma práctica y con alta fijación • efecto mate y fácil de esparcir • no deja residuos en el cabello • desodorante tiene una duración de 72 hrs de protección • no mancha las ropas claras ni oscuras. contiene 1 shampoo 2 en 1 300 ml 1 pomada modeladora capilar 100 g 1 desodorante antitranspirante roll-on con aroma 75 ml 1 b",https://www.natura.cl/p/regalo-homem-rutina-cabello/NATCHL-225769
Regalo Una Dúo Radiante con Blush Rosa,NATCHL-225786,"maquillaje con tratamiento de skincare.• gloss que da volumen a los labios con acción refrescante • brillo sofisticado • textura cómoda y no pegajosa, que se desliza fácilmente por los labios sin correrse • con ácido hialurónico, escualano y bioactivos: hidratan y, con el uso continuo, aumentan el volumen natural de los labios • blush con alta pigmentación, textura cremosa y acabado luminoso • un producto multifuncional que se puede usar como blush y sombra. contiene 1 rubor líquido cushion 10 g – color rosa 1 gloss labial de volumen inmediato incoloro 5 ml",https://www.natura.cl/p/regalo-una-duo-radiante-con-blush-rosa/NATCHL-225786
Sérum Nocturno Nutritivo Ekos Murumuru,NATCHL-112892,"reconstrucción del cabello desde la raíz con la potencia antidaños del murumuru.• aumenta la producción de queratina • reposición de nutrientes • reconstrucción del cabello desde la raíz, haciendo que la fibra capilar nazca más preparada contra agresiones externas • cabellos más saludables, naciendo con mejor textura • hecho con manteca bruta de murumuru • la línea Ekos Murumuru contribuye a la regeneración de la Amazonía y ayuda a fortalecer los ingresos de 2049 familias guardianas de la selva vinculadas a la cosecha sustentable• 97% de origen natural.",https://www.natura.cl/p/serum-nocturno-nutritivo-ekos-murumuru-30-ml/NATCHL-112892
"Repuesto Polvo Compacto Faces 6,5g",NATCHL-9149,• probado dermatológicamente | • uniformiza el tono de la piel | • reduce el brillo causado por la oleosidad | • disimula imperfecciones | • efecto: mate | • edad sugerida: a partir de 18 años | • cruelty free | • textura: ligera | • zona de aplicación: rostro,https://www.natura.cl/p/repuesto-polvo-compacto-faces-65g/NATCHL-9149
Repuesto Base Fluida Hd Una,NATCHL-104886,• tecnología HD avanzada | • disimula imperfecciones | • hace imperceptible el uso del maquillaje en videos o fotos | • con vitamina E y antioxidantes | • ayuda a prevenir los signos de estrés en la piel | • posee pigmentos recubiertos con alta afinidad con la piel | • garantizando color duradero | • protege contra los daños causados por la luz azul | • cobertura: alta | • probado dermatológicamente | • cruelty free | • textura: líquida y ligera | • tipo de tratamiento: antiedad | • zona de aplicación: rostro,https://www.natura.cl/p/una-repuesto-base-hd-32q-32c/NATCHL-104886
Repuesto sombras Studio Palette Una,NATCHL-106131,"• alta pigmentación y fijación | • nuevo refil14 opciones de colores | • multifuncionales: pueden usarse en ojos, cejas y rostro | • fáciles de difuminar | • variedad de acabados",https://www.natura.cl/p/repuestos-sombras-studio-palette-una-marsala-matte-2-g/NATCHL-106131
Regalo Una Rostro,NATCHL-225787,"duo para una piel con toque aterciopelado y luminosa.• primer que promueve un desenfoque inmediato de imperfecciones con efecto matte • la fórmula aterciopelada forma una película sobre la piel, uniformando la textura y prolongando la duración del maquillaje • piel sequita con acabado soft matte • iluminador universal que se adapta a todos los tonos de piel • contiene micropartículas doradas que se funden con la piel y garantizan una luminosidad instantánea y sofisticada • su uso es para la piel del rostro o del cuerpo, de forma seca o mojada, potenciando aún más la intensidad del brillo. cont",https://www.natura.cl/p/regalo-una-rostro/NATCHL-225787
Gloss Labial Fps 15,NATCHL-92566,"• tus labios aún más deslumbrantes | • fórmula enriquecida que proporciona hidratación inmediata | • acabado luminoso, cómodo y sofisticado | • sin sensación pegajosa | • realza la belleza de los labios con colores sofisticados | • protege contra los daños causados por los rayos UV, gracias al FPS 15 | • ideal para uso diario | • perfecto para quienes buscan unir belleza y cuidado en un solo producto | • mantiene los labios suaves, protegidos y radiantes | • producto vegano: fórmula libre de ingredientes de origen animal",https://www.natura.cl/p/gloss-labial-fps-15-rosa-101-8g/NATCHL-92566
Labial extremo confort Una Rosa 2C,NATCHL-168346,"Labial extremo confort Una Rosa 2C24h de hidratación, color intenso y confort. Textura ultra cremosa con alta pigmentación y acabado satinado.Labios protegidos con SPF 25 e hidratados por 24 horas con manteca de Tukumã. VITAMINA E: Protege contra los radicales libres previniendo el envejecimiento de los labios.MANTECA DE TUKUMÁ: Estimula la producción de hasta un 77%* de ácido hialurónico, favoreciendo la hidratación de adentro hacia afuera. Contenido3,8 gSobre la línea UnaNatura UNA es una línea premium y sofisticada de maquillaje, que despierta el placer por los sentidos. Uniendo performance",https://www.natura.cl/p/labial-extremo-confort-una-rosa-2c-38-g/NATCHL-168346
"Sombra mono bright glam - 1,5 g",NATCHL-109151,"Sombra mono azul jou - 1,5 gSombra mono azul jou - 1,5 g0Sobre la línea Faces:Faces es una marca de belleza urbana para cuidarse, inventarse y reinventarse. Da color y valentía, para expresar tu belleza del espejo hacia adentro y de la puerta hacia afuera. Y salir a la calle con actitudes positivas, que se reflejan en el próximo y en el alrededor. Faces se trata de una belleza evidente. Con una mirada multilook, ofrece variedad, practicidad y versatilidad en productos que son 2 en 1, multibeneficios y que se pueden combinar entre sí. Para hacerlo todo a tu manera. Faces es la belleza que está ",https://www.natura.cl/p/sombra-mono-azul-jou-15-g/NATCHL-109151
Base Fluida Hd,NATCHL-107762,• acabado ligero y uniforme | • fórmula ultrafluida de larga duración | • acción antiedad | • alta definición por hasta 24 horas | • enriquecida con activos de hidratación inmediata | • disimula imperfecciones | • efecto antiestrés | • con Complejo Antioxidante | • combate los radicales libres | • previene el envejecimiento prematuro de la piel | • uniformiza la textura de la piel | • ahora con repuesto y 24 tonos | • llena el envase con tu tono preferido | • para todo tipo de piel,https://www.natura.cl/p/base-fluida-hd-35c-30ml/NATCHL-107762
Lápiz dúo para ojos negro y cejas,NATCHL-89381,• mirada impactante en dos pasos | • 2 en 1: definición y actitud en la mirada | • el trazo perfecto para cualquier expresión | • cobertura: alta | • dermatológicamente probado | • edad sugerida: a partir de los 18 años | • cruelty free | • textura: ultrasuave | • zona de aplicación: ojos,https://www.natura.cl/p/lapiz-duo-para-ojos-y-cejas-faces-marron-1-gr/NATCHL-89381
Shampoo Hidratación Manzana verde y Aloe Vera Tododia 300ml,NATCHL-154866,• fórmula ultraligera que purifica la raíz e hidrata hasta las puntas | • hidrata sin apelmazar | • fragancia fresca y delicada con notas de manzana verde | • limpia y equilibra | • cabello con movimiento | • limpieza eficaz que mantiene el cabello suelto por más tiempo | • cabello mucho más suelto | • tecnología probiótica que cuida desde la raíz hasta las puntas | • fórmula con 93% de ingredientes de origen natural | • apta para todo tipo de texturas y curvaturas | • recupera el cabello del desgaste diario,https://www.natura.cl/p/shampoo-hidratante-manzana-verde-y-aloe-vera-tododia-300-ml/NATCHL-154866
Polvo Compacto Faces,NATCHL-00052,"• ideal para quienes buscan una piel con acabado mate y sin brillo durante todo el día | • su fórmula ligera y fácil de aplicar | • unifica el tono de la piel, | • controla la oleosidad | • proporciona un efecto mate natural y saludable | • perfecto para retoques rápidos | • se adapta a diferentes tonos de piel | • disimula las imperfecciones | • ofreciendo una cobertura suave y confortable | • compacto y práctico | • fácil de llevar en la cartera",https://www.natura.cl/p/polvo-compacto-faces-65g/NATCHL-00052
Jabón en Barra Puro Vegetal Cremoso y Exfoliante Ekos,NATCHL-134574,"piel limpia y protegida con la potencia de los activos amazónicos.• jabón cremoso que limpia sin resecar • jabón exfoliante que ayuda a renovar la piel • 4 fragancias deliciosas para perfumar el cuerpo • jabones veganos que mantienen la hidratación natural de la piel • hechos con aceites de la biodiversidad brasileña • la línea Ekos contribuye a la regeneración de la selva y ayuda a fortalecer los ingresos de las familias guardianas de la Amazonía • 97% de origen natural. contiene caja con 4 jabones en barra de 100 gramos cada uno, siendo 1 de castaña, 1 de maracuyá, 1 de açaí y 1 de andiroba",https://www.natura.cl/p/jabon-en-barra-puro-vegetal-cremoso-y-exfoliante-ekos-4-un-de-100-g/NATCHL-134574
Base Líquida HD Una,NATCHL-191620,"acabado natural impecable con poderosa acción antiseñales.• 24 horas de duración e hidratación • 100% aprobada por consumidoras • menos 9% arrugas y líneas en 4 semanas • textura ligera y aterciopelada que se funde perfectamente con la piel • base con cobertura alta y alta definición • piel uniforme e imperceptible a simple vista • poderosa acción antiseñales con retinol, péptidos y bioactivo, que provoca una verdadera transformación de tu piel. contiene 1 frasco de vidrio vacío con capacidad de 30 ml y 1 repuesto de 30 ml con base en el color seleccionado.",https://www.natura.cl/p/base-liquida-hd-una-30-ml/NATCHL-191620
Base Stick FPS 50 Una,NATCHL-181513,base cremosa en formato stick con FPS 50 y ácido hialurónico.• hidrata la piel de forma inmediata y duradera • acabado natural y cobertura de leve a media • eficacia comprobada • larga duración de 24 horas • indicada para piel mixta a seca • formato stick fácil de aplicar y de difuminar • protege la piel de los daños causados por el sol • también puede usarse como contorno.,https://www.natura.cl/p/base-stick-fps-50-una-12-g/NATCHL-181513
Regalo Kaiak Vital Masculino,NATCHL-225781,"siente la fuerza revitalizante.• Kaiak Vital Masculino es la expresión de potencia y recarga de energía • del encuentro con el mar nace una frescura renovadora en una fragancia única que activa los sentidos y nos hace sentir vivos • combina algas marinas, jengibre, acorde marino y pimienta contiene caja exclusiva con: 1 eau de toilette 25 ml 1 shampoo 80 ml",https://www.natura.cl/p/regalo-kaiak-vital-masculino/NATCHL-225781
Tododia Fresa y Vainilla Dorada Kit regular y repuesto,NATCHL-250278,"hidratación profunda con una nueva fragancia envolvente• combinación equilibrada de ingredientes naturales • nutrición prebiótica que se adapta a lo que tu piel necesita cada día • crea una barrera de protección • deja la piel fuerte y protegida contra los daños externos • estimula la producción de elastina • activa los mecanismos de hidratación • combate la resequedad de la piel, dejándola profundamente nutrida • acelera la renovación celular: piel saludable e iluminada • textura cremosa que se esparce fácilmente y se absorbe rápidamente • fragancia dulce floral con notas jugosas de frutilla,",https://www.natura.cl/p/tododia-fresa-y-vainilla-dorada-kit-regular-y-repuesto/NATCHL-250278
Regalo Humor On-line Masculino,NATCHL-225767,"trae esa emoción a tu día, despierta la excitación y provoca un torbellino de emociones positivas.• una fragancia innovadora con un contraste de notas cítricas y especias para celebrar la vida y desbordar el humor. • trae una combinación energética de pomelo y pimienta rosa, con un toque vibrante de pitanga, ingrediente de la biodiversidad brasileña. • refleja una personalidad divertida y conectada con lo mejor de la vida. contiene 1 eau de toilette masculino en línea 75 ml 1 bolsa de regalo",https://www.natura.cl/p/regalo-humor-on-line-masculino/NATCHL-225767
Regalo Dúo Humor Beijos Femenino,NATCHL-225774,"fragancia divertida y llamativa.• combina ligereza, irreverencia y un toque de seducción • fragancia con notas de ciruela, el calor del sándalo y un toque cremoso del cacao contiene 2 eau de toilette femenino 75 ml 1 bolsa de regalo",https://www.natura.cl/p/regalo-duo-humor-beijos-femenino/NATCHL-225774
Bolsa de Regalo Mediana,NATCHL-229884,bolsa de regalo medianaTamaño: 25 cm x 26 cm,https://www.natura.cl/p/bolsa-de-regalo-mediana/NATCHL-229884
Gloss Labial Fps 15,NATCHL-00014,"• tus labios aún más deslumbrantes | • fórmula enriquecida que proporciona hidratación inmediata | • acabado luminoso, cómodo y sofisticado | • sin sensación pegajosa | • realza la belleza de los labios con colores sofisticados | • protege contra los daños causados por los rayos UV, gracias al FPS 15 | • ideal para uso diario | • perfecto para quienes buscan unir belleza y cuidado en un solo producto | • mantiene los labios suaves, protegidos y radiantes | • producto vegano: fórmula libre de ingredientes de origen animal",https://www.natura.cl/p/gloss-labial-fps-15/NATCHL-00014
Base Líquida HD Una,NATCHL-191626,"acabado natural impecable con poderosa acción antiseñales.• 24 horas de duración e hidratación • 100% aprobada por consumidoras • menos 9% arrugas y líneas en 4 semanas • textura ligera y aterciopelada que se funde perfectamente con la piel • base con cobertura alta y alta definición • piel uniforme e imperceptible a simple vista • poderosa acción antiseñales con retinol, péptidos y bioactivo, que provoca una verdadera transformación de tu piel. contiene 1 frasco de vidrio vacío con capacidad de 30 ml y 1 repuesto de 30 ml con base en el color seleccionado.",https://www.natura.cl/p/base-liquida-hd-una-30-ml/NATCHL-191626
Base Líquida HD Una,NATCHL-191639,"acabado natural impecable con poderosa acción antiseñales.• 24 horas de duración e hidratación • 100% aprobada por consumidoras • menos 9% arrugas y líneas en 4 semanas • textura ligera y aterciopelada que se funde perfectamente con la piel • base con cobertura alta y alta definición • piel uniforme e imperceptible a simple vista • poderosa acción antiseñales con retinol, péptidos y bioactivo, que provoca una verdadera transformación de tu piel. contiene 1 frasco de vidrio vacío con capacidad de 30 ml y 1 repuesto de 30 ml con base en el color seleccionado.",https://www.natura.cl/p/base-liquida-hd-una-30-ml/NATCHL-191639
blush líquido radiance Una,NATCHL-205326,"rubor líquido con acabado radiante y 100% de hidratación de la piel.• con tecnología de partículas, ácido hialurónico y bioactivo • su fórmula promueve hidratación inmediata y por hasta 12 horas • más 63% de hidratación en la piel • blush con efecto natural y acabado radiante • textura fácil de esparcir que se funde a la piel.",https://www.natura.cl/p/rubor-liquido-radiance-una-5-ml/NATCHL-205326
Regalo Ekos Jabones,NATCHL-225784,"EKOS JABONES ENAMORADOS 2026 CHcontiene 1 caja con jabones en barra puro vegetal surtidos, 4 unidades de 90 g c/u 1 castaña 1 maracuyá 1 pitanga 1 ucuuba 1 bolsa de regalo",https://www.natura.cl/p/regalo-ekos-jabones/NATCHL-225784
Regalo Tododia Mango Rosa y Agua de Coco,NATCHL-235530,"piel limpia, hidratada y perfumada en el verano.• piel más firme y ultrasuave • nutrición prebiótica que se adapta a los cambios de tu piel • crema nutritiva con efecto refrescante: tecnología que calma y refresca la piel • recupera instantáneamente la piel de las agresiones del mar y la piscina • textura fácil de aplicar y se absorbe rápidamente • piel limpia y perfumada con la alegría del verano • limpieza suave que no agrede ni reseca • mantiene la hidratación natural de la piel • jabón con espuma cremosa y envolvente • baño revitalizante y deliciosa sensación de suavidad en la piel • body ",https://www.natura.cl/p/regalo-tododia-mango-rosa-y-agua-de-coco/NATCHL-235530
Blush Stick Una 6 g,No detectado,• formato que facilita la aplicación y el transporte | • producto multiusos para un maquillaje práctico | • acción antioxidante que combate los radicales libres e hidrata la piel | • se extiende fácilmente y garantiza mayor fijación | • alta pigmentación | • textura aterciopelada | • micropérolas que garantizan una piel con efecto saludable y radiante | • piel naturalmente iluminada | • permite construir capas | • edición especial | • cabe en el bolso,https://www.natura.cl/p/blush-stick-una-6-g/NATCHL-PADRE170503
Eau de Toilette unisex  Humor Transforma 75ml,NATCHL-122948,"• concentración: agua de colonia | • inspirada en las diferentes formas de existir y en el coraje de ser auténtico | • familia olfativa: amaderada | • contraste de priprioca con la calidez del cumarú | • notas de salida: pimienta timut, cardamomo, pomelo, bergamota, piña, pera, limón, nota acuosa y priprioca* | • notas de corazón: geranio, salvia, lavanda y violeta | • notas de fondo: ámbar, almizcle, cedro, pachulí, praliné y musgo | • cruelty free",https://www.natura.cl/p/perfume-humor-transforma-edt-75-ml/NATCHL-122948
Eau de Toilette Masculino Kaiak Oceano 100ml,NATCHL-111175,"• experiencia: una fragancia que te invita a experimentar la emoción única de explorar la inmensidad azul del océano | • ingredientes Clave: Combina notas frescas de algas marinas con las notas saladas de la pataqueira, un ingrediente de la biodiversidad brasileña | • fondo Intenso: Esta frescura se une a la densidad del ámbar marino y de las maderas oscuras | • resultado: Un aroma que equilibra una intensa frescura marina con un fondo amaderado y profundo | • familia olfativa: aromático | • notas de salida: pimienta negra, algas atlánticas, pataqueira | • notas de corazón: Salvia, lavanda, co",https://www.natura.cl/p/kaiak-oceano-eau-de-toilette-masculino-100ml/NATCHL-111175
Humor Liberta EDT 75 ml,NATCHL-20834,"• inspirado en la felicidad | • notas frutales descontracturan la fragancia y la copaíba garantiza un amaderado único | • una forma ligera y fluida de perfumarse | • concentración: eau de toilette | • gota olfativa: amaderada | • notas de salida: pimienta negra, bergamota, notas aldehídicas | • notas de corazón: violeta, geranio, jazmín | • notas de fondo: almizcle, vetiver, ámbar | • libre de crueldad animal | • vegano | • ocasión: uso diario, para salir | • subfamilia: frutal",https://www.natura.cl/p/humor-liberta-eau-de-toilette-75-ml/NATCHL-20834
Body splash Frutas Rojas Tododia 200ml,NATCHL-72197,"• una invitación a vestir el cuerpo con una fragancia fresca | • notas de fresa, mora y frutos rojos marcan la salida y se combinan con flores frescas y un fondo dulce | • una mezcla perfecta para tu piel que aporta ligereza y frescura durante todo el día",https://www.natura.cl/p/body-splash-frutas-rojas-200ml/NATCHL-72197
Eau de Parfum Masculino Essencial Oud 100ml,NATCHL-93619,"• concentración: Deo parfum | • fragancia intensa | • revela la elegancia del hombre contemporáneo | • familia olfativa: Amaderada | • notas de salida: Bergamota, cardamomo, elemi, azafrán | • notas de corazón: Geranio, cipriol, canela de Madagascar, praliné, bálsamo de gurjum | • notas de fondo: Ámbar, cedro, sándalo, almizcle, ambrocenida, pachulí, cashmeran, aceite de oud, bálsamo de abeto, copaiba | • tiene repuesto | • cruelty free | • vegano | • ocasión: salidas, ocasiones especiales | • subfamilia: especiada",https://www.natura.cl/p/essencial-oud--edp-masculino-100-ml/NATCHL-93619
Eau de Parfum Masculino Homem Potence 100ml,NATCHL-81950,• ingredientes naturales de la biodiversidad brasileña | • notas de cumarú con un toque amaderado intenso | • toque apimentado | • fragancia osada para el hombre que sabe lo que quiere,https://www.natura.cl/p/homem-potence-edp-masculino-homem-100ml/NATCHL-81950
Eau de Toilette Humor + ánimo,NATCHL-206236,despierta buenas sensaciones con +ánimo• la fragancia perfecta para esos días en que solo el humor salva • un desodorante colonia frutal cítrico lleno de energía • irradia ánimo y motivación desde la primera pulverización • creado y probado por la neurociencia para perfumar y potenciar las emociones positivas • puede ser usado solo o en conjunto con otras fragancias de la línea Humor,https://www.natura.cl/p/eau-de-toilette-humor--animo-25ml/NATCHL-206236
Desodorante Antitranspirante Roll-on Erva Doce,NATCHL-189412,protege las axilas y perfuma con la icónica fragancia de Natura Erva Doce.• alta protección por hasta 72 horas • cuida la piel con activos naturales • tecnología invisible que no mancha ropa clara ni oscura • bioinnovación: combina lo mejor de la ciencia y la naturaleza • fragancia fresca y natural.,https://www.natura.cl/p/desodorante-antitranspirante-roll-on-erva-doce-70-ml/NATCHL-189412
