nombre,codigo,descripcion,url
Gel crema antiseñales Firmeza y luminosidad Chronos 45+ día,NATCHL-134725,"• 82 % más colágeno y 72 % más elastina1 | • 96 % más firmeza y elasticidad2 | • suaviza los impactos causados en la piel por la menopausia | • reduce arrugas | • firmeza e ilumina la piel | • uniformiza la textura y el tono de la piel | • activa la vitalidad celular3 | • reduce los daños causados por la luz azul, radicales libres y fotoenvejecimiento | • contiene bioactivo: jatobá, que estimula el colágeno natural de la piel | • dermatológicamente probado | • protección solar: FPS 30 y FPUVA 10 | • edad sugerida: 45+ | • libre de crueldad | • vegano | • para todo tipo de piel | • textura: gel",https://www.natura.cl/p/gel-crema-antisenales-firmeza-y-luminosidad-chronos-45-dia-40-g/NATCHL-134725
Lápiz Kajal para Ojos UNA,NATCHL-70720,"• color intenso y duradero con una sola aplicación | • textura cremosa: se desliza fácilmente, ofreciendo una aplicación suave y cómoda | • versatilidad: puede usarse en la línea de agua, en la línea de las pestañas o difuminado para distintos efectos | • perfecto para llevar en el bolso y retocar cuando quieras | • larga duración: mantiene la mirada impactante durante todo el día, sin correrse | • fácil de difuminar: ideal para crear looks ahumados y dramáticos | • producto vegano: fórmula libre de ingredientes de origen animal",https://www.natura.cl/p/lapiz-kajal-para-ojos-una/NATCHL-70720
Crema para peinar Antidaños y Reconstrucción Murumuru Ekos,NATCHL-112770,cabellos nutridos y hasta 10 veces más fáciles de peinar con la potencia antidaños del murumuru.*• desenreda el cabello y reconstruye la fibra capilar • reduce las puntas abiertas • protege de daños causados por el uso de secador y plancha • la línea Ekos Murumuru contribuye a la regeneración de la Amazonía y ayuda a fortalecer los ingresos de 2049 familias guardianas de la selva vinculadas a la cosecha sustentable *resultados comprobados en pruebas instrumentales versus shampoo base• 97% de origen natural.,https://www.natura.cl/p/crema-para-peinar-multibeneficios-ekos-murumuru-150-ml/NATCHL-112770
Pulpa Exfoliante para el Cuerpo Ekos Castaña,NATCHL-69825,"piel suave y renovada con el poder antirresequedad de la castaña.• exfoliante corporal hecho con aceite bruto de castaña, rico en omegas 6 y 9 • deja la piel suave y renovada • posee partículas exfoliantes que ayudan a remover impurezas y células muertas • la línea Ekos Castaña contribuye a la regeneración del Amazonas y ayuda a fortalecer los ingresos de 689 familias guardianas de la selva vinculadas a la cosecha sustentable• 97% de origen natural.",https://www.natura.cl/p/pulpa-exfoliante-para-el-cuerpo-ekos-castana-200-g/NATCHL-69825
Hidratante para manos y zonas secas Homem,NATCHL-152330,"• textura cremosa | • fórmula que hidrata y brinda confort inmediato | • para la piel de las manos, rodillas, codos y otras zonas resecas | • tamaño ideal para llevar en la mochila o el neceser | • refuerza la hidratación en cualquier momento del día | • elaborado con Tecnología DermoTech, que cuida y fortalece la piel | • testado dermatológicamente | • cruelty free | • vegano | • apto para todo tipo de piel",https://www.natura.cl/p/hidratante-para-manos-y-zonas-secas-homem-50-ml/NATCHL-152330
Jabón líquido,NATCHL-106416,"Jabón líquido mama y bebe 200mlJabón líquidoContenido200mlSobre la marca Mamá y Bebé: Natura Mamá y Bebé ofrece una línea de productos suaves y seguros que ayudan a hacer de cada momento de cuidado diario, un momento de placer y bienestar; se fortalece así, cada vez más, el vínculo entre la madre y el bebé.Mamá y Bebé. Un momento por día. Todos los días. Para toda la vida.",https://www.natura.cl/p/jabon-liquido-mama-y-bebe-200ml/NATCHL-106416
"Delineador De Cejas En Fibra Una 1,1Ml",NATCHL-17043,"• definición precisa | • punta fina que permite dibujar pelos finos y naturales | • larga duración | • fórmula resistente al agua y al sudor, ideal para todo el día | • acabado natural | • rellena y define las cejas con una apariencia suave y sin imperfecciones | • fácil de usar | • aplicación práctica y rápida para un look impecable | • producto vegano | • fórmula libre de ingredientes de origen animal | • pincel de fibra en forma de micropeine | • 4 veces más definición del pelo | • tecnología de partículas | • reproduce el pelo de manera natural con 24 horas de duración, no transfiere | • d",https://www.natura.cl/p/delineador-de-cejas-en-fibra-una-tono-castano-11-ml/NATCHL-17043
Repuesto Jabón líquido de glicerina Naturé,NATCHL-102418,"• mantiene la hidratación y el pH natural de la piel | • fórmula que previene la resequedad | • puede usarse en el cuerpo y rostro | • deliciosa fragancia frutal, con aroma a niñez feliz | • mantiene y fortalece la microbiota de la piel | • fórmula con prebióticos | • no irrita los ojos | • 96% de ingredientes de origen natural, como el aceite de babaçu | • 96% de biodegradabilidad | • libre de colorantes artificiales y sulfatos | • contiene activo: prebióticos | • contiene bioactivo: aceite de babaçu | • testado dermatológicamente | • edad sugerida: 4 a 8 años | • cruelty free | • vegano | • ",https://www.natura.cl/p/repuesto-jabon-liquido-de-glicerina-nature-250-ml/NATCHL-102418
Acondicionador Infantil Rizados Naturé 250ml,NATCHL-102402,"• acondicionador que deja los rizos 8 veces más hidratados y definidos por hasta 24 horas | • fórmula aprobada por padres y pediatras que nutre profundamente el cabello | • facilita el peinado y protege contra la rotura | • rizos fuertes, suaves y listos para jugar",https://www.natura.cl/p/acondicionador-cabello-rizado-y-crespo-nature-250-ml/NATCHL-102402
Repuesto Crema Hidratante Corporal Ekos Tukumá,NATCHL-203397,"piel más firme y rellena con la potencia antiseñales del tucumá.• estimula en 77% la producción de ácido hialurónico* • piel reparada e hidratada por hasta 72 horas • hecho con aceite y manteca bruta de tukumá, que intensifican la producción de ácido hialurónico • combate los signos de envejecimiento prematuro • doble acción que rellena las capas de la piel • deja la piel más hidratada y uniforme • la línea Ekos tukumá contribuye a la regeneración de la Amazonía y fortalece el ingreso de 702 familias guardianas del bosque vinculadas a la cosecha sostenible. *resultado comprobado por prueba in ",https://www.natura.cl/p/repuesto-crema-hidratante-para-el-cuerpo-ekos-tukuma-400-ml/NATCHL-203397
Repuesto Crema nutritiva para cuerpo hojas de limón y guanábana,NATCHL-71596,"• una combinación equilibrada de ingredientes naturales | • con acción prebiótica que nutre y fortalece la microbiota de la piel | • mantiene el equilibrio natural de tu piel | • deliciosa fragancia de Hojas de Limón y Guanábana | • nutrición Personalizada | • estimula la reposición de nutrientes según las necesidades de cada tipo de piel | • nutrición Profunda | • piel saludable en todas sus capas | • 94% de Ingredientes de Origen Natural | • mayor afinidad con tu piel | • piel suave y protegida | • fácil de aplicar, rápida absorción | • fragancia que Sorprende | • refrescante y revitalizante",https://www.natura.cl/p/repuesto-crema-nutritiva-para-cuerpo-hojas-de-limon-y-guanabana-400ml/NATCHL-71596
"Gloss Labial Faces 5,5 g",No detectado,"• 4 colores tendencia | • el mejor acabado glossy | • labios hidratados y llenos de color | • brillo intenso | • cuantas más capas, más color y brillo | • con vitamina E | • hidrata tus labios intensamente por 24 horas | • pigmentación y un toque radiante | • dermatológicamente probado | • edad sugerida: a partir de 18 años | • cruelty free | • vegano | • textura: gloss",https://www.natura.cl/p/gloss-labial-faces-55-g/NATCHL-PADRE175103
Repuesto Gel crema antiseñales​ firmeza y luminosidade  Chronos 45+ noche,NATCHL-134589,• reorganiza el ciclo natural de las funciones de la piel | • promueve hidratación activa | • resultados reales y comprobados por dermatólogos | • 72% más elastina | • 82% más colágeno | • 96% más firmeza y elasticidad | • suaviza los impactos en la piel causados por la menopausia | • reduce arrugas | • activa la vitalidad de las células | • protección solar: FPS 30 y FPUVA10 | • edad sugerida: 45+ | • cruelty free | • vegano | • ocasión: antiedad | • tipo de piel: todo tipo de piel,https://www.natura.cl/p/repuesto-gel-crema-antisenales-firmeza-y-luminosidade--chronos-45-noche-40-g/NATCHL-134589
Repuesto Crema antiseñales​ relleno y revitalización ​Chronos 60+ noche,NATCHL-134587,"• suaviza los impactos causados en la piel posmenopausia | • trata los signos del envejecimiento | • contiene bioactivo: casearia, estimula el ácido hialurónico natural de la piel | • más del 93% de relleno y volumen del rostro² | • más del 80% de las mujeres sintieron mejora en el contorno facial² | • reduce arrugas profundas | • promueve hidratación y activa la vitalidad celular³ | • rellena y restaura el volumen | • revitaliza la piel | • testado dermatológicamente | • edad sugerida: 60+ | • cruelty free | • vegano | • ocasión: antiedad | • para todo tipo de piel | • mejor para tu piel, mej",https://www.natura.cl/p/repuesto-crema-antisenales-relleno-y-revitalizacion-chronos-60-noche-40-g/NATCHL-134587
Eau de Toilette unisex Ekos Ryo Festa 75ml,NATCHL-133868,"• fragancia amaderada acuática | • fórmula con bioesencia de siriúba, un árbol de la Amazonía | • perfumación potente y vibrante | • concentración: deo colonia | • libre de crueldad animal | • vegano | • ocasión: para el día a día o para salir | • subfamilia: acuática",https://www.natura.cl/p/ekos-ryo-fiesta-eau-de-toilette-unisex-75-ml/NATCHL-133868
Labial ultracare 24 horas Una,NATCHL-00098,"• tratamiento labial de alto rendimiento | • proporciona hidratación continua por hasta 24 horas | • enriquecido con ingredientes nutritivos | • fórmula que actúa como una barrera protectora contra la resequedad, el clima extremo y los agentes contaminantes | • ideal para el uso diario | • deja los labios visiblemente más suaves, rellenados y cómodos | • envase práctico de 7 ml | • perfecto para llevar contigo y reaplicar cuando quieras | • para todo tipo de piel",https://www.natura.cl/p/labial-ultracare-24-horas-una/NATCHL-00098
Desodorante Corporal Kaiak Sonar Masculino,NATCHL-183451,24 horas de protección perfumada con fragancia aromática.• protege contra los olores de la transpiración • mantiene la hidratación natural de la piel • potencia la perfumación del desodorante colonia • envase ligero y práctico • inspirado en un éxito de la Perfumería Natura.,https://www.natura.cl/p/desodorante-corporal-kaiak-sonar-masculino-100-ml/NATCHL-183451
Crema Hidratante para los Pies Ekos Castaña,NATCHL-69817,"36 horas de hidratación para los pies con la potencia antirresequedad de la castaña.• crema para pies hecha con aceite bruto de castaña, rico en omegas 6 y 9 • promueve nutrición intensa • hidrata inmediatamente • ayuda a potenciar el brillo de las uñas • textura cremosa de rápida absorción• para cuidar de pies resecos y grietas en los pies • nuevo empaque 100% aluminio reciclado • la línea Ekos Castaña contribuye a la regeneración de la Amazonía y ayuda a fortalecer los ingresos de 689 familias guardianas de la selva vinculadas a la cosecha sustentable• 97% de origen natural.",https://www.natura.cl/p/crema-hidratante-para-los-pies-ekos-castana-75-g/NATCHL-69817
Repuesto Acondicionador Nutrición y Reparación Lumina,NATCHL-147410,• nutrición y reparación profunda | • 3 veces más fuerza | • cabello 6 veces más fácil de peinar | • 2 veces más nutrición con reparación y sellado de las fibras* | • promueve salud y brillo | • nuevo envase | • fórmula con BioProteína Triple Acción + Activo Nutrirrevitalización | • producto vegano,https://www.natura.cl/p/repuesto-acondicionador-polinutricion-300-ml/NATCHL-147410
Jabón en Polvo Enzimático Limpieza Uniformizante Chronos Derma,NATCHL-190899,"más del 88% textura uniforme inmediatamente*.• textura en polvo que al contacto con el agua se transforma en una espuma • resultados comprobados en todos los tonos y tipos de piel • limpia y exfolia en un solo paso: inmediatamente suaviza la textura y uniformiza el tono de la piel • acelera el proceso de renovación celular, preparando la piel para el tratamiento de manchas • limpieza suave y eficaz • mantiene la hidratación y suavidad de la piel • deja la piel más uniforme, iluminada y renovada. * porcentaje de mujeres con resultados en prueba clínicayinstrumental.",https://www.natura.cl/p/jabon-en-polvo-enzimatico-limpieza-uniformizante-chronos-derma-50-g/NATCHL-190899
Shampoo Lumina Anticaspa 300ml,NATCHL-147420,"• limpieza profunda sin resecar | • suavidad, hidratación y brillo | • reduce la comezón | • promueve el reequilibrio de la microbiota para un control prolongado de la caspa* | • nuevo envase | • fórmula con BioProteína de Triple Acción + Activo Dermocontrol | • producto vegano | • para todo tipo de cabello | • disponible en presentación refill | • cruelty free",https://www.natura.cl/p/shampoo-lumina-anticaspa-300-ml/NATCHL-147420
Repuesto Máscara Reconstrucción de Daños Extremos Lumina,NATCHL-148443,"• nuevos envases | • nueva fragancia | • más tecnología para cuidar tu cabello | • contiene BioProteína Triple Acción y Activo Reconstrucción | • promueve la reconstrucción de hasta el 89% de los daños extremos | • previene hasta 2,9 veces los daños futuros* | • regenera la estructura capilar | • prolonga el efecto del alisado y de la coloración | • tipo de cabello: todo tipo de cabellos | • cruelty free | • vegano | • tipo de tratamiento: reconstrucción de daños extremos",https://www.natura.cl/p/mascara-regeneradora-lumina-quimicamente-danados-250-ml/NATCHL-148443
Gel Secativo para Granos Seca+ Faces,NATCHL-166351,"el Gel Secativo para Granos es el segundo paso en tu nueva rutina de cuidado de la piel. • seca la espinilla rápidamente • reduce las espinillas en 24 horas • ayuda a reducir el enrojecimiento de la piel causado por las espinillas • formulado con ácido salicílico, niacinamida, d-pantenol y vitamina E.",https://www.natura.cl/p/gel-secativo-para-granos-seca-faces-15-g/NATCHL-166351
Shampoo Definición y Hidratación Lumina 300ml,NATCHL-148161,• hidratación sin apelmazar el cabello | • 75% menos frizz | • cabello 5 veces más acondicionado | • 2 veces más brillo | • 3 veces más suavidad | • efecto antinudos que facilita el desenredo durante y después del lavado | • nuevo envase y nueva fragancia | • fórmula con BioProteína Triple Acción + Complejo de Chía y Linaza | • producto vegano,https://www.natura.cl/p/shampoo-cremoso-lumina-cabellos-rizados-300-ml/NATCHL-148161
Regalo Padres Jabones en barra Homem 3 unidades,NATCHL-250150,limpieza y protección para el cuerpo y la barba• los Jabones en Barra 2 en 1 son perfectos para el hombre que valora la practicidad en la rutina de cuidados • fórmula que puede usarse para limpiar y proteger la piel de todo el cuerpo y también para facilitar el deslizamiento de la hoja al afeitarse • hecho con Tecnología DermoTech que cuida y fortalece la piel • contiene bioactivo: coco babaçu • para todo tipo de piel contiene 1 caja de jabones en barra cuerpo y barba de 110 g cada uno 1 bolsa de regalo,https://www.natura.cl/p/regalo-padres-jabon-natura-hombre/NATCHL-250150
Kit Repuestos Ekos Murumuru,NATCHL-234917,"combate la resequedad y los daños capilares.• fórmulas con manteca cruda de murumuru • el shampoo limpia y nutre el cabello, combatiendo la resequedad y los daños capilares • el acondicionador reconstruye la fibra capilar, tiene acción antidaños y desenreda el cabello, dejándolo más suave e hidratado. contiene 2 repuestos shampoo 300 ml c/u 2 repuestos acondicionadores 300 ml c/u",https://www.natura.cl/p/kit-repuestos-ekos-murumuru/NATCHL-234917
Shampoo Infantil 2 en 1 Naturé 250ml,NATCHL-102406,"• shampoo 2 en 1 que limpia suavemente y deja el cabello más suave e hidratado | • desenreda con facilidad, es práctico y tiene acción antifrizz por hasta 24 horas | • limpia y acondiciona al mismo tiempo | • nutre y repara gracias a la manteca de murumuru | • cabello sedoso y fácil de peinar desde la primera aplicación | • desenreda hasta 8 veces más | • controla el frizz por hasta 24 horas | • fórmula sin lágrimas, ideal para niños y adultos",https://www.natura.cl/p/shampoo-2-en-1-nature-250-ml/NATCHL-102406
Bálsamo labial Ekos Cacao,NATCHL-162315,"• labios hidratados por hasta 48 horas | • protege contra el viento, frío y calor | • restaura la hidratación natural | • producción de colágeno dos veces mayor | • con manteca cruda de cacao de la Amazonía | • edición limitada | • labios visiblemente más suaves y saludables | • sensación de confort inmediato | • hidratación prolongada con efecto regenerador",https://www.natura.cl/p/balsamo-labial-ekos-cacao-35-g/NATCHL-162315
Crema Nutritiva Corporal Tododia Avellana y Casis,NATCHL-74848,"• fórmula que combina avellana y cassis con nutrición prebiótica que se adapta a las necesidades diarias de tu piel | • Tododia es un día para ti | • fragancia floral dulce, auténtica y atractiva, con un toque amaderado | • piel más firme y ultrasuave todos los días | • textura cremosa: fácil de aplicar y de rápida absorción | • nutrición profunda: piel saludable en todas sus capas | • 94 % de ingredientes naturales: mayor afinidad con tu piel",https://www.natura.cl/p/crema-nutritiva-para-cuerpo-avellana-y-casis-400ml/NATCHL-74848
Repuesto Sérum Intensivo Antioxidante Chronos Derma,NATCHL-169223,"piel luminosa, hidratada y revitalizada.• fórmula con doble vitamina C 15% y bioactivos para máxima luminosidad • 100% piel uniforme y luminosa¹ • 94% de reducción de líneas finas¹ • previene líneas finas y manchas oscuras • uniformiza el tono y la textura • activa la vitalidad celular para una piel saludable² • resultados reales comprobados por dermatólogos • más potencia en tu tratamiento, 88% menos residuo en el planeta. ¹porcentaje de mujeres con resultados en prueba clínica e instrumental ²resultado obtenido por la tecnología exclusiva Biociencia Chronos.",https://www.natura.cl/p/repuesto-serum-intensivo-antioxidante-chronos-derma-15-ml/NATCHL-169223
Repuesto sérum intensivo multiaclarador de manchas,NATCHL-169235,"Repuesto sérum intensivo multiaclarador de manchas Chronos Derma NUEVA FÓRMULA: sérum ultraliviano con absorción inmediata y secado rápido.Ideal para todos los tipos de pielTextura sérum ultraliviana conabsorción inmediata y secado rápido.Ideal para todos los tipos de piel.1. ACLARAlos diferentes tiposde manchas: solares,acné, envejecimiento,hormonales, embarazo,pecas, respetando el tononatural de la piel*.2. PREVIENEnuevas manchas y elreaparición de las yaexistentes*.3. ACTIVAla vitalidad celular parauna piel saludable*.-84% de manchas en dos semanas*91% piel uniforme imediatamente** Bioactiv",https://www.natura.cl/p/repuesto-serum-intensivo-multiaclarador-de-manchas-chronos-derma-30-ml/NATCHL-169235
Chronos Kit limpieza aceite y espuma de limpieza,NATCHL-250343,"dos pasos para una piel saludable e iluminada• espuma de limpieza suave y eficaz que mantiene la hidratación natural de la piel • textura refrescante y cremosa que forma una delicada película • sin sensación de tirantez • contiene bioactivo de cacao, que repone componentes esenciales de la piel • deja la piel suave y radiante • ideal para rostro y cuello • aceite que remueve hasta el 100% del maquillaje a prueba de agua y del protector solar • no deja residuos • textura que, en contacto con el agua, se transforma en jabón • no requiere uso de algodón y es fácil de enjuagar • aumenta la hidrata",https://www.natura.cl/p/chronos-kit-doble-limpieza-aceite-y-espuma-de-limpieza/NATCHL-250343
Sérum intensivo rellenador hidratante,NATCHL-169233,"• probado dermatológicamente | • más del 75% de ácido hialurónico para tu piel* | • 100% piel más hidratada y fortalecida** | • más del 92% de relleno inmediato** | • rellena diferentes capas de la piel | • reduce arrugas y líneas finas | • repone, protege y estimula el ácido hialurónico | • activa la vitalidad para una piel más saludable*** | • edad sugerida: 18+ | • tiene repuesto | • cruelty free | • vegano | • tipo de piel: todos los tipos de piel",https://www.natura.cl/p/serum-intensivo-rellenador-hidratante-chronos-derma-30-ml/NATCHL-169233
Máscara refrescante Faces,NATCHL-183307,• piel luminosa | • tecnología multi-hidratante | • repara la barrera de la piel | • reduce la aparición de puntos negros y granos | • mejora la apariencia de la piel | • actúa en 15 minutos | • fórmula con doble ácido hialurónico | • dermatológicamente probado | • cruelty free | • vegano | • ocasión: tratamiento intensivo | • tipo de piel: todo tipo de piel | • tipo de tratamiento: control de oleosidad | • zona de aplicación: rostro,https://www.natura.cl/p/mascara-refrescante-faces-20-ml/NATCHL-183307
Refill Acondicionador Antiedad Regenerador Capilar Lumina 300 ml,NATCHL-174187,"cabellos 80% más resistentes, capaces de resistir la acción del tiempo.• versión refill más económica y sustentable • hidrata sin dejar pesado • cabello revitalizado y suave • con Tecnología Bioproteína Triple Acción + Complejo de Colágeno y Biopéptidos: trata los signos de fragilidad, aspereza y porosidad del cabello canoso, redensifica el cabello mediante la reposición de proteínas y aminoácidos perdidos con el envejecimiento • nueva fragancia con bergamota, fresia y sándalo. beneficios con el uso de la línea completa: • previene y revierte la aparición de canas • recupera la densidad y la t",https://www.natura.cl/p/refill-acondicionador-antiedad-regenerador-capilar-lumina-300-ml/NATCHL-174187
Aceite Trifásico Corporal Ekos Pitanga,NATCHL-97429,"piel iluminada, protegida y perfumada con la fragancia refrescante de pitanga.• promueve 100% más hidratación* para la piel • deja la piel perfumada, protegida e iluminada • promueve brillo inmediato para la piel • hecho con aceite esencial de pitanga • la línea Ekos Pitanga fortalece los ingresos de familias guardianas de la Amazonía vinculadas a la bioagricultura del cultivo de pitanga• 97% de origen natural. *porcentaje de participantes con resultados positivos en la evaluación del atributo mencionado",https://www.natura.cl/p/aceite-trifasico-corporal-ekos-pitanga-200-ml/NATCHL-97429
Pincel Pro Rubor Una,NATCHL-55100,"• formato angular, con cerdas largas y suaves | • proporciona una aplicación delicada | • acabado más uniforme y natural | • cerdas sintéticas, libres de ingredientes de origen animal | • diseñado para distribuir el producto de manera homogénea | • ideal para lograr un acabado difuminado y suave en las mejillas | • diseño ergonómico | • que permite construir la intensidad del color según tu preferencia | • cerdas suaves | • ideal para maquillaje | • producto vegano | • no perecedero | • cruelty free | • zona de aplicación: rostro",https://www.natura.cl/p/pincel-pro-rubor-una/NATCHL-55100
Desodorante antitranspirante en crema Avellana y Casis,NATCHL-96516,"• no deja residuos blancos en los tejidos oscuros ni manchas amarillentas en los tejidos blancos | • cuidado de la piel gracias a un exclusivo complejo hidratante con vitamina E: protege, cuida e hidrata | • protección prolongada de hasta 48 horas contra los efectos del sudor | • posee aplicador fácil de usar",https://www.natura.cl/p/desodorante-antitranspirante-en-crema-avellana-y-casis/NATCHL-96516
Crema Hidratante para las Manos Ekos Ucuuba,NATCHL-80969,"48 horas de hidratación para las manos y uñas con la potencia antiflacidez de la ucuuba.• crema para manos hecha con manteca de ucuuba, rica en trimiristina, que estimula la producción de y elastina • textura cremosa y de rápida absorción • recupera y fortalece la piel de las manos • nuevo empaque 100% aluminio reciclado • la línea Ekos Ucuuba contribuye a la regeneración de la Amazonía y ayuda a fortalecer el ingreso de 1054 familias guardianas de la selva vinculadas a la cosecha sustentable • 97% de origen natural.",https://www.natura.cl/p/crema-hidratante-para-las-manos-ekos-ucuuba-75-g/NATCHL-80969
Toallitas Húmedas con Fragancia Mamá y Bebé,NATCHL-92798,"Toallitas de Limpieza Con Fragancia Mama y Bebe 50unLa fórmula vegana de las Toallitas Húmedas contiene solamente lo esencial para limpiar de forma suave y delicada la piel sensible del bebé.No reseca la piel, puede ser usada en la limpieza de la región del pañal, cuerpo y cara. Tiene un tejido resistente con toque suave, y en el tamaño ideal para más practicidad​ y confort en la limpieza, sin rasgarse y sin desperdicio.",https://www.natura.cl/p/toallitas-de-limpieza-con-fragancia-mama-y-bebe-50un/NATCHL-92798
Crema Hidratante para el Cuerpo Ekos Maracuyá,NATCHL-203383,"hasta 95% de acción calmante para la piel con la potencia antiestrés del maracuyá.*• piel protegida e hidratada por hasta 72 horas • hidratante corporal que reequilibra la piel • textura ligera y de rápida absorción • hecho con aceite bruto de maracuyá, rico en ácidos grasos esenciales • la línea Ekos Maracuyá fortalece los ingresos de 876 familias guardianas de la Amazonía *porcentaje de participantes con resultados positivos en la evaluación del atributo evaluado• 97% de origen natural.",https://www.natura.cl/p/crema-hidratante-para-el-cuerpo-ekos-maracuya-400-ml/NATCHL-203383
Crema para peinar Flor de cereza y Palta Tododia 180ml,NATCHL-156233,"• repara y revitaliza el cabello | • fragancia femenina y envolvente, con notas de flor de cerezo | • repara las puntas abiertas | • recupera los últimos centímetros del cabello, devolviéndole su aspecto natural | • protección térmica para evitar daños causados por secador y plancha | • fórmula con 93% de ingredientes de origen natural | • para todo tipo de rizos | • repara cabellos dañados por procedimientos químicos | • fragancias deliciosas que aportan bienestar | • tecnología prebiótica",https://www.natura.cl/p/crema-para-peinar-reparadora-flor-de-cereza-y-palta-tododia-180-ml/NATCHL-156233
Eau de Toilette Femenino Luna Absoluta 75ml,NATCHL-116582,• fragancia chipre intensa y sofisticada | • notas florales y amaderadas | • refuerza tu sensualidad y elegancia | • ideal para ocasiones especiales | • perfumación prolongada y distintiva,https://www.natura.cl/p/luna-absoluta-femenino-edt-75-ml/NATCHL-116582
Super máscara tint lavable,NATCHL-9832,• 5 veces más volumen | • secado rápido | • súper curvatura y definición | • larga duración | • ideal para crear looks increíbles | • probado oftalmológicamente | • fácil de remover | • no forma grumos,https://www.natura.cl/p/super-mascara-tint-lavable-faces-12ml/NATCHL-9832
Sérum nocturno Fuerza y Reparación Molecular Lumina 100ml,NATCHL-164508,"repara los enlaces internos para lograr 5 veces más fuerzaSérum nocturno Fuerza y reparación molecular LuminaPotencializa el tratamiento. Repara los enlaces internas del cabello a nivel molecular para 5 veces más fuerza.Contenido100 mlSobre la línea Lumina:Tratamiento capilar de alta tecnología para revelar la belleza única que hay en toda mujer y en todo cabello. Natura Lumina. Tu cabello, tu verdad.Cabello regenerado en la medida exacta de cada daño. Reducción de hasta un 70% en la porosidad de los cabellos. Cabellos saludables desde la primera aplicación.",https://www.natura.cl/p/serum-nocturno-lumina-fuerza-y-reparacion-molecular-100-ml/NATCHL-164508
Repuesto Acondicionador Hidratación Lumina 300ml,NATCHL-148413,• hidratación sin apelmazar el cabello | • 75% menos frizz | • cabello 5 veces más acondicionado | • rizos 85% más definidos y con 5 veces más hidratación* | • 2 veces más brillo | • 3 veces más suavidad | • efecto antienredos que facilita el desenredo durante y después del lavado | • nuevo envase y nueva fragancia | • fórmula con BioProteína Triple Acción + Complejo de Chía y Linaza | • producto vegano,https://www.natura.cl/p/repuesto-acondicionador-hidratante-300-ml/NATCHL-148413
Repuesto Desodorante Corporal Clásico Masculino,NATCHL-56948,"• perfuma todo el cuerpo | • protege contra los olores de la transpiración | • producto sin sal de aluminio | • empaque liviano y práctico con traba en la tapa, para llevarlo a donde quieras y ser usado cuando quieras | • fragancia de éxito de la Perfumería Natura | • producto con repuesto",https://www.natura.cl/p/repuesto-desodorante-corporal-clasico-masculino-100ml/NATCHL-56948
Regalo Padres Agua de Colonia 2 unidades Papa e Bebe 50ml,NATCHL-247080,"colonia suave y segura, con un aroma de amor y cariño• fragancia levemente cítrica, que combina suaves flores de lavanda con notas ligeramente dulces • segura para usar desde el primer día de vida • un ritual de perfumación suave que ayuda a crear y fortalecer el vínculo de amor con el bebé • todos los productos para bebés son hipoalergénicos: fueron formulados para minimizar la posible aparición de alergias contiene 2 aguas de colonia de 50 ml c/u 1 bolsa de regalo",https://www.natura.cl/p/regalo-padres-natura-papa-y-bebe/NATCHL-247080
Repuesto Desodorante Corporal Humor 5,NATCHL-56768,"• el recambio es mucho más | • práctico de usar y tiene un | • menor impacto ambiental | • solo hay que colocar la tapa del producto anterior en el nuevo frasco | • sensación de frescura y bienestar en todo el cuerpo | • floral, sensual, cereza",https://www.natura.cl/p/repuesto-desodorante-corporal-humor-5-100ml/NATCHL-56768
Crema Exfoliante para los glúteos Ekos Cupuaçu,NATCHL-204785,"renovación celular para una piel más suave y lisa• crema exfoliante que promueve la reducción y prevención de vellos encarnados en 7 días • potencia la firmeza y elasticidad de la piel en 7 días* • 100% más firmeza y elasticidad para la piel* • mejora la textura de la piel, con disminución visible del aspecto de piel de naranja • exfoliante corporal que elimina células muertas e impurezas • exfolia la piel y promueve hidratación por 72 horas • potencia la producción de colágeno natural de la piel • promueve colágeno y protege la elastina natural de la piel • perfuma la piel con fragancia fruta",https://www.natura.cl/p/crema-exfoliante-para-los-gluteos-ekos-cupuacu-190-g/NATCHL-204785
Loción Hidratante Mamá y Bebé,NATCHL-92804,"• formulado para hidratar y proteger la piel delicada del bebé | • con ingredientes suaves y seguros | • textura ligera, cremosa y suave | • de rápida absorción | • proporciona suavidad y confort | • contiene 99% de ingredientes naturales | • fragancia suave y segura | • producto vegano | • dermatológicamente probado | • edad sugerida: 0 a 3 años | • disponible con refil | • hipoalergénico | • cruelty free | • tipo de piel: piel sensible",https://www.natura.cl/p/locion-hidratante-mama-y-bebe-200ml/NATCHL-92804
Máscara Anticaída Patauá Ekos 200g,NATCHL-112777,"fibras hasta 9 veces más fuertes con la potencia anticaída del patauá.*• máscara que acelera el fortalecimiento y resistencia de la fibra capilar • recupera los cabellos debilitados • evita hasta 9 veces más la caída por quiebre** • cabellos con cuerpo, brillo y movimiento • hecho con aceite de patauá • la línea Ekos Patauá contribuye a la regeneración de la Amazonía y ayuda a fortalecer los ingresos de 606 familias guardianas de la selva vinculadas a la cosecha sustentable• 97% de origen natural. *resultados comprobados de reducción de caída por quiebre **resultados comprobados en pruebas ins",https://www.natura.cl/p/mascarilla-capilar-fortalecedora-ekos-pataua-200-g/NATCHL-112777
Jabon en barra cremoso 3 Unidades,NATCHL-26384,"• Limpia delicadamente la piel, sin agredirla | • Hidrata y suaviza la piel, dejándola tersa y aterciopelada | • Proporciona una sensación refrescante y relajante | • Deja la piel perfumada con un agradable aroma a Erva Doce | • Tiene fórmula vegana, libre de ingredientes de origen animal | • Es producido con ingredientes naturales y biodegradables",https://www.natura.cl/p/erva-doce-jabon-en-barra-cremoso-3-unidades-90g/NATCHL-26384
Delineador Retractil De Ojos Faces,NATCHL-00069,"• punta retráctil de textura suave que se desliza fácilmente | • delineador fácil de aplicar | • trazo preciso y uniforme | • ideal para crear desde líneas delicadas hasta delineados intensos | • mantiene tu mirada impecable durante todo el día | • punta retráctil que no requiere sacapuntas, garantizando practicidad en el uso | • dermatológicamente probado | • edad sugerida: 18+ | • cruelty free | • vegano",https://www.natura.cl/p/delineador-retractil-de-ojos-faces/NATCHL-00069
Repuesto Gel crema antiseñales Renovación y prevención​  Chronos 30+ día,NATCHL-134591,"• posee bioactivo: Jambu, que relaja las microtensiones de la piel | • protege la piel de los rayos solares y de las agresiones diarias | • reduce los daños causados por la luz azul, radicales libres y fotoenvejecimiento | • hidrata profundamente y por hasta 24 horas | • suaviza la apariencia de piel cansada en 15 días | • recupera la vitalidad y luminosidad natural en 30 días | • previene arrugas profundas y flacidez en 60 días | • reduce las primeras arrugas y deja la piel suave | • dermatológicamente probadas | • protección solar: FPS 30 y FPUVA 10 | • edad sugerida: 30+ | • 93% de las muje",https://www.natura.cl/p/repuesto-gel-crema-antisenales-renovacion-y-prevencion--chronos-30-dia-40-g/NATCHL-134591
Repuesto Gel crema antiseñales Renovación y prevención​ Chronos 30+ noche,NATCHL-134595,"• contiene bioactivo: Jambu, que relaja las microtensiones de la piel | • hidrata profundamente hasta por 24 horas | • suaviza la apariencia de la piel cansada en 15 días | • reduce las primeras arrugas | • estimula la renovación celular | • recupera la vitalidad y luminosidad natural en 30 días | • estimula la producción de colágeno y elastina | • previene arrugas profundas y flacidez en 60 días | • uniformiza la textura y restaura la barrera protectora de la piel | • fórmula de alto rendimiento que trata los signos del envejecimiento | • testado dermatológicamente | • activa la vitalidad cel",https://www.natura.cl/p/repuesto-gel-crema-antisenales-renovacion-y-prevencion-chronos-30-noche-40-g/NATCHL-134595
Repuesto Crema antiseñales​ restauración y cuidado Chronos 70+ noche,NATCHL-134590,"• reorganiza el ciclo natural de las funciones de la piel | • promueve una hidratación activa con una fórmula de alto rendimiento | • fortalece la piel y trata los signos del envejecimiento | • contiene esqualano, que restaura la barrera de protección e hidratación de la piel | • incluye el bioactivo de sapucainha, con acción regeneradora y capacidad de inhibir los microdaños | • resultados reales y comprobados por dermatólogos | • atenúa los impactos causados en la piel durante la postmenopausia | • +93% de aumento en el grosor y la resistencia de la piel¹ | • 100% de las mujeres con la piel ",https://www.natura.cl/p/repuesto-crema-antisenales-restauracion-y-cuidado-chronos-70-noche-40-g/NATCHL-134590
Repuesto Shampoo Lumina Fuerza y reparación molecular,NATCHL-164509,"Repuesto Shampoo Lumina Fuerza y reparación molecular Limpia suavemente, manteniendo la salud del cuero cabelludo.Cabellos 2X más suaves y saludables.79% menos plástico que el envase original.Menor desperdicio del productoFácil apertura y almacenamientoProceso de uso de repuesto más práctico y rápidoContenido300 mlSobre la línea Lumina:Tratamiento capilar de alta tecnología para revelar la belleza única que hay en toda mujer y en todo cabello. Natura Lumina. Tu cabello, tu verdad.Cabello regenerado en la medida exacta de cada daño. Reducción de hasta un 70% en la porosidad de los cabellos. Cab",https://www.natura.cl/p/repuesto-shampoo-lumina-fuerza-y-reparacion-molecular-300-ml/NATCHL-164509
Repuesto Jabón Líquido Exfoliante Corporal Ekos Tucumã 185 ml,NATCHL-19949,"piel renovada y más uniforme con la potencia antiseñales del tukumá.• jabón líquido que limpia suavemente y exfolia la piel • elimina las células muertas durante el baño • jabón vegano que mantiene el pH natural de la piel • deja tu piel renovada y más uniforme • hecho con aceite crudo de tukumá, un potente antiedad • la línea Ekos tukumá contribuye a la regeneración de la Amazonía y fortalece los ingresos de 702 familias guardianas del bosque vinculadas a la cosecha sostenible.",https://www.natura.cl/p/repuesto-jabon-liquido-exfoliante-para-el-cuerpo-ekos-tukuma-185-ml/NATCHL-19949
Shampoo Antioleosidad Lumina 300ml,NATCHL-147449,"• limpia y reduce la oleosidad | • no agrede el cuero cabelludo ni reseca el cabello | • acción purificante | • evita el efecto rebote, actuando eficazmente sobre el síntoma y la causa de la oleosidad | • cuero cabelludo equilibrado y cabello limpio por más tiempo | • nuevo envase | • fórmula con BioProteína Triple Acción + Activo Dermoregulador | • producto vegano",https://www.natura.cl/p/shampoo-equilibrante-300-ml/NATCHL-147449
Sérum regenerador Reconstrucción de Daños Extremos Lumina,NATCHL-148421,"• nuevos envases | • nueva fragancia | • más tecnología | • con BioProteína Triple Acción y Activo Reconstrutor | • reconstruye hasta el 89% de los daños extremos | • previene hasta 2,9 veces los daños futuros* | • capa interna del cabello 3 veces más regenerada | • tipo de cabello: todo tipo de cabello | • con repuesto disponible | • cruelty free | • vegano | • tipo de tratamiento: reconstrucción de daños extremos",https://www.natura.cl/p/serum-regenerador-progresivo-100-ml/NATCHL-148421
Máscara Antiseñales Regenerador Capilar Lumina,NATCHL-174196,"rellena todas las capas de la fibra capilar, combatiendo la rigidez y porosidad de los cabellos.• devuelve la textura de los cabellos • alinea las cutículas del cabello • cabello con dos veces más vitalidad • fórmula con Tecnología Bioproteína Triple Acción + Complejo de Colágeno y Biopeptidos: trata los signos de la fragilidad, aspereza y porosidad de los cabellos canosos, redensifica los cabellos mediante la reposición de proteínas y aminoácidos perdidos con el envejecimiento • nueva fragancia con bergamota, fresia y sándalo. beneficios con el uso de la línea completa: • previene y revierte ",https://www.natura.cl/p/mascara-antisenales-regenerador-capilar-lumina-250-ml/NATCHL-174196
Crema Preventiva de Rozaduras Mamá y bebé,NATCHL-97955,"a cada cambio de amor y de pañales, protege, hidrata y fortalece la piel sensible del bebé.• forma una barrera que deja la piel del bebé dos veces más fortalecida y protegida de factores externos con el uso continuo • su complejo nutritivo enriquecido con pantenol, aceite de almendras y manteca de cacao, ayuda a fortalecer las capas superiores de la piel sensible • la fórmula sin fragancia, cremosa y de origen 90% natural hidrata por hasta 24 horas y facilita la aplicación y remoción, pudiendo ser usada desde el primer día de vida • producto formulado de manera que minimiza el posible surgimie",https://www.natura.cl/p/crema-preventiva-de-rozaduras-mama-y-bebe-60-g/NATCHL-97955
Colonia Femenina Jabuticaba  Aguas de natura 150ml,NATCHL-95810,"• combinación de notas florales y de cedro con un toque de poleo | • ingrediente de la biodiversidad brasileña | • experiencia sensorial de un vino frutal y liviano | • energía revitalizante | • salida: jabuticaba la uva brasileña, bergamota, manzana | • corazón: muguet, jazmín, canela | • fondo: almizcle, cedro | • módulo – acordeón",https://www.natura.cl/p/aguas-colonia-jabuticaba-150ml-col/NATCHL-95810
Mousse de limpieza intensiva Chronos,NATCHL-134586,"• contiene bioactivo de cacao, que repone componentes esenciales de la piel | • probado dermatológicamente | • edad sugerida: 18+ | • cruelty free | • vegano | • renueva las células de la piel | • apto para todo tipo de piel | • textura: cremosa | • zona de aplicación: rostro y cuello | • máxima limpieza sin resecar | • espuma intensa y cremosa | • previene los signos del envejecimiento | • piel más uniforme, suave y luminosa",https://www.natura.cl/p/mousse-de-limpieza-intensiva-chronos/NATCHL-134586
Paleta PRO de Sombras Una Bronze,NATCHL-171114,"construye looks versátiles de alta pigmentación y larga duración.• 12 horas de duración con eficacia comprobada • diferentes acabados, colores y texturas • acabado mate: textura suave y aterciopelada• acabado glow: brillo intenso y fácil aplicación• innovadora textura soft: aplicación cream to powder con acabado aterciopelado y seco al aplicar • con tecnología de partículas: combinación que proporciona un toque aterciopelado y alta pigmentación • empaque sofisticado con espejo y cierre magnético • producto multifuncional: puede ser utilizado como sombra, iluminador y rubor.",https://www.natura.cl/p/paleta-pro-de-sombras-una-bronze-7-g/NATCHL-171114
Gel crema antiseñales Renovación y prevención Chronos 30+ día,NATCHL-134592,"• 93% de las mujeres con reducción de arrugas* | • activa la vitalidad celular** | • fórmula de alto rendimiento | • reduce los daños causados por la luz azul, radicales libres y fotoenvejecimiento | • resultados comprobados por dermatólogos",https://www.natura.cl/p/gel-crema-antisenales-renovacion-y-prevencion-chronos-30-dia-40-g/NATCHL-134592
Desmaquillante en bálsamo Faces,NATCHL-128752,"• producto 3 en 1 | • fórmula que limpia, desmaquilla y mantiene la hidratación natural de la piel | • textura gel crema de alto rendimiento | • elimina todo tipo de maquillaje, incluidos productos a prueba de agua | • contiene activo: vitamina E, que ayuda a conservar la hidratación natural | • probado dermatológicamente | • apto para la zona de los ojos | • edad recomendada: a partir de los 18 años | • cruelty free | • vegano | • ocasión: limpieza | • tipo de piel: todo tipo de piel | • textura: gel crema | • zona de aplicación: rostro",https://www.natura.cl/p/desmaquillante-en-balsamo-faces-45-g/NATCHL-128752
Repuesto Shampoo Lumina Restauración y Liso Prolongado,NATCHL-167294,"limpieza equilibrada de larga duración. • repuesto más económico y sostenible: 79% menos plástico que el envase original • elimina los residuos de descamación después del alisado • deja el cabello más suave y resistente • proporciona una recarga de nutrientes • 4 veces más efecto liso en el cabello y protección contra la humedad por hasta 4 días* • fragancia moderna y original. combina la frescura de la mandarina con la manzana verde, un ramo floral y la sofisticación del almizcle y maderas. *beneficios comprobados con el uso de la línea completa.",https://www.natura.cl/p/repuesto-shampoo-lumina-restauracion-y-liso-prolongado-300-ml/NATCHL-167294
Crema Hidratante para Manos Ekos Pitanga,NATCHL-95034,"48 horas de hidratación para las manos y uñas con aceite esencial de pitanga.• crema hidratante con textura leve y rápida absorción • hidrata, fortalece y forma una película protectora en las manos • perfuma con fragancia refrescante • nuevo empaque 100% aluminio reciclado • la línea Ekos Pitanga fortalece los ingresos de familias guardianas de la Amazonía vinculadas a la bioagricultura del cultivo de pitanga• 97% de origen natural.",https://www.natura.cl/p/crema-hidratante-para-manos-ekos-pitanga-75-g/NATCHL-95034
Crema Exfoliante para Manos y Pies Ekos Castaña,NATCHL-70981,"36 horas de hidratación para manos y pies con la potencia antirresequedad de la castaña.• crema hecha con aceite bruto de castaña, rico en omegas 6 y 9 • exfoliantes naturales que se deshacen al contacto con la piel, por eso no es necesario enjuagar • exfoliante que elimina células muertas • deja la piel renovada y suave • nuevo empaque 100% aluminio reciclado • la línea Ekos Castaña contribuye a la regeneración del Amazonas y ayuda a fortalecer los ingresos de 689 familias guardianas de la selva vinculadas a la cosecha sustentable• 97% de origen natural.",https://www.natura.cl/p/crema-exfoliante-para-manos-y-pies-ekos-castana-60-g/NATCHL-70981
Crema Nutritiva para el Cuerpo Tododia Frutas Rojas,NATCHL-74900,• fragancia alegre y vibrante con notas frutales | • piel más firme y ultrasuave todos los días | • fórmula con nutrición prebiótica que se adapta a tu piel | • textura cremosa: fácil de aplicar y de rápida absorción | • nutrición profunda: piel saludable en todas las capas | • 94 % de ingredientes de origen natural: mayor afinidad con tu piel,https://www.natura.cl/p/crema-nutritiva-para-cuerpo-frutas-rojas-tododia-400ml/NATCHL-74900
Hidratante para Manos Bothânica Mente Sana,NATCHL-139256,"manos suaves y perfumadas con fragancia herbal y verde.• 24 horas de hidratación y cuidado • deja las manos suaves, con toque seco y aterciopelado • fácil de esparcir y con rápida absorción • 97% de origen natural • no deja las manos grasosas • no deja residuos blancos en la piel • explosión olfativa a través de la alta concentración de fragancia • principales ingredientes de la fragancia: menta, artemisa y anís • mezcla exclusiva de aceites esenciales latinoamericanos: estoraque y priprioca.",https://www.natura.cl/p/hidratante-para-manos-bothanica-mente-sana-230-ml/NATCHL-139256
Labial Extremo Confort Fps 25 Una,NATCHL-00046,• color intenso | • acabado cremoso con Manteca de Tucumá | • estimula hasta en un 77%* la producción de ácido hialurónico | • promoviendo una hidratación profunda desde el interior | • labios suaves y cómodos durante todo el día | • protección solar FPS 25: protege contra los daños causados por los rayos UV | • alta cobertura con un acabado luminoso y sofisticado | • producto vegano: libre de ingredientes de origen animal,https://www.natura.cl/p/labial-extremo-confort-fps-25-una-38-g/NATCHL-00046
Manteca Hidratante para el Cuerpo Ekos Ucuuba,NATCHL-72981,"100% más firmeza y elasticidad para tu piel con la potencia antiflacidez de la ucuuba.*• manteca corporal que estimula la producción de colágeno y elastina** • textura cremosa y toque seco • protege y fortalece la piel, con hidratación intensa • ideal para aplicar en áreas resecas y más propensas a la flacidez • piel con más firmeza y elasticidad en 7 días • la línea Ekos Ucuuba contribuye a la regeneración de la Amazonía y ayuda a fortalecer los ingresos de 1054 familias guardianas de la selva vinculadas a la cosecha sustentable• 97% de origen natural. *porcentaje de voluntarios que presentar",https://www.natura.cl/p/manteca-hidratante-para-el-cuerpo-ekos-ucuuba-200-g/NATCHL-72981
Acondicionador Anticaída Patauá Ekos 300ml,NATCHL-113245,cabellos más resistentes con la potencia anticaída del patauá.*• cabellos 9 veces más resistentes** • desenreda los cabellos y fortalece la fibra capilar • deja los cabellos hasta 2 veces más resistentes a la rotura*** • cabellos más fuertes y voluminosos sin perder el movimiento • hecho con aceite de patauá • la línea Ekos Patauá contribuye a la regeneración de la Amazonía y ayuda a fortalecer los ingresos de 606 familias guardianas de la selva vinculadas a la cosecha sustentable • 97% de origen natural. *resultados comprobados de reducción de caída por rotura **resultados comprobados por pru,https://www.natura.cl/p/acondicionador-ekos-pataua-300-ml/NATCHL-113245
Repuesto jabón líquido cremoso castaña,NATCHL-70396,"• rico en Omega-6 y Omega-9 | • nueva fórmula mucho más natural | • sin sulfatos | • nutre hasta las capas más profundas de la piel | • hidratación inmediata | • textura cremosa | • piel suave y con un toque aterciopelado | • producto vegano | • biodegradable | • con bioactivos y aceite puro de castaña amazónica | • nuestros jabones son capaces de eliminar virus, bacterias y suciedad en general",https://www.natura.cl/p/repuesto-jabon-liquido-cremoso-castana-ekos-195ml/NATCHL-70396
Acondicionador restaurador para cabellos lisos o alisados,NATCHL-167291,"Acondicionador restaurador Lumina Restaura al cabello y disminuye el frizz. Cabellos con efecto liso, prolijos, ultra suaves y con movimiento.Control del frizz durante 24 horas.Alinea las cutículas.Recarga de nutrientes.• Producto vegano • Contra pruebas en animales • Envases ecológicos (plástico 100% verde reciclableContenido300 mlSobre la línea Lumina:Tratamiento capilar de alta tecnología para revelar la belleza única que hay en toda mujer y en todo cabello. Natura Lumina. Tu cabello, tu verdad.Cabello regenerado en la medida exacta de cada daño. Reducción de hasta un 70% en la porosidad de",https://www.natura.cl/p/acondicionador-restaurador-para-cabellos-lisos-o-alisados-300-ml/NATCHL-167291
Repuesto Máscara Nutrición y Reparación Profunda Lumina,NATCHL-147447,• sistema de Nutrición y Reparación Profunda | • nuevos empaques y aún más tecnología para cuidar tu cabello | • con BioProteína de Triple Acción y activo Nutrirrevitalización | • promueve 2 veces más nutrición con reparación y sellado de las fibras capilares* | • un paso esencial en tu ritual | • fórmula que reduce el frizz hasta 3 veces | • disminuye el volumen y las puntas abiertas hasta 2 veces | • tipo de cabello: todo tipo de cabello | • cruelty free | • vegano | • tipo de tratamiento: nutrición y reparación profunda,https://www.natura.cl/p/repuesto-mascara-reparadora-250-ml/NATCHL-147447
Esmalte De Unas 3D Gel Una 8Ml,NATCHL-15352,• tecnología PRO Color & Care | • enriquecido con extracto de algas | • ingredientes que ayudan al cuidado y nutrición de las uñas | • efecto gel con protección contra la luz UV | • larga duración y brillo extraordinario en gel | • acabado profesional | • fácil remoción | • producto vegano | • sin pruebas en animales | • 9 FREE | • hipoalergénico,https://www.natura.cl/p/esmalte-de-unas-3d-gel-una-contraponto-630-8ml/NATCHL-15352
Repuesto Loción Hidratante,NATCHL-106418,• creado especialmente para la piel sensible del bebé | • contiene lo esencial para una hidratación eficaz | • enriquecido con aceites 100% vegetales y manteca de cupuaçu | • forma una capa protectora sobre la piel | • se absorbe rápidamente | • puede usarse después del baño y siempre que sea necesario | • ayuda a que tu bebé crezca más tranquilo y seguro | • todos nuestros productos para bebés son hipoalergénicos | • contiene bioactivo: manteca de cupuaçu | • testado dermatológicamente | • edad recomendada: de 0 a 3 años | • cruelty free | • vegano | • tipo de piel: sensible | • textura: crem,https://www.natura.cl/p/repuesto-locion-hidratante-200-ml-mama-y-bebe-200-ml/NATCHL-106418
Repuesto Shampoo Antidaños y Reconstrucción Murumuru Ekos,NATCHL-112773,"• acción antidaños | • reconstruye el cabello desde la raíz | • cabello mucho más nutrido y saludable | • limpia sin resecar el cabello | • no daña el cuero cabelludo | • elaborado con manteca pura de murumuru, que combate la sequedad y los daños en el cabello | • perfuma tu cabello con la cremosidad del sándalo, notas de ámbar y toques florales | • fórmula con 93% de ingredientes de origen natural, sin sulfatos, parabenos ni siliconas | • producto vegano y libre de crueldad animal",https://www.natura.cl/p/repuesto-shampoo-murumuru-ekos-300ml/NATCHL-112773
Colonia Infantil Naturé Corre corre 100ml,NATCHL-128757,"• fragancia con aroma a niñez feliz | • combina frutas rojas, alegría y mucho color | • incentiva a los niños a explorar los aromas de la naturaleza | • fragancias alegres y envases divertidos | • una invitación a jugar al aire libre | • concentración: eau de cologne | • familia olfativa: frutal | • edad sugerida: 4 a 8 años | • cruelty free | • vegano | • ocasión: uso diario, después del baño",https://www.natura.cl/p/agua-de-colonia-nature-corre-corre-100-ml/NATCHL-128757
Shampoo restaurador para cabellos lisos o alisados,NATCHL-167286,"Shampoo Restaurador Lumina Limpieza equilibrada de larga duración. Remueve los residuos post- alisado.Cabello más suave y resistente.• Producto vegano • Contra pruebas en animales • Envases ecológicos (plástico 100% verde reciclable)Modo de uso1. Aplique el Shampoo en el cabello mojado, masajeando el cuero cabelludo.2. Enjuagar asegurando no dejar residuos de producto.Contenido300 mlSobre la línea Lumina:Tratamiento capilar de alta tecnología para revelar la belleza única que hay en toda mujer y en todo cabello. Natura Lumina. Tu cabello, tu verdad.Cabello regenerado en la medida exacta de cad",https://www.natura.cl/p/shampoo-restaurador-para-cabellos-lisos-o-alisados-300-ml/NATCHL-167286
Lapiz Para Cejas Faces,NATCHL-10159,"• fácil de aplicar | • dura hasta 24 horas | • alta pigmentación | • rellena, define y delinea las cejas | • cepillo en la punta para peinar las cejas | • textura suave",https://www.natura.cl/p/lapiz-para-cejas-castano-faces-114g/NATCHL-10159
Lapiz Para Cejas Faces,NATCHL-00065,"• fácil de aplicar | • dura hasta 24 horas | • alta pigmentación | • rellena, define y delinea las cejas | • cepillo en la punta para peinar las cejas | • textura suave",https://www.natura.cl/p/lapiz-para-cejas-faces/NATCHL-00065
Máscara alargamiento infinito,NATCHL-106122,• a prueba de agua | • efecto de hasta 200 % más alargamiento* | • fórmula ultraligera | • no forma grumos | • no daña las pestañas al remover | • producto vegano | • alarga las pestañas | • apto para lentes de contacto | • testado dermatológicamente | • cruelty free | • resistente al agua | • zona de aplicación: ojos,https://www.natura.cl/p/mascara-alargamiento-infinito-8ml/NATCHL-106122
Jabón Líquido Exfoliante para el Cuerpo Ekos Açaí,NATCHL-97261,piel renovada y más uniforme con la potencia antioxidante del açaí.• jabón líquido que limpia suavemente y exfolia la piel • elimina las células muertas durante el baño • mantiene el pH natural de la piel • baño perfumado con fragancia frutal y notas vibrantes • la línea Ekos Açaí contribuye a la regeneración de la selva y fortalece los ingresos de 368 familias guardianas de la Amazonía• 97% de origen natural.,https://www.natura.cl/p/jabon-liquido-exfoliante-para-el-cuerpo-ekos-acai-185-ml/NATCHL-97261
Aceite de limpieza desmaquillante Chronos,NATCHL-171365,"• elimina hasta el 100 % del maquillaje a prueba de agua y del protector solar | • no deja residuos grasos | • textura en aceite que al contacto con el agua se transforma en jabón | • no requiere el uso de algodón | • fácil de enjuagar | • cuida la piel | • aumenta la hidratación y suavidad | • contiene bioactivo: Cacao, repone componentes esenciales de la piel | • testado dermatológicamente | • apto para la zona de los ojos | • edad sugerida: 18+ | • libre de crueldad animal | • vegano | • ocasión: limpieza | • tipo de piel: todo tipo de piel | • textura: aceite | • zona de aplicación: rostro",https://www.natura.cl/p/aceite-de-limpieza-desmaquillante-chronos--115-ml/NATCHL-171365
Base Stick FPS 50 Una,NATCHL-181515,base cremosa en formato stick con FPS 50 y ácido hialurónico.• hidrata la piel de forma inmediata y duradera • acabado natural y cobertura de leve a media • eficacia comprobada • larga duración de 24 horas • indicada para piel mixta a seca • formato stick fácil de aplicar y de difuminar • protege la piel de los daños causados por el sol • también puede usarse como contorno.,https://www.natura.cl/p/base-stick-fps-50-una-12-g/NATCHL-181515
Repuesto Shampoo Infantil Rizados Naturé 250ml,NATCHL-102401,• shampoo para cabellos rizados y crespos | • limpia con una espuma cremosa que no reseca el cabello | • dejando los rizos desenredados y definidos | • cuenta con una deliciosa fragancia frutal con aroma a niño feliz | • no irrita los ojos | • ideal para cabellos con curvatura de 3A a 4C | • testado dermatológicamente | • edad sugerida: 4 a 8 años | • tipo de cabello: rizado y crespo | • cruelty free | • vegano,https://www.natura.cl/p/repuesto-shampoo-nature-cabello-rizado-y-crespo-250-ml/NATCHL-102401
Jabón Líquido Exfoliante para el Cuerpo Ekos Maracuyá,NATCHL-70405,"limpia suavemente y exfolia con la potencia antiestrés del maracuyá.• elimina las células muertas durante el baño • promueve una sensación de baño relajante • jabón vegano que mantiene el pH natural de la piel • deja tu piel renovada y más uniforme • hecho con aceite bruto de maracuyá, rico en ácidos grasos esenciales • la línea Ekos Maracuyá fortalece el ingreso de 876 familias guardianas de la Amazonía• 97% de origen natural.",https://www.natura.cl/p/jabon-liquido-exfoliante-para-el-cuerpo-ekos-maracuya-185-ml/NATCHL-70405
Crema nutritiva para cuerpo Tododia té de manzanilla y lavanda,NATCHL-121962,"• piel recuperada y protegida con el poder de la nutrición prebiótica + B5 | • combinación de ingredientes que hidrata hasta las capas más profundas de la piel | • textura cremosa, fácil de aplicár y de rápida absorción | • fragancia relajante* de té de manzanilla y lavanda, acogedora y original, con notas florales aromáticas",https://www.natura.cl/p/crema-nutritiva-para-cuerpo-tododia-te-de-manzanilla-y-lavanda-400-ml/NATCHL-121962
Manteca Hidratante para el Cuerpo Ekos Castaña,NATCHL-69820,"100% más hidratación con la potencia antirresequedad de la castaña.*• manteca corporal con textura cremosa y aterciopelada• combate los signos de resequedad de la piel • hecho con aceite bruto de castaña, rico en omegas 6 y 9 • protege y hidrata, dejando la piel regenerada y suave • la línea Ekos Castaña contribuye a la regeneración de la Amazonía y ayuda a fortalecer los ingresos de 689 familias guardianas de la selva vinculadas a la cosecha sustentable• 97% de origen natural. *porcentaje de participantes con resultados positivos en la evaluación del atributo mencionado",https://www.natura.cl/p/manteca-hidratante-para-el-cuerpo-ekos-castana-200-g/NATCHL-69820
Eau de Toilette Masculino Sr. N Clásico,NATCHL-69198,"• concentración: eau de cologne | • familia olfativa: cítrica | • notas de salida: limón, bergamota, lima, pomelo, gálbano, hojas de cassis | • notas de corazón: flor de azahar, cardamomo, lavanda, artemisa | • notas de fondo: vetiver, maderas transparentes, almizcle, vainilla, aceite esencial de pachulí, cedro | • cruelty free | • vegano | • ocasión: día a día | • subfamilia: aromática",https://www.natura.cl/p/sr-n-clasico-eau-de-toilette-masculino/NATCHL-69198
Spray Desenredante Naturé,NATCHL-166874,"cabellos sueltos, brillo garantizado, del sol quedan protegidos.• acción anticloro y antisalinidad del mar • cuida los daños causados por sol, playa y piscina • más hidratación, brillo y suavidad • potencia el desenredo • aprobado por pediatras • fragancia con aroma refrescante, como un chapuzón en el agua • empaque Naturé divertido • rendimiento comprobado • 96% de ingredientes naturales • sin silicona y sulfato.",https://www.natura.cl/p/spray-desenredante-nature-150-ml/NATCHL-166874
Eau de Toilette Humor + vibraciones (dice vibras),NATCHL-206238,"despierta buenas sensaciones con +vibras positivas• la fragancia perfecta para esos días en que solo el humor salva • un desodorante colonia aromático frutal lleno de buen ánimo • para atraer las mejores vibras, sensación de positividad y bienestar • fórmula creada y probada por la neurociencia para perfumar y potenciar las emociones positivas • puede ser usado solo o en conjunto con otras fragancias de la línea Humor",https://www.natura.cl/p/eau-de-toilette-humor--vibraciones-25ml/NATCHL-206238
Acondicionador Reparación Flor de cereza y Palta Tododia,NATCHL-154876,"• repara y revitaliza el cabello | • repara cabellos dañados por procedimientos químicos | • fórmula con 94% de ingredientes de origen natural | • para todo tipo de rizos | • fragancia femenina y envolvente, con notas de flor de cerezo | • deja el cabello con aspecto saludable | • reduce las puntas abiertas | • tecnología prebiótica que cuida desde la raíz hasta las puntas",https://www.natura.cl/p/acondicionador-reparador-flor-de-cereza-y-palta-tododia-280-ml/NATCHL-154876
Jabones en barra puro vegetal surtidos Ekos tukumá,NATCHL-134576,• sensación cremosa | • textura rica | • envuelve tu piel con suavidad y cuidado | • revitalizante | • piel fresca y renovada después de cada uso,https://www.natura.cl/p/jabones-en-barra-puro-vegetal-surtidos-ekos-tukuma-4-unidades-de-100-g-cu/NATCHL-134576
Protector Solar Facial Piel Normal a Seca FPS 50 Natura Solar,NATCHL-176913,"protección contra los daños del sol e hidratación para piel normal a seca • promueve hidratación revitalizante por hasta 8 horas • loción con textura ligera y acabado invisible • con tecnología de bioprotección de triple acción que ayuda en la protección, prevención y cuidado • alta protección solar con FPS UVB 50 y FPUVA 20 • con complejo nutritivo que mantiene la hidratación por más tiempo • fórmula no comedogénica, que no obstruye ni bloquea los poros • resistencia al agua y al sudor, siendo ideal desde el uso diario hasta la alta exposición solar • fragancia refrescante: con complejo de no",https://www.natura.cl/p/protector-solar-facial-piel-normal-a-seca-fps-50-natura-solar-50-ml/NATCHL-176913
Jabones en barra puro vegetal Hojas de Limón y Guanábana,NATCHL-2835,"• limpieza suave: no agrede ni reseca la piel, manteniendo su hidratación natural | • 97% de ingredientes de origen natural: mayor afinidad con tu piel | • espuma cremosa y envolvente: una deliciosa sensación de suavidad en la piel | • explosión de fragancias: transforma el baño en un momento especial de tu día | • fragancia que sorprende: vigorizante y fresca, con notas aromáticas y cremosas | • piel suave y lista para recibir tu crema nutritiva TodoDía",https://www.natura.cl/p/jabones-en-barra-puro-vegetal-hojas-de-limon-y-guanabana-tododia-5x90g/NATCHL-2835
Kit Crema Corporal y Body Splash Tododia Cereza Negra y Praliné,NATCHL-245446,"2x más fragancia en tu día a día• crema corporal aterciopelada con fragancia intensa y duradera • hidratación intensa, con sensación seca y fácil de extender, sin dejar la piel pegajosa • piel más firme, con activos que estimulan la producción de colágeno • body splash que es una invitación a perfumar el cuerpo con una fragancia ligera • inspirado en la combinación de notas sorprendentes, traducidas en fragancias irresistibles que dan el toque final al cuidado diario • camino olfativo: dulce frutal con notas de naranja, pera, durazno, cereza negra, rosa, muguet, almizcle y cedro contiene 1 rep",https://www.natura.cl/p/kit-crema-corporal-y-body-splash-tododia-cereza-negra-y-praline/NATCHL-245446
Spray Definición Intensa Lumina 150ml,NATCHL-148419,"• nuevo envase | • nueva fragancia | • más tecnología para el cuidado del cabello | • bioproteína de Triple Acción y Complejo de Chía, Linaza y Aceite de Ricino | • un sistema que garantiza el doble de definición | • brillo intenso y acción antifrizz | • un paso esencial en tu rutina de cuidado | • fórmula que reactiva instantáneamente la definición de los rizos | • devuelve la hidratación y deja el cabello hasta 3 veces más suave | • reactivación inmediata: hasta 57% más definición | • perfecto para el day after | • recupera la hidratación del cabello | • producto vegano | • tipo de cabello: ",https://www.natura.cl/p/spray-humidificador-reactivador-150-ml/NATCHL-148419
Shampoo Infantil Lisos y Ondulados Naturé 250ml,NATCHL-102395,"• shampoo para cabello liso y ondulado | • ideal para cabellos con curvas de 1A a 2C | • fórmula aprobada por padres y pediatras | • deja el cabello suelto, brillante y fuerte | • limpia suavemente con una espuma cremosa y perfumada | • no reseca el cabello | • fragancia con aroma a niñez feliz | • envase divertido Naturé, que invita a jugar en la naturaleza",https://www.natura.cl/p/shampoo-cabello-liso-y-ondulado-nature-250-ml/NATCHL-102395
Jabón en Barra Puro Vegetal Ekos Açaí,NATCHL-124395,piel limpia y perfumada con fragancia tropical de Ekos Açaí.• jabón que limpia sin resecar • perfuma el cuerpo con la fragancia de Ekos Açaí • jabón vegano que mantiene la hidratación natural de la piel • hecho con aceite 100% vegetal extraído de forma sustentable • fórmula biodegradable exclusiva • la línea Ekos Açaí contribuye a la regeneración de la selva y ayuda a fortalecer los ingresos de 368 familias guardianas de la Amazonía• 97% de origen natural.,https://www.natura.cl/p/jabon-en-barra-puro-vegetal-ekos-acai-4-un-de-100-g/NATCHL-124395
Miniatura Eau de Toilette Femenino Kaiak Océano 25ml,NATCHL-170511,"siente la emoción de un inmersion refrescante. • como la emoción única de explorar los jardines de corales en el fondo del mar • este floral acuoso combina notas frescas de algas y matices frutales, armonizándose con la densidad del ámbar marino y un toque especial de frescura de la pataqueira, ingrediente de la biodiversidad brasileña • la fragancia de Kaiak Oceano Femenino representa la esencia del océano, creando una experiencia olfativa refrescante y envolvente para las mujeres que fluyen como las aguas • envase hecho con más de 50% de plástico reciclado retirado de ciudades costeras.* *% ",https://www.natura.cl/p/kaiak-oceano-eau-de-toilette-femenino-miniatura-25-ml/NATCHL-170511
Fluido matizador Matización y Restauración Lumina 150ml,NATCHL-148450,• nuevos envases | • nueva fragancia | • más tecnología para cuidar tu cabello | • con BioProteína Triple Acción y Activo Matizador | • sistema que promueve matización progresiva | • 7 veces más resistencia* | • protección contra los rayos UV | • tipo de cabello: rubios y canosos | • cruelty free | • vegano | • tipo de tratamiento: matización y restauración,https://www.natura.cl/p/fluido-matizador-multibeneficios-150-ml/NATCHL-148450
Repuesto Polvo Compacto Nude Me Una,NATCHL-00035,"• efecto natural, como una segunda piel, sin cuartearse | • acabado mate de larga duración con efecto Nude Me | • natural, como si fuera tu propia piel, sin marcar líneas | • cobertura personalizable que disimula poros y líneas finas | • controla la luminosidad | • resistente al agua y al sudor | • dermatológicamente probado | • cruelty free | • vegano | • zona de aplicación: rostro",https://www.natura.cl/p/repuesto-polvo-compacto-nude-me-una-10-g/NATCHL-00035
Desmaquillante bifásico intensivo Chronos,NATCHL-137976,"• no deja residuos de maquillaje | • ideal para el área de ojos y labios | • cuida la piel desde la primera aplicación | • hidrata hasta 24 horas | • limpia sin agredir | • posee bioactivo: candeia, calma la piel | • testado dermatológicamente | • adecuado para la zona de los ojos | • edad sugerida: 18+ | • cruelty free | • vegano | • ocasión: limpieza | • tipo de piel: todo tipo de piel | • textura: fluida | • zona de aplicación: rostro y cuello",https://www.natura.cl/p/desmaquillante-bifasico-intensivo-chronos-150-ml/NATCHL-137976
Repuesto Acondicionador Lumina Fuerza y reparación molecular,NATCHL-164512,"Repuesto Acondicionador Lumina Fuerza y reparación molecular Cabellos fuertes y protegidos contra el quiebre.79% menos plástico que el envase originalMenor desperdicio del productoFácil apertura y almacenamientoProceso de uso de repuesto más práctico y rápidoContenido300 mlSobre la línea Lumina:Tratamiento capilar de alta tecnología para revelar la belleza única que hay en toda mujer y en todo cabello. Natura Lumina. Tu cabello, tu verdad.Cabello regenerado en la medida exacta de cada daño. Reducción de hasta un 70% en la porosidad de los cabellos. Cabellos saludables desde la primera aplicaci",https://www.natura.cl/p/repuesto-acondicionador-lumina-fuerza-y-reparacion-molecular-300-ml/NATCHL-164512
Repuesto Crema antiseñales fortalecimiento y nutrición Chronos 80+ día,NATCHL-134694,• protege la piel de los rayos solares y de las agresiones diarias | • fórmula que nutre y fortalece la piel | • tratando los signos del envejecimiento propios de esta etapa de la vida | • resultados reales y comprobados por dermatólogos | • atenúa los impactos causados en la piel durante la postmenopausia | • más del 95% de las mujeres con la piel más uniforme en 2 semanas¹ | • activo: ceramida – repone componentes esenciales que fortalecen la piel | • bioactivo: cupuaçu – brinda hidratación nutritiva | • testado dermatológicamente | • protección solar: FPS 30 y FPUVA 10 | • edad sugerida: 80,https://www.natura.cl/p/repuesto-crema-antisenales-fortalecimiento-y-nutricion-chronos-80-dia-40-g/NATCHL-134694
Eau de Parfum Natura 875 Vetiver Capitiú 50 ml,NATCHL-151025,"la mayor expresión de la naturaleza en perfume • un cítrico amaderado para darle más frescura a tus días • combinaciones autorales y exclusivas de nuestros ingredientes naturales latinoamericanos con ingredientes clásicos de la perfumería mundial, que sorprenden los sentidos y las emociones • Natura 875 Eau de Parfum trae una combinación exclusiva de los aceites naturales del vetiver, un clásico de la perfumería mundial, y del capitiú, arbusto nativo de la Amazonía • co-creado por nuestra master perfumista, Verônica Kato, y renombrados perfumistas del mundo • ingredientes naturales desarrollad",https://www.natura.cl/p/eau-de-parfum-natura-875-vetiver-capitiu-50-ml/NATCHL-151025
Repuesto Acondicionador Brillo y Protección del Color Lumina,NATCHL-148405,• nuevos empaques | • más tecnología para cuidar tu cabello | • con BioProteína de Triple Acción y activo Escualano Vegetal | • sistema que prolonga el color hasta por 12 semanas | • cabello 3 veces más luminoso* | • acondicionador protector para cabello opaco o teñido | • un paso esencial en este ritual | • fórmula que combate la porosidad | • deja el cabello 8 veces más suave | • tipo de cabello: todo tipo de cabello | • cruelty free | • vegano | • tipo de tratamiento: brillo y protección del color,https://www.natura.cl/p/repuesto-acondicionador-protector-300-ml/NATCHL-148405
Crema nube relajante para el cuerpo Tododia té de manzanilla y lavanda,NATCHL-121958,"• textura sorprendente, suave y delicada como una nube | • ideal para un automasaje antes de dormir | • repara tu piel mientras duermes | • piel recuperada y protegida con el poder de la nutrición prebiótica + B5 | • fragancia relajante* de té de manzanilla y lavanda, acogedora con notas florales aromáticas | • comprobado a través de investigación sensorial con consumidores",https://www.natura.cl/p/crema-nube-relajante-para-el-cuerpo-tododia-te-de-manzanilla-y-lavanda-200-ml/NATCHL-121958
Jabones en barra puro vegetal Avellana y Casis,NATCHL-74852,"• limpieza delicada | • mantiene la hidratación natural de la piel | • 97% de ingredientes naturales: mayor afinidad con tu piel | • espuma cremosa y envolvente | • fragancia floral dulce, auténtica y envolvente | • fórmula vegana y cremosa: libre de grasa animal | • nuestros jabones eliminan virus, bacterias e impurezas en general | • contiene tensioactivos que rompen la membrana de virus y bacterias | • contiene 5 unidades de 90g cada una",https://www.natura.cl/p/jabones-en-barra-puro-vegetal-avellana-y-casis-5x90gr/NATCHL-74852
Aceite para masajes,NATCHL-92815,• hidrata y repara la piel del bebé | • contiene aceite de almendras | • esencial para el masaje de la piel sensible del bebé | • facilita el deslizamiento de las manos y proporciona un masaje agradable | • aprobado por pediatras | • dermatológicamente comprobado | • producto vegano,https://www.natura.cl/p/aceite-para-masajes-mama-y-bebe-100ml/NATCHL-92815
Kit Lumina Repuestos Anticaída y Crecimiento,NATCHL-219212,"No incluye bolsa• el shampoo limpia, estimula el cuero cabelludo y reduce en 2 veces la caída por quiebre • el acondicionador hidrata, promueve 6 veces más resistencia y deja el cabello 8 veces más fácil de peinar • fórmulas con BioProteína Triple Acción y Activo Dermoactivador • empaques de repuesto más económicos, prácticos y sostenibles • cabello más resistente, con cuerpo y con vitalidad. contiene 2 repuestos de shampoo 300 ml 2 repuestos de acondicionador 300 ml",https://www.natura.cl/p/kit-repuestos-lumina-anticaida-y-crecimiento/NATCHL-219212
Sérum para uñas y cutículas,NATCHL-109481,"• fortalece las uñas, previniendo su quiebre desde la primera aplicación | • hidrata y reduce el crecimiento de las cutículas | • alta concentración de ingredientes naturales | • producto vegano, con pincel especial de fácil aplicación",https://www.natura.cl/p/serum-para-unas-y-cuticulas-10ml/NATCHL-109481
Sombra trío Faces 3 gr,No detectado,"• colores que iluminan y realzan tu mirada | • tonos audaces y clásicos | • proporciona color, profundidad y luminosidad a la mirada | • perfecto para quienes buscan colores vibrantes con alta pigmentación",https://www.natura.cl/p/sombra-trio-faces-3-gr/NATCHL-PADRE89500
Hidratante Facial Intensivo Faces,NATCHL-189563,el Hidratante Intensivo es el tercer paso en tu nueva rutina de cuidado de la piel.• hidratante con activos de cuidado de la piel • piel saludable y lista para el día a día • hidratación inmediata y prolongada por hasta 48 horas • aumento de la hidratación de la piel en el 100% de las participantes que evaluaron el producto*. *datos obtenidos a través de un estudio clínico con evaluación instrumental de la hidratación de la piel.,https://www.natura.cl/p/hidratante-facial-intensivo-faces-50-ml/NATCHL-189563
Kit Tododia Reparación completo,NATCHL-199060,"No incluye bolsaKit Tododia Reparación completoRutina Reparación Completa Tododia Cabellos.Con óleo de palta que recupera y repara los cabellos dañados post procedimientos químicos. Perfecto para cuando buscas revitalizar las hebras y repararlas de los daños causados por procedimientos químicos. Con tecnología prebiótica, que combina los mejores Nutrientes que cuidan de las necesidades de cada cabello más Prebióticos que protegen y equilibran el cuero cabelludo. Cuidado desde la raíz hasta las puntas.Contenido1 Shampoo Reparador Tododia Flor de cereza y Palta Tododia - 300 ml1 Acondicionador R",https://www.natura.cl/p/kit-tododia-reparacion-completo/NATCHL-199060
"Gloss Labial Faces 5,5 g",NATCHL-175111,"• 4 colores tendencia | • el mejor acabado glossy | • labios hidratados y llenos de color | • brillo intenso | • cuantas más capas, más color y brillo | • con vitamina E | • hidrata tus labios intensamente por 24 horas | • pigmentación y un toque radiante | • dermatológicamente probado | • edad sugerida: a partir de 18 años | • cruelty free | • vegano | • textura: gloss",https://www.natura.cl/p/gloss-labial-faces-55-g/NATCHL-175111
Crema Hidratante para Manos Ekos Tukumá,NATCHL-19904,"48 horas de hidratación para las manos y uñas con la potencia antiseñales del tukumá.• tu hidratante favorito cambió, pero sigue con textura y fragancia deliciosas • crema de manos hecha con manteca bruta de tukumá, que estimula la producción natural de ácido hialurónico* • rellena la piel y combate los signos de envejecimiento prematuro de las manos • hidratación inmediata para manos y uñas • textura cremosa de rápida absorción • nuevo empaque 100% aluminio reciclado • la línea Ekos tukumá contribuye a la regeneración de la Amazonía y fortalece los ingresos de 702 familias guardianas de la se",https://www.natura.cl/p/crema-hidratante-para-manos-ekos-tukuma-75-g/NATCHL-19904
Crema Corporal Nutrición Radiante Tododia Pera y Flor de Loto,NATCHL-172094,"piel 4 veces más hidratada.• nutre y ayuda en la recuperación de la uniformidad de la piel • textura cremosa y fácil de aplicar, con rápida absorción • enriquecido con niacinamida, pantenol y aceite de sésamo • Tecnología Prebiótica que se adapta a los cambios de tu piel.",https://www.natura.cl/p/crema-corporal-nutricion-radiante-tododia-pera-y-flor-de-loto-400-ml/NATCHL-172094
Una Serum Labial,NATCHL-106294,• labios hidratados y naturalmente radiantes | • hidratación profunda por hasta 48 horas | • tecnología de partículas con la cantidad ideal de pigmentos que deja los labios naturalmente coloreados | • complejo nutritivo y antioxidante que une el óleo de jojoba y manteca de cupuaçu | • textura leve | • llena las líneas finas de los labios | • fácil aplicación. Confort inmediato,https://www.natura.cl/p/una-serum-labial-incolor-18g/NATCHL-106294
Colonia Infantil Naturé Salta salta 100ml,NATCHL-128758,"• fragancia con el aroma fresco de jugar en el agua | • combina frutas jugosas, ligereza y ternura | • invita a los niños a explorar los aromas de la naturaleza | • fragancias alegres y envases divertidos | • fomenta el juego al aire libre | • concentración: eau de cologne | • familia olfativa: frutal | • edad sugerida: 4 a 8 años | • cruelty free | • vegano | • ocasión: uso diario, después del baño",https://www.natura.cl/p/agua-de-colonia-nature-salta-salta-100-ml/NATCHL-128758
Delineador líquido precisión Faces,NATCHL-10155,"• trazado fino, mayor precisión y fácil aplicación | • Color intenso | • Fácil aplicación | • Acabado Mate | • Producto vegano | • mirada impactante",https://www.natura.cl/p/delineador-liquido-precision-faces/NATCHL-10155
Repuesto Shampoo Brillo y Protección del Color Lumina 300ml,NATCHL-148175,• limpia suavemente | • elimina los residuos diarios que se acumulan en el cuero cabelludo y en el cabello | • brillo intenso y duradero | • prolonga el color hasta por 12 semanas y deja el cabello 3 veces más luminoso* | • nuevo envase | • fórmula con BioProteína Triple Acción + Activo Escualano Vegetal | • producto vegano | • antidesvanecimiento | • BioProteína Triple Acción + Activo Escualano Vegetal | • tipo de cabello: todo tipo de cabello | • cruelty free | • tipo de tratamiento: brillo y protección del color,https://www.natura.cl/p/shampoo-revitalizante-lumina-brillo-y-proteccion-del-color-300-ml/NATCHL-148175
Gloss Labial Volumen Inmediato Incoloro Una,NATCHL-164824,"labios más voluminosos con acción refrescante.• 72 horas de hidratación activa • 5 horas de efecto plump • 19% volumen inmediato* • brillo sofisticado que no se pega ni migra • textura cómoda y no pegajosa que se desliza fácilmente • rellena y da volumen a los labios • neurocosmético: promueve una agradable sensación de calor en la piel y actúa directamente sobre los receptores neurológicos • fórmula enriquecida con ácido hialurónico, escualano y manteca de tukumá bioactiva. *datos obtenidos a través de un estudio clínico con evaluación instrumental de la hidratación de la piel.",https://www.natura.cl/p/gloss-labial-volumen-inmediato-incoloro-una-5-ml/NATCHL-164824
Base Matte Una,NATCHL-00064,"• tratamiento para reducción de oleosidad | • después de 8 horas, reducción de más del 50% de la oleosidad de la piel | • el 100% de las voluntarias presentaron reducción de la oleosidad durante el día | • control de brillo inmediato | • acabado mate para piel normal a grasa | • cobertura media | • larga duración | • reduce la apariencia de imperfecciones | • tecnología de pigmentos que protegen contra los daños causados por la luz azul | • probado dermatológica y oftalmológicamente | • no comedogénico | • contiene babaçu, activo de la biodiversidad brasileña que ayuda a controlar inmediata y ",https://www.natura.cl/p/base-matte-una-30ml/NATCHL-00064
Sacapuntas doble,NATCHL-72978,"sacapuntas para mantener tus lápices de ojos y labios siempre listosSacapuntas para mantener tus lapices de ojos y labios. Contenido: 1 unidad. Sobre le línea Una: Una cree en la belleza genuina, que se expresa en el rostro, el gesto y la forma de ser de cada mujer. La belleza de sentirse bien en su propia piel. Natura Una, la mejor expresión de tu belleza.",https://www.natura.cl/p/sacapuntas-doble/NATCHL-72978
Máscara Mega Fantástica Negra Natura Faces,NATCHL-67666,"Máscara para pestañas mega fantástica Faces - 7mlLa Máscara Mega Fantástica Negra Natura Faces deja tuspestañas más largas, curvadas y con volumen. Posee fórmulacon D-pantenol, que auxilia en la hidratación de las pestañas yevita que se quiebren. Es ideal para dejar tu mirada impactanteen cualquier ocasión.",https://www.natura.cl/p/mascara-para-pestanas-mega-fantastica-faces-7ml/NATCHL-67666
Repuesto Acondicionador Anticaída Patauá Ekos 300ml,NATCHL-112781,"• potencia la acción anticaída del cabello | • elaborado con aceite puro de patauá | • cabello 2 veces más resistente a la caída* | • hebras más fuertes, resistentes y con cuerpo | • fórmula con 93% de ingredientes de origen natural, sin parabenos y sin siliconas | • producto vegano y cruelty free",https://www.natura.cl/p/acondicionador-repuesto-ekos-pataua-300-ml/NATCHL-112781
Eau de Parfum Femenino Luna Intenso 50ml,NATCHL-90927,• fragancia única y sensual | • combinación perfecta de pachulí con notas gourmand de vainilla | • selección de florales femeninos con notas cremosas y aterciopeladas de durazno | • perfuma hasta por 10 horas | • vegano,https://www.natura.cl/p/luna-intenso--edp-femenina-luna-50ml/NATCHL-90927
Desodorante Corporal en Spray Humor Próprio,NATCHL-56757,"• fragancia floral-frutal llena de personalidad femenina | • fórmula liviana y perfumada | • ayuda a combatir el mal olor | • perfuma la piel de forma suave y duradera | • perfecta para mujeres que disfrutan destacar con naturalidad | • liviana, ideal para reaplicar durante el día | • no mancha la ropa ni irrita la piel",https://www.natura.cl/p/desodorante-corporal-en-spray-humor-proprio-100ml/NATCHL-56757
Paleta PRO de Sombras Una Safira,NATCHL-171113,"construye looks versátiles de alta pigmentación y larga duración.• 12 horas de duración con eficacia comprobada • diferentes acabados, colores y texturas • acabado mate: textura suave y aterciopelada• acabado glow: brillo intenso y fácil aplicación• innovadora textura soft: aplicación cream to powder con acabado aterciopelado y seco al aplicar • con tecnología de partículas: combinación que proporciona un toque aterciopelado y alta pigmentación • empaque sofisticado con espejo y cierre magnético • producto multifuncional: puede ser utilizado como sombra, iluminador y rubor.",https://www.natura.cl/p/paleta-pro-de-sombras-una-zafiro-7-g/NATCHL-171113
Pincel base cremosa,NATCHL-109002,"Pincel base cremosaPincel base cremosaCerdas suaves y densas. Su formato logra precisión en todos los ángulos, proporcionando una cobertura uniforme , de media a alta. Puede ser utilizado con bases cremosas y líquidas.Ideal para: Bases cremosas de cobertura alta.Sobre la línea UnaNatura UNA es una línea premium y sofisticada de maquillaje, que despierta el placer por los sentidos. Uniendo performance y tecnología con ingredientes naturales que cuidan la piel de una manera única y que buscan resultados profesionales.",https://www.natura.cl/p/pincel-base-cremosa/NATCHL-109002
Jabones en barra Sr.N,NATCHL-15811,"• 1º paso: esparce el Jabón en Barra 2 en 1 sobre la piel del cuerpo hasta formar espuma y luego enjuaga | • 2º paso: para afeitar, se recomienda su uso hasta 4 veces por semana",https://www.natura.cl/p/jabon-en-barra-puro-vegetal-sr-n-cremoso/NATCHL-15811
Jabón Líquido Exfoliante Corporal Ekos Tukumá 185 ml,NATCHL-98767,"piel renovada y más uniforme con la potencia antiseñales del tukumá.• jabón líquido que limpia suavemente y exfolia la piel • elimina las células muertas durante el baño • jabón vegano que mantiene el pH natural de la piel • deja tu piel renovada y más uniforme • hecho con aceite crudo de tukumá, un potente antiedad • la línea Ekos tukumá contribuye a la regeneración del Amazonas y fortalece los ingresos de 702 familias guardianas del bosque vinculadas a la cosecha sostenible.",https://www.natura.cl/p/jabon-liquido-exfoliante-para-el-cuerpo-ekos-tukuma-185-ml/NATCHL-98767
Booster hidratante facial Faces,NATCHL-118910,• hidrata y prepara tu piel para el maquillaje | • revitaliza e ilumina la piel | • textura refrescante con efecto frozen (cuando se guarda en la nevera) | • reduce la apariencia de piel cansada | • textura ligera y toque seco | • absorción rápida | • no deja la piel grasa | • piel aterciopelada | • fácil de esparcir | • vegano y cruelty free | • probado dermatológicamente | • edad sugerida: a partir de los 18 años | • ocasión: tratamiento intensivo | • para todo tipo de piel | • textura: gel | • zona de aplicación: rostro y cuello,https://www.natura.cl/p/booster-hidratante-facial-faces---35-g/NATCHL-118910
Ampolla Matización y Restauración Lumina 4 x 20ml,NATCHL-148159,• con BioProteína de Triple Acción y Activo Matizador | • promueve matización progresiva y 7 veces más resistencia | • paso esencial en tu ritual de tratamiento | • para cabellos rubios y canosos | • fórmula potente que neutraliza los tonos amarillentos no deseados | • cruelty free | • producto vegano | • tipo de tratamiento: matización y restauración | • contiene 4 unidades de 20 ml cada una,https://www.natura.cl/p/ampolla-restauracion-antiamarillamiento-4x-20-ml/NATCHL-148159
Repuesto Eau de Parfum Masculino Essencial Exclusivo 100ml,NATCHL-110250,"• una creación moderna y sofisticada con copaíba, una madera proveniente de la biodiversidad brasileña | • combina especias frescas como el cardamomo y la pimienta | • una fragancia exclusiva que hace de cada momento algo único | • concentración: deo parfum | • familia olfativa: floral | • notas de salida: aromático fresco, cardamomo LMR, manzana, jengibre, albahaca, coñac | • notas de corazón: geranio, lavanda, pimienta rosada, artemisia | • notas de fondo: cedro, musgo, patchouli, musk y aceites esenciales exclusivos de Natura | • cruelty free | • vegano | • ocasión: para salir o para moment",https://www.natura.cl/p/repuesto-essencial-exclusivo-masculino-100ml/NATCHL-110250
Shampoo 2 en 1 Homem coragio,NATCHL-218364,"fórmula práctica que limpia y acondiciona sin dejar pesado• cabello suave, con mayor movimiento y doble brillo • deja el pelo con aspecto saludable • fácil de aplicar, genera abundante espuma • brinda frescura y cuidado capilar • apto para todo tipo de cabello contiene 1 shampoo 2 en 1 Homem Coragio",https://www.natura.cl/p/shampoo-2-en-1-homem-coragio-100-ml/NATCHL-218364
Chronos D Mini Super Serum,NATCHL-179454,"piel más hidratada y fortalecida en hasta 14 días• más 75% de ácido hialurónico para tu piel • 100% piel más hidratada y fortalecida (en hasta 14 días) • más 92% de relleno inmediato • rellena e hidrata las diferentes capas de la piel, reduciendo arrugas y líneas finas • repone, protege y estimula el ácido hialurónico y los mecanismos esenciales de retención de agua en la piel • activa la vitalidad celular para una piel saludable • contiene activo: probiótico 3%, que equilibra la microbiota; triple ácido hialurónico 1,5%, que rellena e hidrata la superficie, capas intermedias y profundas de la",https://www.natura.cl/p/chronos-d-mini-super-serum-10-ml/NATCHL-179454
Delineador Retractil De Ojos Faces,NATCHL-109141,"• punta retráctil de textura suave que se desliza fácilmente | • delineador fácil de aplicar | • trazo preciso y uniforme | • ideal para crear desde líneas delicadas hasta delineados intensos | • mantiene tu mirada impecable durante todo el día | • punta retráctil que no requiere sacapuntas, garantizando practicidad en el uso | • dermatológicamente probado | • edad sugerida: 18+ | • cruelty free | • vegano",https://www.natura.cl/p/delineador-retractil-de-ojos-black-ink-028g/NATCHL-109141
Labial mate intransferible de larga duración Faces,NATCHL-111466,"• larga duración de hasta 12 horas | • resistente a la fiesta, al movimiento y al ritmo | • colores vibrantes y ultrapigmentados | • expresa el orgullo de ser quien eres | • fácil de aplicar | • deja los labios hidratados y protegidos contra daños de la contaminación física y digital | • también se puede usar como blush | • empaque ecológico | • protege contra la luz azul | • contiene vitamina E",https://www.natura.cl/p/labial-mate-intransferible-de-larga-duracion-faces-nude-beauty-55-ml/NATCHL-111466
Acondicionador Hidratación Manzana verde y Aloe Vera Tododia,NATCHL-154873,• hidrata profundamente sin pesar | • cabello más suave y con movimiento | • fragancia fresca y delicada con notas de manzana verde | • mechones sueltos y brillantes | • textura que se desliza entre los dedos | • recupera el cabello del desgaste diario | • fórmula con 97% de ingredientes de origen natural | • para todo tipo de rizos | • tecnología prebiótica que cuida desde la raíz hasta las puntas,https://www.natura.cl/p/acondicionador-hidratante-manzana-verde-y-aloe-vera-tododia-280-ml/NATCHL-154873
Base Powder UNA,NATCHL-127761,• textura aterciopelada | • combina el rendimiento de una base con la ligereza de un polvo | • fórmula con Tecnología Equilibrium | • regula la oleosidad | • hidrata hasta por 24 horas | • estimula la producción de ácido hialurónico | • alta cobertura | • probado dermatológicamente | • efecto matte | • cruelty free | • textura mousse | • tipo de tratamiento: control de oleosidad | • subtono: frío | • zona de aplicación: rostro,https://www.natura.cl/p/base-powder-una-23f-20-g/NATCHL-127761
Refill Mascarilla Antiedad Regenerador Capilar Lumina 250 ml,NATCHL-174193,"rellena todas las capas de la fibra capilar, combatiendo la rigidez y porosidad del cabello.• versión refill más económica y sustentable • devuelve la textura del cabello • alinea las cutículas del cabello • cabello con dos veces más vitalidad • fórmula con Tecnología Bioproteína Triple Acción + Complejo de Colágeno y Biopéptidos: trata los signos de fragilidad, aspereza y porosidad del cabello canoso, redensifica el cabello mediante la reposición de proteínas y aminoácidos perdidos con el envejecimiento • nueva fragancia con bergamota, fresia y sándalo. beneficios con el uso de la línea compl",https://www.natura.cl/p/refill-mascarilla-antiedad-regenerador-capilar-lumina-250-ml/NATCHL-174193
Colonia Femenina Citricos Aguas de Natura 150ml,NATCHL-95809,"• vive de forma espontánea para conquistar el mundo | • camino olfativo: limón siciliano, lima, bergamota | • intensidad: ligera | • contenido: 150 ml | • con envases coleccionables",https://www.natura.cl/p/aguas-de-natura-citricos-colonia-aguas-150-ml/NATCHL-95809
Pomada Modeladora Homem,NATCHL-171357,"modela los mechones como quieras, de forma práctica y con alta fijación. • efecto mate • fácil de esparcir • no deja residuos en el cabello • con exclusiva tecnología DermoTech®, desarrollada especialmente para la piel masculina, que protege contra las agresiones de la rutina • fragancia que combina con todas las perfumerías de Natura Homem.",https://www.natura.cl/p/pomada-modeladora-homem-100-g/NATCHL-171357
Lápiz retráctil para cejas Una,NATCHL-107556,• fácil de aplicar | • contiene pincel de cerdas firmes para peinar y difuminar | • suaviza los trazos y crea un efecto de cejas naturalmente rellenas | • sin sensación pesada | • 24 horas de duración | • resistente al agua | • tono natural para cabellos claros | • punta fina para trazos precisos | • textura suave | • no necesita sacapuntas (formato retráctil),https://www.natura.cl/p/lapiz-retractil-para-cejas-una-castano-claro-250-mg/NATCHL-107556
Crema antiseñales​ Restauración y cuidado Chronos 70+ día,NATCHL-134697,• protege contra las agresiones del día a día que aceleran el envejecimiento | • acción antioxidante | • alta protección fotoestable con FPS 30 | • hidratación prolongada | • contiene activos biosacáridos y passiflora | • testado dermatológicamente | • perfecto para edades 70+ | • incluye recarga (refill) | • cruelty free | • vegano | • ocasión: antienvejecimiento | • para todo tipo de piel | • textura: gel crema | • tipo de tratamiento: hidratación multibeneficios | • zona de aplicación: rostro y cuello,https://www.natura.cl/p/crema-antisenales-restauracion-y-cuidado-chronos-70-dia-40-g/NATCHL-134697
Jabón Líquido Íntimo Tododia Suave Confort,NATCHL-83641,• delicadeza en el cuidado íntimo para una limpieza suave | • protección e hidratación prolongadas | • fragancia ligera y confortable | • fórmula sin alcohol que respeta tu cuerpo,https://www.natura.cl/p/jabon-liquido-intimo-suave-confort-tododia-200ml/NATCHL-83641
Repuesto Acondicionador Anticaída y Crecimiento Lumina 300ml,NATCHL-147451,• combate la caída por quiebre y acelera el crecimiento 3 veces más | • promueve 6 veces más resistencia | • mucha más hidratación | • cabello 8 veces más fácil de peinar y 9 veces más fuerte* | • nuevo envase | • fórmula con BioProteína Triple Acción + Activo Dermoactivador | • acción intensiva y resultados comprobados desde la 1ª aplicación* | • producto vegano,https://www.natura.cl/p/repuesto-acondicionador-fortificante-300-ml/NATCHL-147451
Labial Cc Hidratante Fps 25 Una,NATCHL-92526,"• ingredientes naturales: sésamo, cacao y ceramidas de maracuyá | • combate el envejecimiento | • contribuye a la firmeza* | • más volumen* | • nutre los labios* | • cobertura: alta | • dermatológicamente probado | • protección solar: FPS 25 | • libre de crueldad animal (cruelty free) | • textura: cremosa y confortable | • zona de aplicación: labios",https://www.natura.cl/p/labial-cc-hidratante-fps-25-una-38g-38g/NATCHL-92526
Lapiz Kajal Faces,NATCHL-00057,• realza la mirada con facilidad | • color intenso y duradero | • esponja difuminadora | • efecto difuminado al instante | • más seguridad y confort | • sin irritaciones,https://www.natura.cl/p/lapiz-kajal-faces-13g/NATCHL-00057
Lapiz Kajal Faces,NATCHL-9981,• realza la mirada con facilidad | • color intenso y duradero | • esponja difuminadora | • efecto difuminado al instante | • más seguridad y confort | • sin irritaciones,https://www.natura.cl/p/lapiz-kajal-faces-negro-13g/NATCHL-9981
Repuesto Eau de Parfum Femenino Essencial Exclusivo Floral,NATCHL-121947,"• encantá con tu elegancia | • fragancia intensa que combina flores blancas preciosas, como jazmín y magnolia, junto a un aroma irresistible de frutas | • toque especiado de priprioca, un ingrediente de la biodiversidad brasileña | • notas ambarinas y amaderadas",https://www.natura.cl/p/repuesto-perfume-essencial-exclusivo-floral-femenina-edp-100-ml/NATCHL-121947
Crema antiseñales​ Restauración y cuidado Chronos 70+ noche,NATCHL-135027,• protege contra las agresiones del día a día que aceleran el proceso de envejecimiento | • acción antioxidante | • alta protección fotoestable | • protección solar: FPS 30 | • hidratación prolongada | • contiene activos: biosacáridos y passiflora | • testado dermatológicamente | • ideal para edades 70+ | • incluye refill (recarga) | • cruelty free | • vegano | • ocasión: antienvejecimiento | • para todo tipo de piel | • textura: gel crema | • tipo de tratamiento: hidratación multibeneficios | • zona de aplicación: rostro y cuello,https://www.natura.cl/p/crema-antisenales-restauracion-y-cuidado-chronos-70-noche-40-g/NATCHL-135027
Corrector Cushion Nude Me 12G,NATCHL-107124,• resistente al agua y al sudor | • duración de 24 horas | • controla el brillo de la piel | • puede usarse en todo el rostro | • probado dermatológicamente | • cruelty free | • textura: ligera | • subtono: neutro | • zona de aplicación: rostro,https://www.natura.cl/p/corrector-cushion-nude-me-15n-12-ml/NATCHL-107124
Regalo Padres Cuidado Capilar Homem,NATCHL-224235,"fuerza, crecimiento y estilo en el día a día• shampoo que promueve 5 veces menos caída por quiebre* • evita el afinamiento del cabello • nutre y estimula el cuero cabelludo • restaura la vitalidad del cuero cabelludo • sensación de limpieza con espuma cremosa • hecho con aceite de babasú, que contribuye al refuerzo de la barrera cutánea y del mecanismo de defensa de la piel • con exclusiva tecnología DermoTech®, desarrollada especialmente para la piel masculina, que protege contra las agresiones de la rutina • fragancia que combina con todas las perfumerías de Natura Hombre • pomada con efecto",https://www.natura.cl/p/regalo-padres-homem-cabellos-so/NATCHL-224235
Lápiz Delineador Negro para Ojos Natura Faces,NATCHL-65830,"• cobertura: alta | • probado dermatológicamente | • delineado perfecto | • punta fina | • permite que hagas trazos precisos, finos y llamativos | • versatilidad para cualquier look | • aplicación suave | • ideal para llevar en el bolso y retocar cuando quieras | • edad recomendada: a partir de los 18 años | • libre de crueldad animal | • zona de aplicación: ojos | • producto vegano | • producto 2 en 1 | • para todes | • fácil aplicación",https://www.natura.cl/p/lapiz-delineador-en-fibra-negro-faces-1ml/NATCHL-65830
Repuesto Crema Nutritiva Corporal Tododia Avellana y Casis,NATCHL-74849,• piel más firme y ultra suave todos los días | • fórmula con nutrición prebiótica que se adapta a las necesidades de tu piel | • textura cremosa: fácil de esparcir y de rápida absorción | • nutrición profunda: piel saludable en todas las capas | • 94% de ingredientes naturales: mayor afinidad con tu piel | • 86% menos plástico en comparación con el envase regular,https://www.natura.cl/p/repuesto-crema-nutritiva-para-cuerpo-avellana-y-casis-tododia-400ml/NATCHL-74849
Repuesto Máscara Lumina Fuerza y reparación molecular,NATCHL-164506,"Repuesto Máscara Lumina Fuerza y reparación molecular Repara y protege los enlaces internos a nivel molecular para una mayor elasticidad y resistencia.Forma un escudo protector para combatir el quiebre.79% menos plástico que el envase originalMenor desperdicio del productoFácil apertura y almacenamientoProceso de uso de repuesto más práctico y rápidoContenido250 mlSobre la línea Lumina:Tratamiento capilar de alta tecnología para revelar la belleza única que hay en toda mujer y en todo cabello. Natura Lumina. Tu cabello, tu verdad.Cabello regenerado en la medida exacta de cada daño. Reducción d",https://www.natura.cl/p/repuesto-mascara-lumina-fuerza-y-reparacion-molecular-250-ml/NATCHL-164506
Desodorante Corporal Kaiak Femenino,NATCHL-56754,"• perfuma todo el cuerpo | • protege contra los olores de la transpiración | • producto sin sales de aluminio | • envase ligero y práctico, con seguro en la tapa, para llevar donde quieras y usar cuando quieras | • fragancia exitosa de la perfumería Natura | • perfecto para tu día a día | • producto con repuesto",https://www.natura.cl/p/desodorante-corporal-en-spray-kaiak-clasico-femenino-kaiak-100ml/NATCHL-56754
Repuesto Polvo Compacto Nude Me Una,NATCHL-110678,"• efecto natural, como una segunda piel, sin cuartearse | • acabado mate de larga duración con efecto Nude Me | • natural, como si fuera tu propia piel, sin marcar líneas | • cobertura personalizable que disimula poros y líneas finas | • controla la luminosidad | • resistente al agua y al sudor | • dermatológicamente probado | • cruelty free | • vegano | • zona de aplicación: rostro",https://www.natura.cl/p/una-repuesto-po-compacto-nude-me-12n/NATCHL-110678
Repuesto espuma de limpieza Chronos,NATCHL-137981,"• ideal para todas las necesidades y tipos de piel | • forma una delicada película sobre la piel, manteniendo su hidratación natural | • sin sensación de tirantez | • deja la piel fresca, suave y más radiante | • mejor para tu piel, mejor para tu tratamiento y mejor para el medio ambiente | • contiene bioactivo: cacao, repone componentes esenciales de la piel | • testado dermatológicamente | • edad sugerida: 18+ | • cruelty free | • vegano | • ocasión: limpieza | • tipo de piel: todos los tipos de piel",https://www.natura.cl/p/repuesto-espuma-de-limpieza-chronos--150-ml/NATCHL-137981
,NATCHL-140059,No disponible,https://www.natura.cl/p/una-batom-intransf-rose-2m-7ml/NATCHL-140059
Pincel PRO Polvo Compacto Una,NATCHL-55105,• cerdas suaves para una aplicación delicada | • proporciona un acabado natural | • identificación en el mango | • incluye red protectora | • ideal para aplicar productos en polvo | • compromiso con el planeta: 10 toneladas de plástico reciclado retiradas del medio ambiente en un año,https://www.natura.cl/p/pincel-pro-polvo-compacto-una/NATCHL-55105
Regalo Padres Eau de Toilette Kaiak Clásico 100ml,NATCHL-250152,"aromático acuoso moderado• Kaiak es un clásico que trae toda la potencia de las olas y toda la frescura del mar • una combinación atemporal de notas aromáticas, cítricas y acuosas que, juntas, crean una poderosa ola de frescura • ingredientes principales: algas, pataqueira, ámbar y maderas contenido: 1 deo colonia 100 ml 1 bolsa de regalo",https://www.natura.cl/p/regalo-padres-natura-kaiak-clasico/NATCHL-250152
Repuesto Crema para peinar Flor de cereza y Palta Tododia,NATCHL-156234,"• repara el cabello dañado después de tratamientos químicos | • fórmula con Tecnología Prebiótica | • cuida el cabello desde la raíz hasta las puntas | • repara puntas abiertas | • protección térmica | • para cabello químicamente dañado | • devuelve el aspecto natural del cabello | • ideal para quienes usan secador y plancha | • fórmula con aceite de aguacate | • fragancia femenina y envolvente, con notas de flor de cereza | • 93% de ingredientes de origen natural | • para todo tipo de rizos",https://www.natura.cl/p/crema-para-peinar-reparadora-tododia-flor-de-cereza-y-aguacate-180-ml/NATCHL-156234
Body splash Frutas Rojas Tododia 200ml,NATCHL-72197,"• una invitación a vestir el cuerpo con una fragancia fresca | • notas de fresa, mora y frutos rojos marcan la salida y se combinan con flores frescas y un fondo dulce | • una mezcla perfecta para tu piel que aporta ligereza y frescura durante todo el día",https://www.natura.cl/p/body-splash-frutas-rojas-200ml/NATCHL-72197
Aceite para embarazadas,NATCHL-92807,"• mejora la elasticidad de la piel | • proporciona una hidratación intensa por hasta 24 horas | • es rica en aceite de almendras | • el 99% de sus ingredientes son naturales y biodegradables | • recupera y restaura la piel | • envase de plástico 100% verde | • dermatológicamente comprobado | • baja concentración de fragancia | • sin ingredientes controvertidos | • no contiene parabenos, siliconas ni colorantes",https://www.natura.cl/p/aceite-para-embarazadas-mama-y-bebe-200ml/NATCHL-92807
Crema antiseñales Fortalecimiento y nutrición Chronos 80+ día,NATCHL-134695,"• combinación de potentes bioactivos (ingredientes de la biodiversidad brasileña) y dermoactivos (ingredientes dermatológicos) | • repara profundamente el grosor de la piel y la nutre intensamente | • +95% de piel más uniforme en 2 semanas* | • 100% más fortalecimiento y nutrición* | • activa la vitalidad celular | • reduce las arrugas profundas | • fortalece las capas de la piel | • uniforma manchas de envejecimiento, tanto claras como oscuras | • contiene activo: ceramida, que repone componentes esenciales para la piel | • contiene bioactivo: cupuaçú, que proporciona hidratación nutritiva | ",https://www.natura.cl/p/crema-antisenales-fortalecimiento-y-nutricion-chronos-80-dia-40-g/NATCHL-134695
Acondicionador Nutrición y Reparación Profunda Lumina 300ml,NATCHL-147440,• sistema de Nutrición y Reparación Profunda | • nuevos envases | • más tecnología para cuidar tu cabello | • con BioProteína Triple Acción y Activo Nutrirrevitalización | • el sistema proporciona 2 veces más nutrición | • reparación y sellado de la fibra capilar* | • un paso esencial en tu rutina de cuidado | • fórmula que recupera la salud y el brillo del cabello | • deja el cabello 6 veces más fácil de peinar | • tipo de cabello: todo tipo de cabello | • cuenta con refil | • cruelty free | • vegano | • tipo de tratamiento: nutrición y reparación profunda,https://www.natura.cl/p/acondicionador-polinutricion-300-ml/NATCHL-147440
Base sérum nude me,NATCHL-110188,"• duración de hasta por 24 horas | • natural como una segunda piel, sin craquelar | • con tecnología oxygen. | • una belleza que une acabado natural con una piel revitalizada. | • 24 horas de duración con efecto Nude Me: natural como una segunda piel, sin arrugas. | • tecnología Complex Oxygen, que permite que la piel respire de forma natural. | • textura ultraligera con cobertura personalizable. | • protege la piel del daño causado por la luz azul. | • para todo tipo de piel excepto acné | • es ligero como el aire porque tiene una textura ultraligera, que garantiza una sensación de ligereza y",https://www.natura.cl/p/base-serum-nude-me-23f-30-ml/NATCHL-110188
Base sérum nude me,NATCHL-110186,"• duración de hasta por 24 horas | • natural como una segunda piel, sin craquelar | • con tecnología oxygen. | • una belleza que une acabado natural con una piel revitalizada. | • 24 horas de duración con efecto Nude Me: natural como una segunda piel, sin arrugas. | • tecnología Complex Oxygen, que permite que la piel respire de forma natural. | • textura ultraligera con cobertura personalizable. | • protege la piel del daño causado por la luz azul. | • para todo tipo de piel excepto acné | • es ligero como el aire porque tiene una textura ultraligera, que garantiza una sensación de ligereza y",https://www.natura.cl/p/base-serum-nude-me-20n-30-ml/NATCHL-110186
Pincel PRO ojos precisión,NATCHL-105716,"• cerdas suaves, con un lado en forma cónica | • ideal para difuminar con alta precisión el pliegue del ojo, y otro lado en forma achatada | • fácil para difuminar delineados y trazos | • menor impacto en el planeta | • 10 toneladas de plástico reciclado retirado del medio ambiente en un año | • libre de crueldad animal | • zona de aplicación: ojos",https://www.natura.cl/p/pincel-pro-ojos-precision-una/NATCHL-105716
Kit Shampoo Anticaspa y Tónico Capilar Anticaída Natura Homem,NATCHL-241027,"elimina la caspa y fortalece el cabello, dejándolo más resistente.• shampoo elimina la caspa y promueve mayor cuidado y vitalidad para el cuero cabelludo • elimina el 100% de la caspa visible* sin resecar • previene la reaparición de la caspa por hasta 7 días** • hecho con aceite de babaçu, que ayuda a reforzar la barrera cutánea y el mecanismo de defensa de la piel • tónico capilar que proporciona 2 veces menos caída por quiebre en 12 semanas*** • estimula el crecimiento y evita el adelgazamiento de los cabellos • productos hechos con aceite de babasú, que contribuye al refuerzo de la barrera",https://www.natura.cl/p/kit-shampoo-anticaspa-y-tonico-capilar-anticaida-natura-homem/NATCHL-241027
Crema antiseñales​ Relleno y revitalización ​ Chronos 60+ noche,NATCHL-135036,"• más del 93% de relleno y volumen facial² | • más del 80% de las mujeres percibieron mejora en el contorno facial² | • reduce arrugas profundas | • activa la vitalidad celular³ | • rellena y restaura el volumen | • revitaliza la piel | • contiene bioactivo: Casearia, que estimula el ácido hialurónico natural de la piel | • testado dermatológicamente | • edad sugerida: 60+ | • cruelty free | • vegano | • ocasión: antiedad | • tipo de piel: todo tipo de piel | • textura: crema | • zona de aplicación: rostro y cuello",https://www.natura.cl/p/crema-antisenales-relleno-y-revitalizacion--chronos-60-noche-40-g/NATCHL-135036
Jabón líquido corporal Frutas Rojas,NATCHL-5857,"• respeta tu piel, sin agredir ni resecar | • espuma cremosa y abundante | • mantiene la hidratación natural | • explosión de fragancia, inspirada en frutas rojas | • convierte tu baño en una experiencia placentera",https://www.natura.cl/p/jabon-liquido-corporal-frutas-rojas-tododia-300ml/NATCHL-5857
Máscara Reconstrucción de Daños Extremos Lumina 250ml,NATCHL-148412,"• nuevos envases | • nueva fragancia | • contiene BioProteína Triple Acción y Activo Reconstrutor | • promueve la reconstrucción de hasta el 89% de los daños extremos | • 2 veces más reparación | • previene hasta 2,9 veces los daños futuros* | • regenera la estructura capilar | • prolonga el efecto de la alisación y del color | • tipo de cabello: todo tipo de cabellos | • incluye refill | • cruelty free | • vegano | • tipo de tratamiento: reconstrucción de daños extremos",https://www.natura.cl/p/mascara-regeneradora-250-ml/NATCHL-148412
Repuesto jabón líquido gel maracuyá,NATCHL-70398,"• producto vegano | • nueva fórmula | • elaborado con aceite bruto de maracuyá | • perfuma con notas frescas y delicadas que calman | • sin sulfatos | • biodegradable | • con bioactivos de la amazonía | • nuestros jabones son capaces de eliminar virus, bacterias y suciedad en general",https://www.natura.cl/p/repuesto-jabon-liquido-gel-maracuya-ekos-195ml/NATCHL-70398
Kit Sérum Rellenador Hidratante + Repuesto,NATCHL-182807,"No incluye bolsaKit Sérum Rellenador Hidratante + Repuesto Chronosmás 75% acido hialuronico para tu piel*. 92% relleno inmediato** * Resultados de estimulación de la piel ** Porcentaje de mujeres con porcentaje en test clinico e instrumental 100% piel mas hidratada y fortalecida en hasta 14 dias **. Activa la vitalidad celular para una piel mas saludable. *** Rellena e hidrata las diferentes capas de la piel, reduciendo arrugas y líneas de expresión. _Repone, protege y estimula el ácido hialurónico y los mecanismos esenciales de retención de agua en la piel. Formula de serum aquoso de alta pot",https://www.natura.cl/p/kit-serum-rellenador-hidratante--repuesto-chronos-derma/NATCHL-182807
Repuesto Base Líquida HD Una,NATCHL-173608,"acabado natural impecable con poderosa acción antiseñales.• 24 horas de duración e hidratación • 100% aprobada por consumidoras • menos 9% arrugas y líneas en 4 semanas • textura ligera y aterciopelada que se funde perfectamente con la piel • base con cobertura alta y alta definición • piel uniforme e imperceptible a simple vista • poderosa acción antiseñales con retinol, péptidos y bioactivo, que provoca una verdadera transformación de tu piel. contiene 1 repuesto de 30 ml con base en el color seleccionado.",https://www.natura.cl/p/repuesto-base-liquida-hd-una-30-ml/NATCHL-173608
Corrector Cobertura Extrema Una 8 Ml,NATCHL-122122,"• resistente al agua y sudor con textura cremosa de larga duración | • tecnología HD: alta cobertura incluso frente a videos y fotos | • acabado matte, para todo tipo de piel. Vitamina E | • acción antioxidante, que combate radicales libres previniendo el envejecimiento precoz",https://www.natura.cl/p/corrector-cobertura-extrema-una-10n-8-ml/NATCHL-122122
Acondicionador Nutrición Durazno y almendras Tododia 280ml,NATCHL-154870,"• fragancia alegre y cremosa, con notas de durazno | • desenreda | • fórmula con aceite de almendras | • fragancias deliciosas | • reduce el frizz | • textura cremosa que suaviza el cabello | • nutre intensamente | • devuelve el brillo natural | • fórmula con 96% de ingredientes de origen natural | • tecnología probiótica que cuida desde la raíz hasta las puntas | • para todo tipo de texturas y curvaturas | • cabello más sedoso",https://www.natura.cl/p/acondicionador-nutritivo-tododia-durazno-y-almendra-280-ml/NATCHL-154870
Shampoo Nutrición Durazno y Almendras Tododia 300ml,NATCHL-154869,"• protege contra la resequedad | • realza el brillo del cabello | • fragancia alegre y cremosa, con notas de durazno | • cabello más suave, nutrido y sedoso | • limpieza nutritiva que no reseca | • espuma cremosa | • tecnología probiótica que cuida desde la raíz hasta las puntas | • fórmula con 92% de ingredientes de origen natural | • para todo tipo de texturas y curvaturas",https://www.natura.cl/p/shampoo-nutritivo-tododia-durazno-y-almendra-300-ml/NATCHL-154869
Repuesto Shampoo Hidratación y Protección Antipolución,NATCHL-147414,"• limpieza equilibrada sin resecar las puntas | • cabello limpio por más tiempo | • 4 veces más fuerza | • 2 veces más hidratación | • 2,5 veces más suavidad | • más brillo | • hasta 2 veces más protección contra los radicales libres* | • no reseca las puntas | • fórmula con BioProteína Triple Acción + Activo Anticontaminación | • nuevo envase | • producto vegano",https://www.natura.cl/p/repuesto-shampoo-purificante-300-ml/NATCHL-147414
Acondicionador Antidaños y Reconstrucción Murumuru Ekos,NATCHL-113244,"desenreda y reconstruye los cabellos con la potencia antidaños del murumuru.• reduce las puntas abiertas hasta 3 veces* • estimula la producción de queratina, dejando el cabello con aspecto más saludable • desenreda el cabello y reconstruye la fibra capilar • hecho con manteca bruta de murumuru • cabello nutrido, suave y restaurado • la línea Ekos Murumuru contribuye a la regeneración de la Amazonía y ayuda a fortalecer el ingreso de 2049 familias guardianas de la selva vinculadas a la cosecha sustentable * resultados comprobados por prueba in vitro comparado con uso de shampoo sin agentes aco",https://www.natura.cl/p/acondicionador-ekos-murumuru-300-ml/NATCHL-113244
Repuesto Desodorante Corporal Clásico Femenino,NATCHL-56763,• probado dermatológicamente | • familia olfativa: cítrica | • fragancia inspirada en los mayores éxitos de la perfumería Natura | • protege contra los olores de la transpiración | • producto sin sales de aluminio | • perfume perfecto para tu día a día | • cruelty free | • vegano | • envase ligero y práctico con seguro en la tapa,https://www.natura.cl/p/repuesto-desodorante-corporal-clasico-femenino-100ml/NATCHL-56763
Base tint extremo confort FPS40 Una 15Q,NATCHL-00099,"• cobertura ligera y acabado natural | • deja tu piel con una luminosidad radiante | • fórmula con triple ácido hialurónico y manteca de tukumã | • proporciona hidratación activa desde el interior | • ideal para el uso diario, con FPS 40 y protección UVA | • disponible en tonos que unifican y se adaptan al tono de tu piel | • disimula imperfecciones | • indicada para piel mixta a seca | • no se acumula en los poros ni en las líneas de expresión, no se cuartea ni se desmorona | • no deja sensación grasosa ni pegajosa | • protege la piel contra los daños causados por la luz azul y la luz solar |",https://www.natura.cl/p/base-tint-extremo-confort-fps40-una-15q-30-ml/NATCHL-00099
Acondicionador Infantil Lisos y Ondulados Naturé 250ml,NATCHL-102397,"• acondicionador para cabello liso y ondulado | • deja el cabello suave, brillante y más fácil de peinar | • reduce el frizz y previene la formación de nudos | • deliciosa fragancia con aroma a niñez feliz | • desenredado fácil, brillo inmediato | • cuidado suave para un cabello libre y brillante",https://www.natura.cl/p/acondicionador-cabello-liso-y-ondulado-nature-250-ml/NATCHL-102397
Labial mate intransferible de larga duración Faces,NATCHL-111426,"• larga duración de hasta 12 horas | • resistente a la fiesta, al movimiento y al ritmo | • colores vibrantes y ultrapigmentados | • expresa el orgullo de ser quien eres | • fácil de aplicar | • deja los labios hidratados y protegidos contra daños de la contaminación física y digital | • también se puede usar como blush | • empaque ecológico | • protege contra la luz azul | • contiene vitamina E",https://www.natura.cl/p/labial-mate-intransferible-de-larga-duracion-faces-marsala-night-55-ml/NATCHL-111426
Labial mate intransferible de larga duración Faces,NATCHL-111425,"• larga duración de hasta 12 horas | • resistente a la fiesta, al movimiento y al ritmo | • colores vibrantes y ultrapigmentados | • expresa el orgullo de ser quien eres | • fácil de aplicar | • deja los labios hidratados y protegidos contra daños de la contaminación física y digital | • también se puede usar como blush | • empaque ecológico | • protege contra la luz azul | • contiene vitamina E",https://www.natura.cl/p/labial-mate-intransferible-de-larga-duracion-faces-rojo-love-55-ml/NATCHL-111425
Corrector Cushion Nude Me 12G,NATCHL-107126,• resistente al agua y al sudor | • duración de 24 horas | • controla el brillo de la piel | • puede usarse en todo el rostro | • probado dermatológicamente | • cruelty free | • textura: ligera | • subtono: neutro | • zona de aplicación: rostro,https://www.natura.cl/p/corrector-cushion-nude-me-21n-12-ml/NATCHL-107126
Corrector Cushion Nude Me 12G,NATCHL-107123,• resistente al agua y al sudor | • duración de 24 horas | • controla el brillo de la piel | • puede usarse en todo el rostro | • probado dermatológicamente | • cruelty free | • textura: ligera | • subtono: neutro | • zona de aplicación: rostro,https://www.natura.cl/p/corrector-cushion-nude-me-10n-12-ml/NATCHL-107123
Repuesto Crema para peinar Durazno y Almendras Tododia 180ml,NATCHL-156236,"• reduce el frizz, nutre y devuelve el brillo al cabello | • con aceite de almendra | • hace que el cabello sea más fácil de peinar | • fórmula con Tecnología Prebiótica | • cuida el cabello desde la raíz hasta las puntas | • efecto antinudos | • protección térmica | • ideal para quienes usan secador y plancha | • fragancia alegre y cremosa, con notas de durazno | • 94% de ingredientes de origen natural | • para todo tipo de rizos",https://www.natura.cl/p/crema-para-peinar-nutritivo-tododia-durazno-y-almendras-180-ml/NATCHL-156236
Top Coat 3D Gel Una,NATCHL-15826,"• efecto gel sin luz UV: Larga duración y acabado extraordinario por hasta 10 días. Uñas con máximo brillo, perfectas por más tiempo | • tecnología PRO color & care: ingredientes seguros que ayudan en el cuidado de las uñas, 10 free e hipoalergénico | • efecto plumping 3D: volumen instantáneo con sensación de uñas sanas y fortalecidas | • cobertura completa y uniforme | • secado rápido. uñas con máximo brillo, perfectas por más tiempo",https://www.natura.cl/p/top-coat-3d-gel-una-8-ml/NATCHL-15826
Base sérum nude me,NATCHL-110185,"• duración de hasta por 24 horas | • natural como una segunda piel, sin craquelar | • con tecnología oxygen. | • una belleza que une acabado natural con una piel revitalizada. | • 24 horas de duración con efecto Nude Me: natural como una segunda piel, sin arrugas. | • tecnología Complex Oxygen, que permite que la piel respire de forma natural. | • textura ultraligera con cobertura personalizable. | • protege la piel del daño causado por la luz azul. | • para todo tipo de piel excepto acné | • es ligero como el aire porque tiene una textura ultraligera, que garantiza una sensación de ligereza y",https://www.natura.cl/p/base-serum-nude-me-19n-30-ml/NATCHL-110185
Acondicionador Antioleosidad Lumina 300ml,NATCHL-147401,"Acondicionador leve Sistema de tratamiento antioleosidad.Control de la oleosidad sin efecto rebote.Puntas 4 veces más hidratadas de forma leve y equilibrada.Hidratación balanceada, sin pesar.Productos veganos.Con repuestos.Contra pruebas en animales.Envases ecológicos (plástico 100% verde reciclable).Contenido300 mlSobre la línea Lumina:Tratamiento capilar de alta tecnología para revelar la belleza única que hay en toda mujer y en todo cabello. Natura Lumina. Tu cabello, tu verdad.Cabello regenerado en la medida exacta de cada daño. Reducción de hasta un 70% en la porosidad de los cabellos. Ca",https://www.natura.cl/p/acondicionador-leve-300-ml/NATCHL-147401
Colonia Femenina Violeta Aguas de Natura 150ml,NATCHL-95808,"• Una invitación refrescante: Natura Águas Violeta te invita a vivir de una manera fluida y en armonía con el mundo | • Inspiración natural: Una fragancia inspirada en la ligereza de los ingredientes de una naturaleza muy generosa | • Aplicación abundante: Propone una forma de uso generosa para que te perfumes por completo | • camino olfativo: violeta, gardenia, sándalo | • intensidad: ligera | • contenido: 150 ml | • envases coleccionables",https://www.natura.cl/p/aguas-de-natura-violeta-colonia-aguas-150-ml/NATCHL-95808
Kit Lumina Tratamiento Anticaída Completo,NATCHL-206813,"No incluye bolsa• shampoo: limpia, estimula el cuero cabelludo y reduce 2 veces la caída por quiebre • acondicionador: hidrata, promueve 6 veces más resistencia y deja el cabello 8 veces más fácil de peinar • mascarilla: con fórmula que actúa profundamente en los cabellos, dejándolos más fuertes, nutridos y con brillo • cabellos más resistentes, con cuerpo y vitalidad. contiene 1 shampoo estimulante 300 ml 1 acondicionador fortificante 300 ml 1 mascarilla anti-quiebre 250 ml",https://www.natura.cl/p/kit-lumina-tratamiento-anticaida-completo/NATCHL-206813
Repuesto Base Líquida HD Una,NATCHL-173609,"acabado natural impecable con poderosa acción antiseñales.• 24 horas de duración e hidratación • 100% aprobada por consumidoras • menos 9% arrugas y líneas en 4 semanas • textura ligera y aterciopelada que se funde perfectamente con la piel • base con cobertura alta y alta definición • piel uniforme e imperceptible a simple vista • poderosa acción antiseñales con retinol, péptidos y bioactivo, que provoca una verdadera transformación de tu piel. contiene 1 repuesto de 30 ml con base en el color seleccionado.",https://www.natura.cl/p/repuesto-base-liquida-hd-una-30-ml/NATCHL-173609
Bálsamo Ultra Nutritivo Regenerador Tododia Pera y Flor de Loto,NATCHL-190397,"reducción de estrías en 2 semanas.• textura sorprendente se derrite al contacto, refuerza la barrera cutánea y aporta un brillo radiante • uniformiza y combate la resequedad de la piel • enriquecido con niacinamida, pantenol y aceite de sésamo • Tecnología Prebiótica que se adapta a los cambios de tu piel.",https://www.natura.cl/p/balsamo-ultra-nutritivo-regenerador-tododia-pera-y-flor-de-loto-200-ml/NATCHL-190397
Jabón Líquido Cremoso para el Cuerpo Ekos Castaña,NATCHL-70408,"sensación de baño hidratante con la potencia antirresequedad de la castaña.• jabón líquido de castaña con espuma cremosa • deja tu piel suave y perfumada • jabón vegano que mantiene el pH de la piel • hecho con aceite bruto de castaña, rico en omegas 6 y 9 • experimente una sensación de baño hidratante • la línea Ekos Castaña apoya la regeneración de la Amazonía y ayuda a fortalecer los ingresos de 689 familias guardianas de la selva vinculadas a la cosecha sustentable• 97% de origen natural.",https://www.natura.cl/p/jabon-liquido-cremoso-para-el-cuerpo-ekos-castana-195-ml/NATCHL-70408
,NATCHL-140029,No disponible,https://www.natura.cl/p/una-batom-intransf-nude-6m-7ml/NATCHL-140029
,NATCHL-140024,UNA BATOM INTRANSF ROUGE 6M 7ML,https://www.natura.cl/p/una-batom-intransf-rouge-6m-7ml/NATCHL-140024
Spray Brillo y Protección del Color Lumina 150ml,NATCHL-148449,"Spray antidecoloración y brillo Sistema de tratamiento brillo y protección del color.•Brillo intenso por hasta 24h.•Prolonga el color por hasta 12 semanas.•5x menos puntas abiertas.•Protección UV .•Protección térmica. •Intensa acción antifrizz.•Acción antidecoloración.Productos veganos.Con repuestos. Contra pruebas en animales.Envases ecológicos (plástico 100% verde reciclable).Modo de usoSin enjuague.Contenido150 mlSobre la línea Lumina:Tratamiento capilar de alta tecnología para revelar la belleza única que hay en toda mujer y en todo cabello. Natura Lumina. Tu cabello, tu verdad.Cabello reg",https://www.natura.cl/p/spray-antidecoloracion-y-brillo-150-ml/NATCHL-148449
Caja de regalo con lazo,NATCHL-154851,"• detalles en brillo dorado y relieve | • colores neutros y elegantes | • talla g | • medidas: 24,2 cm de largo x 20,4 cm de ancho x 8,2 cm de alto | • reutilizable | • incluye papel de seda | • cuenta con lazo con elástico regulable | • realza tu regalo",https://www.natura.cl/p/caja-de-regalo-con-lazo/NATCHL-154851
Hidratante corporal Naturé,NATCHL-106496,"• hidrata la piel de los niños por hasta 48 horas | • fórmula de tacto seco | • fácil de aplicar | • se absorbe rápidamente | • fragancia con aroma a niñez feliz | • envase divertido Naturé, que invita a jugar en la naturaleza",https://www.natura.cl/p/hidratante-corporal-nature-125-ml/NATCHL-106496
Exfoliante Nutritivo Tododia Pera y Flor de Loto,NATCHL-190453,"previene vellos encarnados.• limpia profundamente y exfolia sin agredir la piel • con alta concentración de partículas de origen natural que eliminan las células muertas • enriquecido con pantenol, aceite de sésamo, vitamina E y partículas de semillas de damasco.",https://www.natura.cl/p/exfoliante-nutritivo-tododia-pera-y-flor-de-loto-190-g/NATCHL-190453
Crema para peinar Durazno y Almendras Tododia 180ml,NATCHL-156237,• reduce el frizz y facilita el peinado | • devuelve el brillo luminoso al cabello | • fórmula con 94% de ingredientes de origen natural | • tecnología prebiótica que cuida desde la raíz hasta las puntas | • nutrición profunda y brillo duradero | • protección térmica contra secador y plancha | • fórmula con aceite de almendras y efecto anti-nudos | • fragancias que aportan bienestar | • para todo tipo de rizos,https://www.natura.cl/p/crema-para-peinar-nutritiva-tododia-durazno-y-almendra-180-ml/NATCHL-156237
Eau de Parfum Natura 740 Sándalo Breu Blanco 50 ml,NATCHL-151030,"la mayor expresión de la naturaleza en perfume • amaderado especiado, es una fragancia con notas cálidas • combinaciones autorales y exclusivas de nuestros ingredientes naturales latinoamericanos con ingredientes clásicos de la perfumería mundial, que sorprenden los sentidos y las emociones • Natura 740 Eau de Parfum trae una combinación exclusiva de los aceites naturales del sándalo, un clásico de la perfumería mundial, y del breu blanco, resina nativa de la Amazonía • co-creado por nuestra master perfumista, Verônica Kato, y renombrados perfumistas del mundo • ingredientes naturales desarrol",https://www.natura.cl/p/eau-de-parfum-natura-740-sandalo-breu-branco-50-ml/NATCHL-151030
Corrector Cobertura Extrema Una 8 Ml,NATCHL-122120,"• resistente al agua y sudor con textura cremosa de larga duración | • tecnología HD: alta cobertura incluso frente a videos y fotos | • acabado matte, para todo tipo de piel. Vitamina E | • acción antioxidante, que combate radicales libres previniendo el envejecimiento precoz",https://www.natura.cl/p/corrector-cobertura-extrema-una-15n-8-ml/NATCHL-122120
Kit Brillo y Protección Hidratación Lumina,NATCHL-180169,No incluye bolsa de regaloKit Brillo y Protección Hidratación LuminaLimpia suavemente para brillo intenso y duradero. Combate la porosidad y deja el cabello 8x más suave. Acción antidecoloración que blinda el cabello y protege el color.Contenido1 Shampoo energizante para Cabellos Opacos o con Coloración Lumina - 300 ml1 Acondiconador revitalizante para Cabellos Opacos o con Coloración Lumina - 300 ml1 Máscara de blindaje para Cabellos Opacos o con Coloración Lumina - 220 ml Sobre la línea Lumina:Tratamiento capilar de alta tecnología para revelar la belleza única que hay en toda mujer y en tod,https://www.natura.cl/p/kit-brillo-y-proteccion-hidratacion-lumina/NATCHL-180169
Regalo Padres EDT Homem Clásico + Meninos 100ml,NATCHL-247071,"la fragancia de la deo colonia amaderada para padres e hijos• colonia con combinación de hierbas aromáticas como el jengibre y la nuez moscada, equilibrada con un toque de maderas cálidas • despierta y renueva • fragancia fresca y sofisticada • te acompaña en todos los momentos de tu día • perfume de larga duración • colonia infantil con intensidad moderada, para ser percibida por quienes están cerca • ingredientes principales: sándalo, cedro, jengibre, albahaca, nuez moscada, pimienta negra contiene 1 eau de toilette masculino clásico 100 ml 1 eau de toilette infantil para niños 25 ml 1 bolsa",https://www.natura.cl/p/regalo-padre-natura-homem-clasico-y-ninos/NATCHL-247071
Rubor Líquido Cushion Una,NATCHL-137961,"Una tu belleza al poder de los contrastes.• el Blush Líquido Cushion Una posee alta pigmentación, textura cremosa y acabado luminoso • un producto multifuncional que puede ser usado como blush, labial y sombra",https://www.natura.cl/p/rubor-liquido-cushion-una-10-g/NATCHL-137961
Eau de Parfum Femenino Una Art 50ml,NATCHL-2726,"• fragancia sofisticada y artística | • costura perfecta entre flores y maderas cálidas | • toque cremoso de vainilla y grosella negra (cassis) | • enriquecida con priprioca, ingrediente natural de la biodiversidad brasileña | • larga duración con notas intensas y marcadas | • ideal para mujeres que aprecian la combinación de arte y naturaleza",https://www.natura.cl/p/una-art-edp-femenina-50ml/NATCHL-2726
Shampoo Nutrición y Reparación Profunda Lumina 300ml,NATCHL-147411,"• nuevos envases | • más tecnología para cuidar tu cabello | • con BioProteína Triple Acción y Activo Nutrirrevitalización | • sistema ofrece 2 veces más nutrición, reparación y sellado de las fibras capilares* | • un paso esencial en tu ritual de cuidado | • fórmula que limpia y brinda 2.5 veces más suavidad e hidratación desde la primera aplicación | • tipo de cabello: todos los tipos | • cuenta con refil | • cruelty free | • vegano | • tipo de tratamiento: nutrición y reparación profunda",https://www.natura.cl/p/shampoo-nutritivo-300-ml/NATCHL-147411
Paleta PRO de Sombras Una Rubí,NATCHL-171115,"construye looks versátiles de alta pigmentación y larga duración.• 12 horas de duración con eficacia comprobada • diferentes acabados, colores y texturas • acabado mate: textura suave y aterciopelada• acabado glow: brillo intenso y fácil aplicación• innovadora textura soft: aplicación cream to powder con acabado aterciopelado y seco al aplicar • con tecnología de partículas: combinación que proporciona un toque aterciopelado y alta pigmentación • empaque sofisticado con espejo y cierre magnético • producto multifuncional: puede ser utilizado como sombra, iluminador y rubor.",https://www.natura.cl/p/paleta-pro-de-sombras-una-rubi-7-g/NATCHL-171115
Jabón líquido Cuerpo y Manos Naturé,NATCHL-102417,"• fórmula con glicerina que limpia suavemente | • previene la resequedad | • mantiene la hidratación y el pH natural de la piel | • fragancia con aroma a niñez feliz | • envase divertido Naturé, que invita a jugar en la naturaleza",https://www.natura.cl/p/jabon-liquido-cuerpo-y-manos-nature-250-ml/NATCHL-102417
Máscara Brillo y Protección del Color Lumina 220ml,NATCHL-148410,• nuevos envases y aún | • más tecnología para cuidar tu cabello | • con BioProteína Triple Acción y Activo Escualano Vegetal | • sistema que prolonga el color hasta por 12 semanas | • cabello 3 veces más luminoso* | • proporciona 7 veces más hidratación con brillo intenso | • un paso esencial en tu rutina de cuidado | • tipo de cabello: todo tipo de cabello | • cuenta con refil | • cruelty free | • vegano | • tipo de tratamiento: brillo y protección del color,https://www.natura.cl/p/mascara-de-blindaje-220-ml/NATCHL-148410
Sombra trío Faces 3 gr,NATCHL-89502,"• colores que iluminan y realzan tu mirada | • tonos audaces y clásicos | • proporciona color, profundidad y luminosidad a la mirada | • perfecto para quienes buscan colores vibrantes con alta pigmentación",https://www.natura.cl/p/sombra-trio-faces-3-gr/NATCHL-89502
Repuesto Acondicionador Hidratación y Protección Antipolución,NATCHL-147402,• nuevos empaques y aún | • más tecnología para cuidar tu cabello desde la primera aplicación | • con BioProteína de Triple Acción y activo antipolución | • sistema que proporciona un cabello hasta 6 veces más hidratado | • 2 veces más protegido contra los radicales libres* | • un paso esencial en tu ritual de cuidado | • fórmula que hidrata las puntas sin apelmazar | • deja el cabello ligero y con movimiento | • tipo de cabello: todo tipo de cabello | • cruelty free | • vegano | • tipo de tratamiento: hidratación y protección antipolución,https://www.natura.cl/p/repuesto-acondicionador-protector-300-ml/NATCHL-147402
Shampoo Reconstrucción de Daños Extremos Lumina 300ml,NATCHL-148170,"• nuevos envases | • nueva fragancia | • más tecnología | • con BioProteína Triple Acción y Activo Reconstrutor | • reconstruye hasta el 89% de los daños extremos | • previene hasta 2,9 veces los daños futuros* | • promueve limpieza, reparación y reequilibrio de la fibra capilar | • tipo de cabello: todo tipo de cabello | • con repuestos | • cruelty free | • vegano | • tipo de tratamiento: reconstrucción de daños extremos",https://www.natura.cl/p/shampoo-reestructurante-300-ml/NATCHL-148170
Crema nutritiva para pies Hojas de Limón y Guanábana,NATCHL-72181,"• acción prebiótica | • mantiene el equilibrio natural de la microbiota de la piel | • nutrición profunda e inmediata | • pies hidratados, bien cuidados y saludables | • previene y cuida los pies | • nutre profundamente, reduce la resequedad, la piel áspera y las cutículas | • nutrición personalizada | • estimula la reposición de nutrientes según las necesidades de cada tipo de piel | • pies suaves y secos | • textura cremosa de rápida absorción | • 90% de ingredientes de origen natural | • mejor afinidad con tu piel",https://www.natura.cl/p/crema-nutritiva-para-pies-hojas-de-limon-y-guanabana-50ml/NATCHL-72181
Kit Lumina Brillo y protección color Básico,NATCHL-202440,"No lncluye bolsaKit Lumina Brillo y protección color BásicoSistema de tratamiento brillo y protección del colorCabellos naturales opacos o con coloraciónCon exclusiva combinación de activos para brillo intenso y protección de color por más tiempo. Resultados comprobados desde la primera aplicación.Contenido1 Shampoo revitalizante - 300 ml 1 Acondicionador protector - 300 ml Sobre la línea Lumina:Tratamiento capilar de alta tecnología para revelar la belleza única que hay en toda mujer y en todo cabello. Natura Lumina. Tu cabello, tu verdad.Cabello regenerado en la medida exacta de cada daño. R",https://www.natura.cl/p/kit-lumina-brillo-y-proteccion-color-basico/NATCHL-202440
Labial Cc Hidratante Fps 25 Una,NATCHL-92520,"• ingredientes naturales: sésamo, cacao y ceramidas de maracuyá | • combate el envejecimiento | • contribuye a la firmeza* | • más volumen* | • nutre los labios* | • cobertura: alta | • dermatológicamente probado | • protección solar: FPS 25 | • libre de crueldad animal (cruelty free) | • textura: cremosa y confortable | • zona de aplicación: labios",https://www.natura.cl/p/labial-cc-hidratante-fps-25-rose-4c-38g/NATCHL-92520
Jabón Slime Naturé,NATCHL-171352,"estira y tira y hace mucho jabón.• limpia suavemente y mantiene la hidratación y el pH de la piel, evitando su resequedad • textura lúdica y elástica con color vibrante • fórmula con colorantes naturales que no manchan la ropa • con aceite de babasú, que tiene alta concentración de glicerina • protege y refuerza la microbiota • 96% de ingredientes naturales y 96% de biodegradabilidad • empaque divertido que invita a jugar en la naturaleza • dermatológicamente y oftalmológicamente probado.",https://www.natura.cl/p/jabon-slime-nature-125-ml/NATCHL-171352
Lapiz Kajal Para Ojos Una,NATCHL-70721,"• alta pigmentación: color intenso y duradero con una sola aplicación | • textura cremosa: se desliza fácilmente, proporcionando una aplicación suave y cómoda | • versatilidad: puede usarse en la línea de agua, a lo largo de las pestañas o difuminado para crear diferentes efectos | • larga duración: mantiene la mirada intensa e impactante durante todo el día, sin correrse | • fácil de difuminar: ideal para crear looks ahumados y dramáticos | • compacto y práctico, perfecto para llevar en el bolso y retocar en cualquier momento | • producto vegano: fórmula libre de ingredientes de origen animal",https://www.natura.cl/p/lapiz-kajal-para-ojos-una-marron/NATCHL-70721
Pincel Pro Duo Fibras UNA,NATCHL-58406,"Pincel dúo fibras UnaPincel dúo fibrasCerdas suaves y espaciadas que proporcionan un efecto natural. Perfecto para dar acabado o pulir bases aplicadas con otro pincel.Ideal para: Bases fluídas de cobertura personalizable, de leve a media.Sobre la línea UnaNatura UNA es una línea premium y sofisticada de maquillaje, que despierta el placer por los sentidos. Uniendo performance y tecnología con ingredientes naturales que cuidan la piel de una manera única y que buscan resultados profesionales.",https://www.natura.cl/p/pincel-duo-fibras-una/NATCHL-58406
Labial mate intransferible de larga duración Faces,NATCHL-111398,"el color que acompaña tu ritmoLabial mate intransferible de larga duración Faces Cereza Likes Un labial que dura por hasta 12 horas, no transfiere, puedes utilizarlo para boca y mejillas como también protege de la luz de las pantallas del celular y computador.Contenido5,5 mlSobre la línea Faces:Faces es una marca de belleza urbana para cuidarse, inventarse y reinventarse. Da color y valentía, para expresar tu belleza del espejo hacia adentro y de la puerta hacia afuera. Y salir a la calle con actitudes positivas, que se reflejan en el próximo y en el alrededor. Faces se trata de una belleza ev",https://www.natura.cl/p/labial-mate-intransferible-de-larga-duracion-faces-cereza-likes-55-ml/NATCHL-111398
Fluido de Masaje Corporal Ekos Andiroba,NATCHL-73214,"ayuda a relajar las tensiones diarias que se acumulan en la espalda, hombros, cuello, piernas y pies.• nuevo Ekos Andiroba, misma fragancia y textura, más potencia para tu piel • reduce la sensación de hinchazón del cuerpo • alivia la sensación de cansancio de las piernas y pies • hidrata y perfuma la piel con notas verdes y frescas.",https://www.natura.cl/p/fluido-de-masaje-corporal-ekos-andiroba-100-g/NATCHL-73214
Jabones en barra masajeadores puro vegetal Tododia té de manzanilla y lavanda,NATCHL-121965,"• cuida tu piel, refresca y perfuma con esferas masajeadoras | • fragancia relajante* de té de manzanilla y lavanda, reconfortante e inusitada con notas florales aromáticas | • baño relajante | • luego enjuaga y listo, sensación de suavidad y piel limpia",https://www.natura.cl/p/jabones-en-barra-masajeadores-puro-vegetal-tododia-te-de-manzanilla-y-lavanda-caja-con-2-unidades-de-80-g-cu/NATCHL-121965
Repuesto Iluminador Marmoleado Una,NATCHL-24865,• intensifica la luminosidad de tu piel con sus micro perlas doradas para obtener un efecto glow sofisticado | • radiancia sofisticada y altamente pigmentada | • uso para rostro y cuerpo | • se puede usar seco o mojado para versatilidad e intensidad del brillo,https://www.natura.cl/p/repuesto-iluminador-marmoleado-una-35-g/NATCHL-24865
Labial cremoso multimix Faces,NATCHL-116200,"• más color, más cobertura con efecto cremoso | • colores vibrantes, efecto mate y FPS 10 | • viene con espejo en la tapa | • también puede usarse como blush | • perfecto para llevarlo contigo a todas partes | • cobertura: alta | • probado dermatológicamente | • efecto: mate | • protección solar: FPS 10 | • edad recomendada: a partir de 18 años | • cruelty free | • textura: suave | • zona de aplicación: labios | • expresa tu belleza como y donde quieras",https://www.natura.cl/p/labial-multimix-cream-faces-bege-fresh-35-g/NATCHL-116200
Hidratante Preventivo de Estrías,NATCHL-92808,• rico en aceite de almendras | • hidrata la piel | • previene estrías | • mejora la elasticidad de la piel | • sin fragancia | • producto hipoalergénico | • dermatológicamente probado | • edad recomendada: embarazadas | • hipoalergénico | • libre de crueldad animal (cruelty free) | • vegano | • tipo de piel: piel sensible,https://www.natura.cl/p/hidratante-preventivo-de-estrias-mama-y-bebe-200ml/NATCHL-92808
Sérum para cejas Extremific UNA,NATCHL-140742,"• hasta 2 veces más rellenas | • cejas más gruesas, voluminosas, nutridas y con menos huecos | • reducción de la caída de las cejas | • textura gel con toque seco",https://www.natura.cl/p/serum-para-cejas-extremific-una-4-g/NATCHL-140742
Multi máscara tint a prueba de agua,NATCHL-9833,"• duración extrema de hasta por 24 horas | • súper curvatura y definición que desafían la física | • secado fugaz | • a prueba de todo: agua, sudor, calor y humedad | • pincel con cerdas de silicona que multiplican cada efecto",https://www.natura.cl/p/multi-mascara-tint-a-prueba-de-agua-faces-7ml/NATCHL-9833
"Repuesto Polvo Compacto Faces 6,5g",NATCHL-9025,• probado dermatológicamente | • uniformiza el tono de la piel | • reduce el brillo causado por la oleosidad | • disimula imperfecciones | • efecto: mate | • edad sugerida: a partir de 18 años | • cruelty free | • textura: ligera | • zona de aplicación: rostro,https://www.natura.cl/p/repuesto-polvo-compacto-faces-65g/NATCHL-9025
"Repuesto Polvo Compacto Faces 6,5g",No detectado,• probado dermatológicamente | • uniformiza el tono de la piel | • reduce el brillo causado por la oleosidad | • disimula imperfecciones | • efecto: mate | • edad sugerida: a partir de 18 años | • cruelty free | • textura: ligera | • zona de aplicación: rostro,https://www.natura.cl/p/repuesto-polvo-compacto-faces-65g/NATCHL-PADRE9009
Base sérum nude me,NATCHL-110192,"• duración de hasta por 24 horas | • natural como una segunda piel, sin craquelar | • con tecnología oxygen. | • una belleza que une acabado natural con una piel revitalizada. | • 24 horas de duración con efecto Nude Me: natural como una segunda piel, sin arrugas. | • tecnología Complex Oxygen, que permite que la piel respire de forma natural. | • textura ultraligera con cobertura personalizable. | • protege la piel del daño causado por la luz azul. | • para todo tipo de piel excepto acné | • es ligero como el aire porque tiene una textura ultraligera, que garantiza una sensación de ligereza y",https://www.natura.cl/p/base-serum-nude-me-29n-30-ml/NATCHL-110192
Repuesto Base Líquida HD Una,NATCHL-173599,"acabado natural impecable con poderosa acción antiseñales.• 24 horas de duración e hidratación • 100% aprobada por consumidoras • menos 9% arrugas y líneas en 4 semanas • textura ligera y aterciopelada que se funde perfectamente con la piel • base con cobertura alta y alta definición • piel uniforme e imperceptible a simple vista • poderosa acción antiseñales con retinol, péptidos y bioactivo, que provoca una verdadera transformación de tu piel. contiene 1 repuesto de 30 ml con base en el color seleccionado.",https://www.natura.cl/p/repuesto-base-liquida-hd-una-30-ml/NATCHL-173599
Repuesto Shampoo Infantil 2 en 1 Naturé 250ml,NATCHL-102407,"Repuesto Shampoo 2 en 1 Naturé Para todo tipo de cabellos. Cabello hasta 8 veces más fácil de peinar.Tiene acción anti-frizz por hasta 24 horasFacilita el desenredado y evita roturas. Mantiene y refuerza la microbiota del cuero cabelludo.Sin lágrimas.Comprando repuestos reduces hasta un 70% la cantidad de plástico que va al medio ambiente.La fórmula, de eficacia comprobada, está aprobada por pediatras y elegida por padres.El packaging con Naturés es una invitación para que los niños jueguen en la naturaleza.Fragancia inspirada en la naturaleza.Contenido250 mlSobre la marca Naturé:Diversión y a",https://www.natura.cl/p/repuesto-shampoo-2-en-1-nature-250-ml/NATCHL-102407
Shampoo Anticaída y Crecimiento Lumina 300ml,NATCHL-147421,• limpia y estimula el cuero cabelludo | • 2 veces menos caída por quiebre* | • fortalece el cabello desde la raíz | • resistencia | • limpieza suave y eficaz,https://www.natura.cl/p/shampoo-estimulante-300-ml/NATCHL-147421
Corrector Cushion Nude Me 12G,NATCHL-107128,• resistente al agua y al sudor | • duración de 24 horas | • controla el brillo de la piel | • puede usarse en todo el rostro | • probado dermatológicamente | • cruelty free | • textura: ligera | • subtono: neutro | • zona de aplicación: rostro,https://www.natura.cl/p/corrector-cushion-nude-me-27n-12-ml/NATCHL-107128
Repuesto Acondicionador Antioleosidad Lumina 300ml,NATCHL-147445,• nuevos empaques y aún más tecnología para cuidar tu cabello | • con BioProteína de Triple Acción y activo Dermoregulador | • sistema que controla la oleosidad sin efecto rebote* | • un paso esencial en tu ritual | • fórmula que deja el cabello 4 veces más hidratado sin apelmazar | • tipo de cabello: todo tipo de cabello | • cruelty free | • vegano | • tipo de tratamiento: antioleosidad,https://www.natura.cl/p/repuesto-acondicionador-leve-300-ml/NATCHL-147445
Repuesto Acondicionador Anticaída Murumuru Ekos 300ml,NATCHL-112775,"• acción antidaños | • reconstruye la fibra capilar | • cabello restaurado, desenredado y nutrido | • elaborado con manteca cruda de murumuru, que combate la sequedad y los daños en el cabello | • potente restaurador de la fibra capilar | • perfuma tu cabello con la cremosidad del sándalo, notas de ámbar y matices florales | • fórmula con 97% de ingredientes de origen natural, sin parabenos ni siliconas | • producto vegano y libre de crueldad animal",https://www.natura.cl/p/repuesto-acondicionador-murumuru-ekos-300ml/NATCHL-112775
Máscara restauradora para cabellos lisos o alisados,NATCHL-167289,"Máscara Restauradora Lumina Restaura profundamente, repone masa reduciendo el adelgazamiento de las puntas, con efecto anti tijeras.Cabellos con efecto 4X más liso y más resistentes, con hasta 3X más fuerza.• Producto vegano • Contra pruebas en animales • Envases ecológicos (plástico 100% verde reciclableContenido250 mlSobre la línea Lumina:Tratamiento capilar de alta tecnología para revelar la belleza única que hay en toda mujer y en todo cabello. Natura Lumina. Tu cabello, tu verdad.Cabello regenerado en la medida exacta de cada daño. Reducción de hasta un 70% en la porosidad de los cabellos",https://www.natura.cl/p/mascara-restauradora-para-cabellos-lisos-o-alisados-250-ml/NATCHL-167289
Máscara Fuerza y Reparación Molecular Lumina 250ml,NATCHL-164505,• 1º paso: aplique a máscara nos fios úmidos evitando a raiz | • 2º paso: deixe agir por 3 minutos e enxágue | • 3º paso: use de 1 a 3 vezes por semana,https://www.natura.cl/p/mascara-lumina-fuerza-y-reparacion-molecular-250-ml/NATCHL-164505
Esmalte De Unas,NATCHL-00013,• acabado cremoso | • esmalte con alta cobertura y secado rápido | • proporciona un look vibrante y moderno | • fácil de aplicar | • uñas increíbles con practicidad y estilo | • uñas fuertes y resistentes | • brillo increíble | • vegano | • fórmula hipoalergénica | • edad sugerida: a partir de 18 años | • hipoalergénico | • cruelty free,https://www.natura.cl/p/esmalte-de-unas-faces-6ml/NATCHL-00013
Máscara Nutrición y Reparación Profunda Lumina 250ml,NATCHL-147418,• nuevos envases | • más tecnología para cuidar tu cabello | • con BioProteína de Triple Acción y Activo Nutrirrevitalización | • sistema que promueve 2 veces más nutrición con reparación y sellado de las fibras capilares* | • un paso esencial en tu ritual de cuidado | • fórmula que reduce el frizz hasta 3 veces menos | • reduce el volumen y las puntas abiertas hasta 2 veces menos | • para todo tipo de cabello | • disponible en repuesto | • cruelty free | • producto vegano | • tipo de tratamiento: nutrición y reparación profunda,https://www.natura.cl/p/mascara-reparadora-250-ml/NATCHL-147418
Kit Ekos Tukumã Limpieza e Hidratación Cuerpo y Manos,NATCHL-234938,"ritual de cuidados con la potencia antiedad del tukumã para la piel.• hecho con aceite y manteca bruta de tukumã, que intensifican la producción de ácido hialurónico en la piel¹ • crema corporal que repara e hidrata por hasta 72 horas • combate los signos de envejecimiento prematuro • doble acción que rellena las capas de la piel • deja la piel más hidratada y uniforme • crema para las manos hidrata por hasta 48 horas • jabón con 100% de aceites vegetales • la línea Ekos Tukumã contribuye a la regeneración de la Amazonía y fortalece el ingreso de 702 familias guardianas del bosque vinculadas a",https://www.natura.cl/p/kit-ekos-tukuma-limpieza-e-hidratacion-cuerpo-y-manos/NATCHL-234938
Repuesto Crema para peinar Selladora de cutículas Cabellos secos,NATCHL-147406,"• nuevos empaques y aún | • más tecnología para cuidar tu cabello | • con BioProteína de Triple Acción y activo Nutrirrevitalización | • sistema que promueve 2 veces más nutrición con reparación y sellado de las fibras capilares* | • reduce el frizz | • un paso esencial en tu ritual de cuidado | • fórmula que blinda, hidrata y protege las fibras capilares | • tipo de cabello: todo tipo de cabello | • cruelty free | • vegano | • tipo de tratamiento: nutrición y reparación profunda",https://www.natura.cl/p/repuesto-crema-para-peinar-selladora-de-cuticulas-250-ml/NATCHL-147406
Exfoliante Facial Homem,NATCHL-160273,"limpia y exfolia, dejando una sensación de frescura en la piel. • estimula la renovación de la piel • práctico y eficaz, puede ser aplicado hasta 4 veces por semana • ayuda a remover el exceso de oleosidad • remueve las células muertas • previene los vellos encarnados • hecho con óleo de babaçu, que contribuye en el refuerzo de la barrera cutánea y del mecanismo de defensa de la piel • contiene micropartículas exfoliantes de bambú • con exclusiva tecnología DermoTech®, desarrollada especialmente para la piel masculina, que protege contra las agresiones de la rutina • fragancia que combina con ",https://www.natura.cl/p/exfoliante-facial-homem-75-ml/NATCHL-160273
Lapiz Para Labios Faces,NATCHL-00050,• úsalo como quieras | • para dar color o para delinear | • resalta aún más tus labios | • alta cobertura | • testado dermatológicamente | • edad sugerida: a partir de 18 años | • textura ultrasuave | • zona de aplicación: labios | • cruelty free,https://www.natura.cl/p/lapiz-para-labios-faces-14g/NATCHL-00050
Multicorrector Antiseñales Homem,NATCHL-151019,"cuidado práctico y eficiente para la piel masculina, ideal para una rutina agitada. • reduce la intensidad de las arrugas y líneas de expresión • hidrata desde el primer uso • controla la oleosidad de la piel • fórmula con FPS 30 • con exclusiva tecnología DermoTech®, desarrollada especialmente para la piel masculina, que protege contra las agresiones de la rutina • 100% de los hombres afirman haber quedado con la piel más cuidada y saludable* • hasta 100% de los hombres dicen presentar reducción de la intensidad* de las arrugas y líneas de expresión • fragancia que combina con todas las perfu",https://www.natura.cl/p/multicorrector-antisenales-homem-40-g/NATCHL-151019
Labial Cc Hidratante Fps 25 Una,NATCHL-92536,"• alta cobertura | • larga duración | • recupera la firmeza de los labios* | • reduce líneas* | • uniformiza la textura de los labios* | • hidrata por 24h | • recupera la suavidad | • ingredientes de origen natural: sésamo, cacao y ceramidas de maracuyá | • contribuye a la firmeza de los labios | • aumenta el volumen | • acción antiarrugas, con protección UVA y FPS25 | • acabado cremoso | • cobertura: alta | • testado dermatológicamente | • protección solar: FPS 25 | • cruelty free | • textura: cremosa y confortable | • zona de aplicación: labios | • beneficios obtenidos con el uso continuo de",https://www.natura.cl/p/labial-cc-hidratante-fps-25-nude-2c-38g/NATCHL-92536
Desmaquillante líquido para rostro Faces,NATCHL-117124,• remueve el maquillaje común y a prueba de agua | • elimina residuos de contaminación e impurezas | • elimina el exceso de oleosidad de la piel | • fórmula suave y libre de aceite (oil free) | • ideal para todo tipo de piel,https://www.natura.cl/p/desmaquillante-liquido-para-rostro-faces---120-ml/NATCHL-117124
Kaiak Shampoo Urbe cabello y cuerpo congelados,NATCHL-218359,"limpia y perfuma con la frescura de la línea Kaiak Urbe• producto 2 en 1: limpia el cabello y el cuerpo con ligereza y frescura • fragancia refrescante y suave que no deja sensación pesada ni reseca la piel ni el cuero cabelludo • libre de gluten, ideal para personas con sensibilidad o intolerancia a esta proteína • dermatológicamente probado",https://www.natura.cl/p/kaiak-shampoo-urbe-cabello-y-cuerpo-congelados-100-ml/NATCHL-218359
Acondicionador Reconstrucción de Daños Extremos Lumina 300ml,NATCHL-148442,"• nuevos envases | • nueva fragancia | • más tecnología | • con BioProteína Triple Acción y Activo Reconstrutor | • reconstruye hasta el 89% de los daños extremos | • previene hasta 2,9 veces los daños futuros* | • acondicionador Provitalidad para Cabello Químicamente Dañado | • promueve 2 veces más reparación interna de las hebras | • cabello 2 veces más fácil de peinar | • tipo de cabello: todo tipo de cabello | • con repuesto disponible | • cruelty free | • vegano | • tipo de tratamiento: reconstrucción de daños extremos",https://www.natura.cl/p/acondicionador-provitalidad-300-ml/NATCHL-148442
Lápiz Labial Retráctil PRO Una,NATCHL-204430,"alta precisión con color intenso.• fórmula pigmentada y a prueba de agua • contorno preciso de larga duración • acabado semi-mate • con aceite de jojoba: hidratación labial, que cuida de resequedad y fisuras en la región de la boca • fórmula con tecnología de partículas.",https://www.natura.cl/p/lapiz-labial-retractil-pro-una-35-g/NATCHL-204430
Pincel PRO iluminador,NATCHL-105713,"Pincel PRO iluminador UnaPincel PRO iluminadorCerdas suaves en formato redondeado, ideal para aplicar el iluminador de forma homogénea. Esfumado perfecto con acabado natural y uniforme.Ideal para: Iluminador en polvo, líquido o cremoso.Sobre la línea UnaNatura UNA es una línea premium y sofisticada de maquillaje, que despierta el placer por los sentidos. Uniendo performance y tecnología con ingredientes naturales que cuidan la piel de una manera única y que buscan resultados profesionales.",https://www.natura.cl/p/pincel-pro-iluminador-una/NATCHL-105713
Pincel PRO corrector,NATCHL-105714,"Pincel PRO corrector UnaPincel PRO correctorCerdas suaves en formato redondeado que se adaptan a todas las regiones del rostro. Garantiza una esfumado ideal, logrando un acabado natural y uniforme.Ideal para: Corrector cremoso o líquido.Sobre la línea UnaNatura UNA es una línea premium y sofisticada de maquillaje, que despierta el placer por los sentidos. Uniendo performance y tecnología con ingredientes naturales que cuidan la piel de una manera única y que buscan resultados profesionales.",https://www.natura.cl/p/pincel-pro-corrector-una/NATCHL-105714
Repuesto Crema Hidratante para el Cuerpo Ekos Ucuuba,NATCHL-203409,"2 veces más elastina en tu piel con la potencia antiflacidez de la ucuuba.*• hidratante corporal que protege, hidrata y retonifica la piel • rica en manteca bruta de ucuuba, que estimula la producción natural de colágeno y elastina • deja la piel firme y tonificada • la línea Ekos Ucuuba contribuye a la regeneración de la Amazonía y ayuda a fortalecer los ingresos de 1054 familias guardianas de la selva vinculadas a la cosecha sustentable *resultado comprobado por prueba in vitro con el activo• 97% de origen natural.",https://www.natura.cl/p/repuesto-crema-hidratante-para-el-cuerpo-ekos-ucuuba-400-ml/NATCHL-203409
Repuesto Máscara Anticaída y Crecimiento Lumina 250ml,NATCHL-147407,"• nuevos empaques | • más tecnología para cuidar tu cabello | • con BioProteína de Triple Acción y activo Dermoactivador | • sistema que combate la caída | • acelera el crecimiento hasta 3 veces | • deja el cabello hasta 9 veces más fuerte* | • un paso esencial en tu ritual | • fórmula que actúa profundamente en las fibras capilares | • más fuerza, nutrición y brillo | • tipo de cabello: todo tipo de cabello | • cruelty free | • vegano | • tipo de tratamiento: anticaída y crecimiento",https://www.natura.cl/p/repuesto-mascara-antiquiebre-250-ml/NATCHL-147407
Lápiz Labial Retráctil PRO Una,NATCHL-204434,"alta precisión con color intenso.• fórmula pigmentada y a prueba de agua • contorno preciso de larga duración • acabado semi-mate • con aceite de jojoba: hidratación labial, que cuida de resequedad y fisuras en la región de la boca • fórmula con tecnología de partículas.",https://www.natura.cl/p/lapiz-labial-retractil-pro-una-35-g/NATCHL-204434
,NATCHL-140032,UNA BATOM INTRANSF VERMELHO 2M 7ML,https://www.natura.cl/p/una-batom-intransf-vermelho-2m-7ml/NATCHL-140032
Gloss Labial Hidratación Activa Una,NATCHL-164821,"brillo sofisticado con acción de relleno labial.• 72 horas de hidratación activa • aumento de la hidratación de los labios en un 100%* • brillo sofisticado que no se pega y no corre • textura cómoda y no pegajosa que se desliza fácilmente • rellena y da volumen a los labios • con tecnología duo cromo: pigmentos y microesferas inteligentes que proporcionan brillo duocromo – el color cambia según la luz o el ángulo • fórmula enriquecida con ácido hialurónico, escualano y manteca de tukumã. *datos obtenidos a través de estudio clínico con evaluación instrumental de la hidratación de la piel.",https://www.natura.cl/p/gloss-labial-hidratacion-activa-una-5-ml/NATCHL-164821
Repuesto Crema Nutritiva para el Cuerpo Tododia Mora y Flor de Durazno,NATCHL-181339,aprovecha el verano con la hidratación refrescante de mora y flor de durazno.• piel más firme y ultrasuave • combinación balanceada de ingredientes naturales • nutrición prebiótica que se adapta a los cambios de tu piel • efecto refrescante: tecnología que refresca y calma la piel • recupera instantáneamente la piel de las agresiones del mar y de la pileta • protege la piel de los efectos de resecamiento causados por el agua del mar y de la pileta • textura fácil de esparcir y de rápida absorción • Mora y Flor de Durazno es una fragancia para dejar tu noche de verano aún más romántica y envolv,https://www.natura.cl/p/repuesto-crema-nutritiva-para-el-cuerpo-tododia-mora-y-flor-de-durazno-400-ml/NATCHL-181339
Repuesto Crema Corporal Nutrición Radiante Tododia Pera y Flor de Loto,NATCHL-206232,"piel 4 veces más hidratada.• nutre y ayuda en la recuperación de la uniformidad de la piel • textura cremosa y fácil de aplicar, con rápida absorción • enriquecido con niacinamida, pantenol y aceite de sésamo • Tecnología Prebiótica que se adapta a los cambios de tu piel.",https://www.natura.cl/p/repuesto-crema-corporal-nutricion-radiante-tododia-pera-y-flor-de-loto-400-ml/NATCHL-206232
,NATCHL-140019,UNA BATOM INTRANSF NUDE 2C INTEN 7ML,https://www.natura.cl/p/una-batom-intransf-nude-2c-inten-7ml/NATCHL-140019
Jabón líquido cremoso ducha en las nubes Tododia té de manzanilla y lavanda,NATCHL-159711,"Jabón líquido cremoso ducha en las nubes Tododia té de manzanilla y lavandaLimpieza delicada y piel hidratada. Espuma cremosa y envolvente. Contiene una fragancia relajante.Modo de usoUso con o sin esponja, aplicar sobre la piel húmeda con movimientos circulares. Enjuagar enseguida. Disfrutar del momento y relajarse.Contenido300 ml""Sobre la línea TododiaCuando la piel siente, todo el cuerpo reacciona, la piel nos reconecta con el presente y al nutrirla, alimentamos también nuestro sentir. Tododia ofrece una línea de cremas nutritivas corporales de fragancias envolventes y texturas cremosas. Pe",https://www.natura.cl/p/jabon-liquido-cremoso-ducha-en-las-nubes-tododia-te-de-manzanilla-y-lavanda-300-ml/NATCHL-159711
Porta Documentos Creer para Ver,NATCHL-227039,haz un regalo con impacto.• 100% de lo recaudado es invertido para mejorar la educación del país • cuenta con 4 compartimientos para tarjetas • medidas: 10.5 x 8 cms • material: eco cuero.,https://www.natura.cl/p/porta-documentos-creer-para-ver-1-unidad/NATCHL-227039
Desodorante Corporal en Spray Meu Primeiro Humor,NATCHL-56744,"• Perfuma todo el cuerpo | • Protege contra los olores de la transpiración | • Producto sin sales de aluminio | • Envase ligero y práctico con traba en la tapa, ideal para llevar y usar cuando quieras | • Producto con repuesto",https://www.natura.cl/p/desodorante-corporal-en-spray-meu-primeiro-humor-100ml/NATCHL-56744
Repuesto Máscara Brillo y Protección del Color Lumina 220ml,NATCHL-148444,• nuevos envases | • más tecnología para cuidar tu cabello | • con BioProteína Triple Acción y Activo Esqualano Vegetal | • sistema que prolonga el color hasta por 12 semanas | • cabello 3 veces más luminoso* | • un paso esencial en tu ritual | • fórmula que rellena la cutícula | • protege el cabello de las agresiones diarias | • promueve 7 veces más hidratación | • tipo de cabello: todos los tipos de cabello | • cruelty free | • vegano | • tipo de tratamiento: brillo y protección del color,https://www.natura.cl/p/mascara-de-blindaje-lumina-brillo-y-proteccion-del-color-220-ml/NATCHL-148444
Sérum intensivo lifting y firmeza,NATCHL-169247,"• efecto de piel más lisa y firme desde la primera aplicáción | • protege y estimula los tipos I, III y IV de colágeno en el rostro | • en 7 días: protege el colágeno y la elastina de la piel | • mejora la apariencia de las líneas finas | • en 15 días: incrementa la producción de colágeno tipo I | • mejora la firmeza y aumenta la elasticidad del rostro | • en 30 días: aumenta el colágeno de los tipos I, III y IV | • mejora la sustentación y densidad de la piel*",https://www.natura.cl/p/serum-intensivo-lifting-y-firmeza-chronos-derma-30-ml/NATCHL-169247
Shampoo Fuerza y Reparación Molecular Lumina 300ml,NATCHL-164516,• 1º paso: aplica el shampoo sobre el cabello mojado | • 2º paso: masajea hasta formar espuma y enjuaga a continuación,https://www.natura.cl/p/shampoo-lumina-fuerza-y-reparacion-molecular-300-ml/NATCHL-164516
Labial mate intransferible de larga duración Faces,NATCHL-111427,"el color que acompaña tu ritmoLabial mate intransferible de larga duración Faces Naranja SummerUn labial que dura por hasta 12 horas, no transfiere, puedes utilizarlo para boca y mejillas como también protege de la luz de las pantallas del celular y computador.Contenido5,5 mlSobre la línea Faces:Faces es una marca de belleza urbana para cuidarse, inventarse y reinventarse. Da color y valentía, para expresar tu belleza del espejo hacia adentro y de la puerta hacia afuera. Y salir a la calle con actitudes positivas, que se reflejan en el próximo y en el alrededor. Faces se trata de una belleza e",https://www.natura.cl/p/labial-mate-intransferible-de-larga-duracion-faces-naranja-summer-55-ml/NATCHL-111427
Labial ultracare 24 horas Una,NATCHL-148469,"• tratamiento labial de alto rendimiento | • proporciona hidratación continua por hasta 24 horas | • enriquecido con ingredientes nutritivos | • fórmula que actúa como una barrera protectora contra la resequedad, el clima extremo y los agentes contaminantes | • ideal para el uso diario | • deja los labios visiblemente más suaves, rellenados y cómodos | • envase práctico de 7 ml | • perfecto para llevar contigo y reaplicar cuando quieras | • para todo tipo de piel",https://www.natura.cl/p/labial-ultracare-24-horas-una-violeta-10c-8-ml/NATCHL-148469
Crema Nutritiva para el Cuerpo Tododia Mora y Flor de Durazno,NATCHL-181896,aprovecha el verano con la hidratación refrescante de mora y flor de durazno.• piel más firme y ultrasuave • combinación balanceada de ingredientes naturales • nutrición prebiótica que se adapta a los cambios de tu piel • efecto refrescante: tecnología que refresca y calma la piel • recupera instantáneamente la piel de las agresiones del mar y de la pileta • protege la piel de los efectos de resecamiento causados por el agua del mar y de la pileta • textura fácil de esparcir y de rápida absorción • Mora y Flor de Durazno es una fragancia para dejar tu noche de verano aún más romántica y envolv,https://www.natura.cl/p/crema-nutritiva-para-el-cuerpo-tododia-mora-y-flor-de-durazno-400-ml/NATCHL-181896
Rubor Faces,NATCHL-00062,• textura suave | • dejándola con un aspecto saludable | • llevar contigo a todos lados | • reaplica cuantas veces quieras | • dermatológicamente probado | • edad recomendada: a partir de los 18 años | • cruelty free | • zona de aplicación: rostro,https://www.natura.cl/p/rubor-faces-3g/NATCHL-00062
Sérum Intensivo Reductor de Oleosidad Chronos Derma,NATCHL-169229,"suero intensivo con acción inmediata y progresiva en los principales signos de la piel grasa.• contra poros, enrojecimiento, espinillas, puntos negros y marcas de acné • inmediatamente: reduce y controla la oleosidad por hasta 12 horas, manteniendo la hidratación • después de 7 días de uso: reduce el tamaño, la cantidad de los poros visibles y el brillo de la piel • después de 15 días de uso: promueve un efecto peeling suave y ayuda en la renovación de la piel. disminuye progresivamente la producción de sebo y mejora el enrojecimiento de la piel • después de 30 días de uso: reduce espinillas y",https://www.natura.cl/p/serum-intensivo-reductor-de-oleosidad-chronos-derma-30-ml/NATCHL-169229
Acondicionador Anticaída y Crecimiento Lumina 300ml,NATCHL-147444,• combate la caída por rotura | • promueve 6 veces más resistencia | • más hidratación | • cabello 8 veces más fácil de peinar con hasta 9 veces más fuerza* | • nuevo envase | • fórmula con BioProteína Triple Acción + Activo Dermoactivador | • acción intensiva y resultados comprobados desde la primera aplicación* | • producto vegano,https://www.natura.cl/p/acondicionador-fortificante-300-ml/NATCHL-147444
Base Powder UNA,NATCHL-127777,"24 horas de alta cobertura. piel matte e hidratadaBase Powder Una24Horas de cobertura matte.Estimula el ácido hialurónico de la piel. Tiene una textura aterciopelada que combina la cobertura de una base con ligereza de un polvo.Contenido20 gSobre la línea UnaNatura UNA es una línea premium y sofisticada de maquillaje, que despierta el placer por los sentidos. Uniendo performance y tecnología con ingredientes naturales que cuidan la piel de una manera única y que buscan resultados profesionales.",https://www.natura.cl/p/base-powder-una-35c-20-g/NATCHL-127777
Manteca Unificadora de Tono Tododia Pera y Flor de Loto,NATCHL-190393,"piel restaurada en 2 semanas.• piel visiblemente más uniforme y iluminada • reducción de hasta 64% de los radicales libres de la piel • para zonas con tono desigual, como entrepiernas, axilas, codos y rodillas • enriquecido con niacinamida, pantenol y aceite de sésamo • tecnología prebiótica que se adapta a los cambios de tu piel.",https://www.natura.cl/p/manteca-unificadora-de-tono-tododia-pera-y-flor-de-loto-200-g/NATCHL-190393
kit Ekos Cupuaçú Exfoliante y Jabon,NATCHL-256134,"renovación celular para una piel más suave y lisa• crema exfoliante que promueve la reducción y prevención de pelos encarnados en 7 días • potencia la firmeza y elasticidad de la piel en 7 días* • mejora la textura de la piel, con disminución visible del efecto piel de naranja • exfoliante corporal que elimina células muertas e impurezas • exfolia la piel y promueve hidratación por 72 horas • potencia la producción de colágeno natural de la piel • promueve colágeno y protege la elastina natural de la piel • perfuma la piel con fragancia frutal cítrica dulce • jabones en barra que promueven una",https://www.natura.cl/p/kit-natura-ekos-cupuacu-exfoliante-y-jabon-2-productos/NATCHL-256134
Máscara Volume Fever Natura Faces,NATCHL-86642,"Mascara Volume Fever Faces 7mlLa Máscara Volume Fever Natura Faces te dejará con las pestañas más increíbles que hayas visto, con un volumen maravilloso desde la primera aplicación. Posee fórmulacon D-pantenol, que auxilia en la hidratación de las pestañas​ y evita que se quiebren",https://www.natura.cl/p/mascara-volume-fever-faces-7ml/NATCHL-86642
Perfume para cabello Finalizador Lumina 30ml,NATCHL-148167,"• neutraliza olores residuales del ambiente | • da brillo al cabello | • posee efecto antifrizz | • fórmula ligera que no reseca el cabello | • ideal para acompañarte durante todo el día | • nuevo envase | • fragancia moderna y original que combina la frescura de las hojas verdes con la lima de Persia, la feminidad del ramo floral y la sofisticación del ámbar y las maderas",https://www.natura.cl/p/esencia-natura-lumina-30-ml/NATCHL-148167
Labial Extremo Confort Fps 25 Una,NATCHL-17275,"Labial extremo confort FPS 25 Naranja 8c - 3,8gLabial extremo confort FPS 25 Naranja 8c Un labial indispensable en tu maquillajeContenido3,8 gSobre la línea UnaNatura UNA es una línea premium y sofisticada de maquillaje, que despierta el placer por los sentidos. Uniendo performance y tecnología con ingredientes naturales que cuidan la piel de una manera única y que buscan resultados profesionales.",https://www.natura.cl/p/labial-extremo-confort-fps-25-naranja-8c-38g/NATCHL-17275
Acondicionador Brillo y Protección del Color Lumina 300ml,NATCHL-148433,• nuevos empaques | • más tecnología para cuidar tu cabello | • con BioProteína de Triple Acción y activo Escualano Vegetal | • sistema que prolonga el color hasta por 12 semanas | • cabello 3 veces más luminoso* | • acondicionador protector para cabello opaco o teñido | • un paso esencial en este ritual | • fórmula que combate la porosidad | • deja el cabello 8 veces más suave | • tipo de cabello: todo tipo de cabello | • con repuesto | • cruelty free | • vegano | • tipo de tratamiento: brillo y protección del color,https://www.natura.cl/p/acondicionador-protector-300-ml/NATCHL-148433
Shampoo Brillo y Protección del Color Lumina 300ml,NATCHL-148176,• nuevos empaques | • más tecnología para cuidar tu cabello | • con BioProteína de Triple Acción y activo Escualano Vegetal | • sistema que prolonga el color hasta por 12 semanas | • cabello 3 veces más luminoso* | • shampoo revitalizante para cabello opaco o teñido | • un paso esencial en este ritual | • fórmula que limpia suavemente | • elimina los residuos acumulados en el cuero cabelludo y en el cabello | • intensifica el brillo del cabello | • tipo de cabello: todo tipo de cabello | • posee repuesto | • cruelty free | • vegano | • tipo de tratamiento: brillo y protección del color,https://www.natura.cl/p/shampoo-revitalizante-300-ml/NATCHL-148176
Repuesto Máscara Lumina Restauración y Liso Prolongado,NATCHL-167295,"restaura profundamente y repone la densidad reduciendo el afinamiento de las puntas, con efecto anti quiebre. • repuesto más económico y sostenible: 79% menos plástico que el envase original • resultado de salón en casa por hasta 4 semanas • 3 veces más fuerza • repone masa y reconstruye las puntas evitando el corte con tijeras • cabellos más nutridos y profundamente reparados • restauración inmediata • el uso progresivo potencia los resultados • 4 veces más efecto liso en los cabellos y protección contra la humedad por hasta 4 días* • fragancia moderna y original. combina la frescura de la ma",https://www.natura.cl/p/repuesto-mascara-lumina-restauracion-y-liso-prolongado-250-ml/NATCHL-167295
Crema Hidratante para el Cuerpo Ekos Açaí,NATCHL-203398,"piel 2 veces más iluminada con la potencia antioxidante del açaí*.• hidrata por hasta 72 horas • protege, reenergiza y deja la piel radiante y con aspecto saludable • hecho con extracto y aceite bruto de açaí, que poseen acción antioxidante y combaten los radicales libres • doble acción para una piel hidratada y uniforme desde la primera aplicación • la línea Ekos Açaí contribuye a la regeneración de la selva y fortalece los ingresos de 368 familias guardianas de la Amazonía • 97% de origen natural. *porcentaje de participantes con resultados positivos en la evaluación del atributo mencionado",https://www.natura.cl/p/crema-hidratante-para-el-cuerpo-ekos-acai-400-ml/NATCHL-203398
Protector antioleosidad reductor de poros FPS 30 Chronos,NATCHL-168743,• absorbe la oleosidad | • minimiza los poros e hidrata la piel | • amplia protección contra los rayos UVA/UVB | • producto incoloro | • FPS 30,https://www.natura.cl/p/protector-antioleosidad-reductor-de-poros-fps-30-chronos-50-ml/NATCHL-168743
Repuesto Esencia de tratamiento Chronos,NATCHL-135037,• combinación de potentes bioactivos (ingredientes de la biodiversidad brasileña) y dermoactivos (ingredientes dermatológicos) | • esencia poderosa que une la ligereza del agua con la potencia del tratamiento | • reduce inmediatamente la apariencia de piel cansada y de las arrugas | • potencia hasta en un 50% los resultados de los sérums y activa la vitalidad celular | • ocasión: tratamiento | • tipo de piel: todo tipo de piel,https://www.natura.cl/p/repuesto-esencia-de-tratamiento-chronos--100-ml/NATCHL-135037
Kit Definición Completa Lumina,NATCHL-182799,"No lncluye bolsaKit Definición Completa LuminaLimpieza equilibrada sin resecar las puntas. Hidratación dirigida a las puntas. Hasta 7x más hidratación, más brillo y multiprotección. Con exclusiva combinación de activos para hidratación prolongada y protección de radicales libres con resultados comprobados desde la primera aplicación.Contenido1 Shampoo purificante Hidratación y Protección Lumina - 300 ml1 Acondicionador protector Hidratación y Protección Lumina - 300 ml1 Spray para Peinar Antipolución Protector Hidratación Y Protección Lumina - 150 ml Sobre la línea Lumina:Tratamiento capilar d",https://www.natura.cl/p/kit-definicion-completa-lumina/NATCHL-182799
Repuesto Base Líquida HD Una,NATCHL-173592,"acabado natural impecable con poderosa acción antiseñales.• 24 horas de duración e hidratación • 100% aprobada por consumidoras • menos 9% arrugas y líneas en 4 semanas • textura ligera y aterciopelada que se funde perfectamente con la piel • base con cobertura alta y alta definición • piel uniforme e imperceptible a simple vista • poderosa acción antiseñales con retinol, péptidos y bioactivo, que provoca una verdadera transformación de tu piel. contiene 1 repuesto de 30 ml con base en el color seleccionado.",https://www.natura.cl/p/repuesto-base-liquida-hd-una-30-ml/NATCHL-173592
